observation_id,search_timestamp,travel_date,advance_purchase_days,origin_raw,destination_raw,origin_airport,destination_airport,route_id,carrier_code,airline_name,flight_number,cabin_class,fare_class,fare_family,stops,duration_minutes,departure_time_local,arrival_time_local,base_fare,taxes_total,fees_charges,gst_amount,fuel_surcharge,total_fare,currency,source_platform,source_url,collection_method,raw_payload,raw_payload_sha256,observation_key,quote_fingerprint,normalization_status,validation_status,validation_reasons,horizon_code,basket_status,fare_breakdown_status,search_ts
647b2f5d-37df-4fbd-baf5-82d3b33c77cd,2026-09-09T12:24:41.844607+00:00,2026-09-10,1,DEL,BOM,DEL,BOM,DEL-BOM,AI,Air India,,ECONOMY,,,0,140,5:00 AM,5:00 AM,,,,,,6314.0,INR,google_flights,https://www.google.com/travel/flights?q=Flights+to+BOM+from+DEL+on+2026-09-10,html_fetch:fast-flights,DEL-BOM_apw01_20260909T122441Z_4ceef8843e8f.html.gz,4ceef8843e8fa0277343f5a6de663d32358e7363c087d54d57443d16677b4e0b,DEL-BOM|2026-09-10|1|20260909T122441Z,38f88700381e49d42d4a7b6f46ba9a33b4caa816fbaa93e70ee44713f96e8e8d,NORMALIZED,PENDING,"[""fare_components_unavailable_from_source""]",H01,CANDIDATE,TOTAL_ONLY,2026-09-09 12:24:41.844607+00:00
9c483a14-cf3a-4208-bc42-80e5e60f074c,2026-09-09T12:24:41.844607+00:00,2026-09-10,1,DEL,BOM,DEL,BOM,DEL-BOM,6E,IndiGo,,ECONOMY,,,0,135,11:30 PM,11:30 PM,,,,,,6425.0,INR,google_flights,https://www.google.com/travel/flights?q=Flights+to+BOM+from+DEL+on+2026-09-10,html_fetch:fast-flights,DEL-BOM_apw01_20260909T122441Z_4ceef8843e8f.html.gz,4ceef8843e8fa0277343f5a6de663d32358e7363c087d54d57443d16677b4e0b,DEL-BOM|2026-09-10|1|20260909T122441Z,26c76c3347a38c6c6e476b194f4a5e5bff51dde4985a92ab1621c2d9b2f8d2dc,NORMALIZED,PENDING,"[""fare_components_unavailable_from_source""]",H01,CANDIDATE,TOTAL_ONLY,2026-09-09 12:24:41.844607+00:00
2c4397a1-29cf-4d4a-895c-43a8dc6c14aa,2026-09-09T12:24:41.844607+00:00,2026-09-10,1,DEL,BOM,DEL,BOM,DEL-BOM,QP,Akasa Air,,ECONOMY,,,0,140,4:00 PM,4:00 PM,,,,,,6880.0,INR,google_flights,https://www.google.com/travel/flights?q=Flights+to+BOM+from+DEL+on+2026-09-10,html_fetch:fast-flights,DEL-BOM_apw01_20260909T122441Z_4ceef8843e8f.html.gz,4ceef8843e8fa0277343f5a6de663d32358e7363c087d54d57443d16677b4e0b,DEL-BOM|2026-09-10|1|20260909T122441Z,2e5b70af517e404a88f50889d208152ae08ff954f8d60a044c1cc1ca7f3455c6,NORMALIZED,PENDING,"[""fare_components_unavailable_from_source""]",H01,CANDIDATE,TOTAL_ONLY,2026-09-09 12:24:41.844607+00:00
c7b2762f-b71b-47ae-b827-37cce7f690e4,2026-09-09T12:24:41.844607+00:00,2026-09-10,1,DEL,BOM,DEL,BOM,DEL-BOM,6E,IndiGo,,ECONOMY,,,1,290,9:00 AM,9:00 AM,,,,,,6195.0,INR,google_flights,https://www.google.com/travel/flights?q=Flights+to+BOM+from+DEL+on+2026-09-10,html_fetch:fast-flights,DEL-BOM_apw01_20260909T122441Z_4ceef8843e8f.html.gz,4ceef8843e8fa0277343f5a6de663d32358e7363c087d54d57443d16677b4e0b,DEL-BOM|2026-09-10|1|20260909T122441Z,81f73c21cc16499490e6d214d9745660dea3cb35c923c8ad350bca515d1bab22,NORMALIZED,PENDING,"[""fare_components_unavailable_from_source""]",H01,CANDIDATE,TOTAL_ONLY,2026-09-09 12:24:41.844607+00:00
066b0f77-c85a-44ce-9d9e-f46f02574c36,2026-09-09T12:24:41.844607+00:00,2026-09-10,1,DEL,BOM,DEL,BOM,DEL-BOM,6E,IndiGo,,ECONOMY,,,1,335,2:00 PM,2:00 PM,,,,,,6195.0,INR,google_flights,https://www.google.com/travel/flights?q=Flights+to+BOM+from+DEL+on+2026-09-10,html_fetch:fast-flights,DEL-BOM_apw01_20260909T122441Z_4ceef8843e8f.html.gz,4ceef8843e8fa0277343f5a6de663d32358e7363c087d54d57443d16677b4e0b,DEL-BOM|2026-09-10|1|20260909T122441Z,5a3c1d358bb6a8a71e0bc0f2ee4ccecf26e8279bb10f7c20a1af96c5afa230f0,NORMALIZED,PENDING,"[""fare_components_unavailable_from_source""]",H01,CANDIDATE,TOTAL_ONLY,2026-09-09 12:24:41.844607+00:00
f70d3d1d-2ff9-4d11-9861-01d624df63f2,2026-09-09T12:24:41.844607+00:00,2026-09-10,1,DEL,BOM,DEL,BOM,DEL-BOM,6E,IndiGo,,ECONOMY,,,0,135,5:00 AM,5:00 AM,,,,,,6425.0,INR,google_flights,https://www.google.com/travel/flights?q=Flights+to+BOM+from+DEL+on+2026-09-10,html_fetch:fast-flights,DEL-BOM_apw01_20260909T122441Z_4ceef8843e8f.html.gz,4ceef8843e8fa0277343f5a6de663d32358e7363c087d54d57443d16677b4e0b,DEL-BOM|2026-09-10|1|20260909T122441Z,0aa1018145687946d3324a67da46580e7c943a489d1d2d25cede01cb0035e35a,NORMALIZED,PENDING,"[""fare_components_unavailable_from_source""]",H01,CANDIDATE,TOTAL_ONLY,2026-09-09 12:24:41.844607+00:00
368fee69-3e36-4d62-bc09-9a2422724d2f,2026-09-09T12:24:41.844607+00:00,2026-09-10,1,DEL,BOM,DEL,BOM,DEL-BOM,6E,IndiGo,,ECONOMY,,,0,145,9:30 AM,9:30 AM,,,,,,6425.0,INR,google_flights,https://www.google.com/travel/flights?q=Flights+to+BOM+from+DEL+on+2026-09-10,html_fetch:fast-flights,DEL-BOM_apw01_20260909T122441Z_4ceef8843e8f.html.gz,4ceef8843e8fa0277343f5a6de663d32358e7363c087d54d57443d16677b4e0b,DEL-BOM|2026-09-10|1|20260909T122441Z,2c60eb98bda94b73945ed1c6b138837ed9e32eb514619a2d5d61d3ee5da59a08,NORMALIZED,PENDING,"[""fare_components_unavailable_from_source""]",H01,CANDIDATE,TOTAL_ONLY,2026-09-09 12:24:41.844607+00:00
fcc6183a-e9ba-4320-92bc-a21b8bb32532,2026-09-09T12:24:41.844607+00:00,2026-09-10,1,DEL,BOM,DEL,BOM,DEL-BOM,6E,IndiGo,,ECONOMY,,,0,140,10:15 AM,10:15 AM,,,,,,6425.0,INR,google_flights,https://www.google.com/travel/flights?q=Flights+to+BOM+from+DEL+on+2026-09-10,html_fetch:fast-flights,DEL-BOM_apw01_20260909T122441Z_4ceef8843e8f.html.gz,4ceef8843e8fa0277343f5a6de663d32358e7363c087d54d57443d16677b4e0b,DEL-BOM|2026-09-10|1|20260909T122441Z,bca1585e10e2aa18479e71b5256c969eab03df819cb985c796a040d6ab4a2aee,NORMALIZED,PENDING,"[""fare_components_unavailable_from_source""]",H01,CANDIDATE,TOTAL_ONLY,2026-09-09 12:24:41.844607+00:00
e1d1deec-458c-432c-9480-181c408dee32,2026-09-09T12:24:41.844607+00:00,2026-09-10,1,DEL,BOM,DEL,BOM,DEL-BOM,6E,IndiGo,,ECONOMY,,,0,135,12:00 PM,12:00 PM,,,,,,6425.0,INR,google_flights,https://www.google.com/travel/flights?q=Flights+to+BOM+from+DEL+on+2026-09-10,html_fetch:fast-flights,DEL-BOM_apw01_20260909T122441Z_4ceef8843e8f.html.gz,4ceef8843e8fa0277343f5a6de663d32358e7363c087d54d57443d16677b4e0b,DEL-BOM|2026-09-10|1|20260909T122441Z,4544a2d0bbf82ffc33e5ee180b2fdd9c8f9079da59892339edfa4714c074a0d7,NORMALIZED,PENDING,"[""fare_components_unavailable_from_source""]",H01,CANDIDATE,TOTAL_ONLY,2026-09-09 12:24:41.844607+00:00
506be2ee-3605-4e46-853e-466c5f75ae1d,2026-09-09T12:24:41.844607+00:00,2026-09-10,1,DEL,BOM,DEL,BOM,DEL-BOM,6E,IndiGo,,ECONOMY,,,0,130,1:00 PM,1:00 PM,,,,,,6425.0,INR,google_flights,https://www.google.com/travel/flights?q=Flights+to+BOM+from+DEL+on+2026-09-10,html_fetch:fast-flights,DEL-BOM_apw01_20260909T122441Z_4ceef8843e8f.html.gz,4ceef8843e8fa0277343f5a6de663d32358e7363c087d54d57443d16677b4e0b,DEL-BOM|2026-09-10|1|20260909T122441Z,432928d639f8f93e702e1161b88ff357c5566e38b09ae7af7a558458e61465ad,NORMALIZED,PENDING,"[""fare_components_unavailable_from_source""]",H01,CANDIDATE,TOTAL_ONLY,2026-09-09 12:24:41.844607+00:00
3bcd642f-38bc-4742-82de-cb956ea02eb4,2026-09-09T12:24:41.844607+00:00,2026-09-10,1,DEL,BOM,DEL,BOM,DEL-BOM,6E,IndiGo,,ECONOMY,,,0,145,2:00 PM,2:00 PM,,,,,,6425.0,INR,google_flights,https://www.google.com/travel/flights?q=Flights+to+BOM+from+DEL+on+2026-09-10,html_fetch:fast-flights,DEL-BOM_apw01_20260909T122441Z_4ceef8843e8f.html.gz,4ceef8843e8fa0277343f5a6de663d32358e7363c087d54d57443d16677b4e0b,DEL-BOM|2026-09-10|1|20260909T122441Z,a0c24630cce0fcc036915805d019a0d3ac25ca4946ce7a18b9e76986ed304f45,NORMALIZED,PENDING,"[""fare_components_unavailable_from_source""]",H01,CANDIDATE,TOTAL_ONLY,2026-09-09 12:24:41.844607+00:00
5dad0430-fde5-4b6a-bbf7-bc549fc74291,2026-09-09T12:24:41.844607+00:00,2026-09-10,1,DEL,BOM,DEL,BOM,DEL-BOM,6E,IndiGo,,ECONOMY,,,0,135,2:45 PM,2:45 PM,,,,,,6425.0,INR,google_flights,https://www.google.com/travel/flights?q=Flights+to+BOM+from+DEL+on+2026-09-10,html_fetch:fast-flights,DEL-BOM_apw01_20260909T122441Z_4ceef8843e8f.html.gz,4ceef8843e8fa0277343f5a6de663d32358e7363c087d54d57443d16677b4e0b,DEL-BOM|2026-09-10|1|20260909T122441Z,0437ea73b42bcea333a8e962310d5d4d3768f7e65d5a0ac28a272cad290de6b0,NORMALIZED,PENDING,"[""fare_components_unavailable_from_source""]",H01,CANDIDATE,TOTAL_ONLY,2026-09-09 12:24:41.844607+00:00
b98bee33-20a1-4bb2-988b-d9c6277c83fb,2026-09-09T12:24:41.844607+00:00,2026-09-10,1,DEL,BOM,DEL,BOM,DEL-BOM,6E,IndiGo,,ECONOMY,,,0,135,3:30 PM,3:30 PM,,,,,,6425.0,INR,google_flights,https://www.google.com/travel/flights?q=Flights+to+BOM+from+DEL+on+2026-09-10,html_fetch:fast-flights,DEL-BOM_apw01_20260909T122441Z_4ceef8843e8f.html.gz,4ceef8843e8fa0277343f5a6de663d32358e7363c087d54d57443d16677b4e0b,DEL-BOM|2026-09-10|1|20260909T122441Z,30c2056feace74f649275d079728cd9b046cbb884585ccd93797422e71b116d6,NORMALIZED,PENDING,"[""fare_components_unavailable_from_source""]",H01,CANDIDATE,TOTAL_ONLY,2026-09-09 12:24:41.844607+00:00
5e91eae6-0d48-4011-a706-aa64e1202f01,2026-09-09T12:24:41.844607+00:00,2026-09-10,1,DEL,BOM,DEL,BOM,DEL-BOM,6E,IndiGo,,ECONOMY,,,0,140,4:15 PM,4:15 PM,,,,,,6425.0,INR,google_flights,https://www.google.com/travel/flights?q=Flights+to+BOM+from+DEL+on+2026-09-10,html_fetch:fast-flights,DEL-BOM_apw01_20260909T122441Z_4ceef8843e8f.html.gz,4ceef8843e8fa0277343f5a6de663d32358e7363c087d54d57443d16677b4e0b,DEL-BOM|2026-09-10|1|20260909T122441Z,4d73e8f9e378a72fac29ccb474e44bfea5c17b6858df32eefc1f790e793cd580,NORMALIZED,PENDING,"[""fare_components_unavailable_from_source""]",H01,CANDIDATE,TOTAL_ONLY,2026-09-09 12:24:41.844607+00:00
c9ce67dd-f88c-482e-a64e-c90ea708a670,2026-09-09T12:24:41.844607+00:00,2026-09-10,1,DEL,BOM,DEL,BOM,DEL-BOM,6E,IndiGo,,ECONOMY,,,0,140,10:45 PM,10:45 PM,,,,,,6425.0,INR,google_flights,https://www.google.com/travel/flights?q=Flights+to+BOM+from+DEL+on+2026-09-10,html_fetch:fast-flights,DEL-BOM_apw01_20260909T122441Z_4ceef8843e8f.html.gz,4ceef8843e8fa0277343f5a6de663d32358e7363c087d54d57443d16677b4e0b,DEL-BOM|2026-09-10|1|20260909T122441Z,368e9f8c348cab55e3669da38d5561917203724e50a22e2d553722e11b0afec1,NORMALIZED,PENDING,"[""fare_components_unavailable_from_source""]",H01,CANDIDATE,TOTAL_ONLY,2026-09-09 12:24:41.844607+00:00
85f9c2bd-ee20-4158-81f4-45fce8afb8ac,2026-09-09T12:24:41.844607+00:00,2026-09-10,1,DEL,BOM,DEL,BOM,DEL-BOM,AI,Air India,,ECONOMY,,,0,150,9:30 AM,9:30 AM,,,,,,6582.0,INR,google_flights,https://www.google.com/travel/flights?q=Flights+to+BOM+from+DEL+on+2026-09-10,html_fetch:fast-flights,DEL-BOM_apw01_20260909T122441Z_4ceef8843e8f.html.gz,4ceef8843e8fa0277343f5a6de663d32358e7363c087d54d57443d16677b4e0b,DEL-BOM|2026-09-10|1|20260909T122441Z,b89eb822fa0cf254825ab73f53f9ba7523b38713fe94295718d74525413dcc1f,NORMALIZED,PENDING,"[""fare_components_unavailable_from_source""]",H01,CANDIDATE,TOTAL_ONLY,2026-09-09 12:24:41.844607+00:00
04ba70cc-04da-484d-ad51-ebd55c40ba80,2026-09-09T12:24:41.844607+00:00,2026-09-10,1,DEL,BOM,DEL,BOM,DEL-BOM,AI,Air India,,ECONOMY,,,0,145,4:00 PM,4:00 PM,,,,,,6582.0,INR,google_flights,https://www.google.com/travel/flights?q=Flights+to+BOM+from+DEL+on+2026-09-10,html_fetch:fast-flights,DEL-BOM_apw01_20260909T122441Z_4ceef8843e8f.html.gz,4ceef8843e8fa0277343f5a6de663d32358e7363c087d54d57443d16677b4e0b,DEL-BOM|2026-09-10|1|20260909T122441Z,c48b4bab61875422d7e7f55af7f69fcafdef7dcdbd039689461d902e66adde36,NORMALIZED,PENDING,"[""fare_components_unavailable_from_source""]",H01,CANDIDATE,TOTAL_ONLY,2026-09-09 12:24:41.844607+00:00
9304b7df-3e6e-4b2f-be07-70e28411049c,2026-09-09T12:24:41.844607+00:00,2026-09-10,1,DEL,BOM,DEL,BOM,DEL-BOM,AI,Air India,,ECONOMY,,,0,140,4:30 PM,4:30 PM,,,,,,6582.0,INR,google_flights,https://www.google.com/travel/flights?q=Flights+to+BOM+from+DEL+on+2026-09-10,html_fetch:fast-flights,DEL-BOM_apw01_20260909T122441Z_4ceef8843e8f.html.gz,4ceef8843e8fa0277343f5a6de663d32358e7363c087d54d57443d16677b4e0b,DEL-BOM|2026-09-10|1|20260909T122441Z,8e21e00a38cc5c0c77c1fbf3789f2503874261eb311750c6cd82dc0494127062,NORMALIZED,PENDING,"[""fare_components_unavailable_from_source""]",H01,CANDIDATE,TOTAL_ONLY,2026-09-09 12:24:41.844607+00:00
c70d6a5a-fe7d-4594-8e14-b88b956e7444,2026-09-09T12:24:41.844607+00:00,2026-09-10,1,DEL,BOM,DEL,BOM,DEL-BOM,AI,Air India,,ECONOMY,,,0,145,11:00 PM,11:00 PM,,,,,,6582.0,INR,google_flights,https://www.google.com/travel/flights?q=Flights+to+BOM+from+DEL+on+2026-09-10,html_fetch:fast-flights,DEL-BOM_apw01_20260909T122441Z_4ceef8843e8f.html.gz,4ceef8843e8fa0277343f5a6de663d32358e7363c087d54d57443d16677b4e0b,DEL-BOM|2026-09-10|1|20260909T122441Z,fd8ad6abab28540fa03e11b23ded031f3f0ada8fba1db8c1ee1fc1877e874353,NORMALIZED,PENDING,"[""fare_components_unavailable_from_source""]",H01,CANDIDATE,TOTAL_ONLY,2026-09-09 12:24:41.844607+00:00
f9f1255b-a8ea-48ab-b320-4465e4d0050b,2026-09-09T12:24:41.844607+00:00,2026-09-10,1,DEL,BOM,DEL,BOM,DEL-BOM,6E,IndiGo,,ECONOMY,,,0,135,11:00 AM,11:00 AM,,,,,,6583.0,INR,google_flights,https://www.google.com/travel/flights?q=Flights+to+BOM+from+DEL+on+2026-09-10,html_fetch:fast-flights,DEL-BOM_apw01_20260909T122441Z_4ceef8843e8f.html.gz,4ceef8843e8fa0277343f5a6de663d32358e7363c087d54d57443d16677b4e0b,DEL-BOM|2026-09-10|1|20260909T122441Z,0e4e0353f792f4189162bb301d7b783850cf55e130fab1d1b0829e7e0a3f8d05,NORMALIZED,PENDING,"[""fare_components_unavailable_from_source""]",H01,CANDIDATE,TOTAL_ONLY,2026-09-09 12:24:41.844607+00:00
8bdd1e10-cd6f-4ed7-aafd-26b07a4295ca,2026-09-09T12:24:41.844607+00:00,2026-09-10,1,DEL,BOM,DEL,BOM,DEL-BOM,6E,IndiGo,,ECONOMY,,,0,140,9:45 PM,9:45 PM,,,,,,6583.0,INR,google_flights,https://www.google.com/travel/flights?q=Flights+to+BOM+from+DEL+on+2026-09-10,html_fetch:fast-flights,DEL-BOM_apw01_20260909T122441Z_4ceef8843e8f.html.gz,4ceef8843e8fa0277343f5a6de663d32358e7363c087d54d57443d16677b4e0b,DEL-BOM|2026-09-10|1|20260909T122441Z,29e01ddd0052a1fcf056b4032ee4eb724d26c616ccc47b266a7812c469946d41,NORMALIZED,PENDING,"[""fare_components_unavailable_from_source""]",H01,CANDIDATE,TOTAL_ONLY,2026-09-09 12:24:41.844607+00:00
35c07a5c-bc9a-42b0-9f2d-eaee5c24124c,2026-09-09T12:24:41.844607+00:00,2026-09-10,1,DEL,BOM,DEL,BOM,DEL-BOM,AI,Air India,,ECONOMY,,,0,145,12:00 PM,12:00 PM,,,,,,6740.0,INR,google_flights,https://www.google.com/travel/flights?q=Flights+to+BOM+from+DEL+on+2026-09-10,html_fetch:fast-flights,DEL-BOM_apw01_20260909T122441Z_4ceef8843e8f.html.gz,4ceef8843e8fa0277343f5a6de663d32358e7363c087d54d57443d16677b4e0b,DEL-BOM|2026-09-10|1|20260909T122441Z,70398fa407867d26bd8ea7515b43a628f5010d70ad3dd098ee0e87729921b0ef,NORMALIZED,PENDING,"[""fare_components_unavailable_from_source""]",H01,CANDIDATE,TOTAL_ONLY,2026-09-09 12:24:41.844607+00:00
d683ef84-a0ff-41f2-b994-e8f7eb9d46c3,2026-09-09T12:24:41.844607+00:00,2026-09-10,1,DEL,BOM,DEL,BOM,DEL-BOM,AI,Air India,,ECONOMY,,,0,145,3:30 PM,3:30 PM,,,,,,6740.0,INR,google_flights,https://www.google.com/travel/flights?q=Flights+to+BOM+from+DEL+on+2026-09-10,html_fetch:fast-flights,DEL-BOM_apw01_20260909T122441Z_4ceef8843e8f.html.gz,4ceef8843e8fa0277343f5a6de663d32358e7363c087d54d57443d16677b4e0b,DEL-BOM|2026-09-10|1|20260909T122441Z,a68c7406ea5ca1c6487d2ac6c896cf4d715ef3f1664be6e886407616d95ad8e5,NORMALIZED,PENDING,"[""fare_components_unavailable_from_source""]",H01,CANDIDATE,TOTAL_ONLY,2026-09-09 12:24:41.844607+00:00
fafa4d54-f022-4c8f-a23f-212db2149293,2026-09-09T12:24:41.844607+00:00,2026-09-10,1,DEL,BOM,DEL,BOM,DEL-BOM,AI,Air India,,ECONOMY,,,0,145,5:00 PM,5:00 PM,,,,,,6740.0,INR,google_flights,https://www.google.com/travel/flights?q=Flights+to+BOM+from+DEL+on+2026-09-10,html_fetch:fast-flights,DEL-BOM_apw01_20260909T122441Z_4ceef8843e8f.html.gz,4ceef8843e8fa0277343f5a6de663d32358e7363c087d54d57443d16677b4e0b,DEL-BOM|2026-09-10|1|20260909T122441Z,1716da05de7c74027ff4bd58fbec4d51e16ea13877853d22268b38f50e5d1a3d,NORMALIZED,PENDING,"[""fare_components_unavailable_from_source""]",H01,CANDIDATE,TOTAL_ONLY,2026-09-09 12:24:41.844607+00:00
3ed7469f-e5d3-47de-b869-b642cce561fd,2026-09-09T12:24:41.844607+00:00,2026-09-10,1,DEL,BOM,DEL,BOM,DEL-BOM,6E,IndiGo,,ECONOMY,,,0,135,5:00 PM,5:00 PM,,,,,,6793.0,INR,google_flights,https://www.google.com/travel/flights?q=Flights+to+BOM+from+DEL+on+2026-09-10,html_fetch:fast-flights,DEL-BOM_apw01_20260909T122441Z_4ceef8843e8f.html.gz,4ceef8843e8fa0277343f5a6de663d32358e7363c087d54d57443d16677b4e0b,DEL-BOM|2026-09-10|1|20260909T122441Z,4c22681296384324024f1bd15834bee83ebc75c6dbd199892c1e309fedafcb80,NORMALIZED,PENDING,"[""fare_components_unavailable_from_source""]",H01,CANDIDATE,TOTAL_ONLY,2026-09-09 12:24:41.844607+00:00
76d08316-1288-40d1-8e55-0b5ce4aff776,2026-09-09T12:24:41.844607+00:00,2026-09-10,1,DEL,BOM,DEL,BOM,DEL-BOM,QP,Akasa Air,,ECONOMY,,,0,140,9:20 AM,9:20 AM,,,,,,6880.0,INR,google_flights,https://www.google.com/travel/flights?q=Flights+to+BOM+from+DEL+on+2026-09-10,html_fetch:fast-flights,DEL-BOM_apw01_20260909T122441Z_4ceef8843e8f.html.gz,4ceef8843e8fa0277343f5a6de663d32358e7363c087d54d57443d16677b4e0b,DEL-BOM|2026-09-10|1|20260909T122441Z,0513f25895c0ea01a3465fc57fe16f031bcc062a7873f9c942ce65747b4899aa,NORMALIZED,PENDING,"[""fare_components_unavailable_from_source""]",H01,CANDIDATE,TOTAL_ONLY,2026-09-09 12:24:41.844607+00:00
6a2cbd8d-9801-4fe3-8825-5f7d7ff5a105,2026-09-09T12:24:41.844607+00:00,2026-09-10,1,DEL,BOM,DEL,BOM,DEL-BOM,QP,Akasa Air,,ECONOMY,,,0,135,10:30 AM,10:30 AM,,,,,,6880.0,INR,google_flights,https://www.google.com/travel/flights?q=Flights+to+BOM+from+DEL+on+2026-09-10,html_fetch:fast-flights,DEL-BOM_apw01_20260909T122441Z_4ceef8843e8f.html.gz,4ceef8843e8fa0277343f5a6de663d32358e7363c087d54d57443d16677b4e0b,DEL-BOM|2026-09-10|1|20260909T122441Z,a489e206e21e4f265d7fd0f2b3be9be3708f7eaf818f97e7f2c9ee3217748a53,NORMALIZED,PENDING,"[""fare_components_unavailable_from_source""]",H01,CANDIDATE,TOTAL_ONLY,2026-09-09 12:24:41.844607+00:00
c29658b9-6588-4f8d-b255-98101c3d8120,2026-09-09T12:24:41.844607+00:00,2026-09-10,1,DEL,BOM,DEL,BOM,DEL-BOM,QP,Akasa Air,,ECONOMY,,,0,145,12:30 PM,12:30 PM,,,,,,6880.0,INR,google_flights,https://www.google.com/travel/flights?q=Flights+to+BOM+from+DEL+on+2026-09-10,html_fetch:fast-flights,DEL-BOM_apw01_20260909T122441Z_4ceef8843e8f.html.gz,4ceef8843e8fa0277343f5a6de663d32358e7363c087d54d57443d16677b4e0b,DEL-BOM|2026-09-10|1|20260909T122441Z,89a5f9fa842ed2f6c0028002919160727cc339af5678fe6587df3e47123fa899,NORMALIZED,PENDING,"[""fare_components_unavailable_from_source""]",H01,CANDIDATE,TOTAL_ONLY,2026-09-09 12:24:41.844607+00:00
d46c4a4e-2c3f-4fd3-a840-3e6a73aa44f3,2026-09-09T12:24:41.844607+00:00,2026-09-10,1,DEL,BOM,DEL,BOM,DEL-BOM,AI,Air India,,ECONOMY,,,0,145,10:00 AM,10:00 AM,,,,,,6950.0,INR,google_flights,https://www.google.com/travel/flights?q=Flights+to+BOM+from+DEL+on+2026-09-10,html_fetch:fast-flights,DEL-BOM_apw01_20260909T122441Z_4ceef8843e8f.html.gz,4ceef8843e8fa0277343f5a6de663d32358e7363c087d54d57443d16677b4e0b,DEL-BOM|2026-09-10|1|20260909T122441Z,26aba3e37f7ae50451132d01cb7aea314c3452e26429ee5106d6012213d87aef,NORMALIZED,PENDING,"[""fare_components_unavailable_from_source""]",H01,CANDIDATE,TOTAL_ONLY,2026-09-09 12:24:41.844607+00:00
debc2bb0-e07f-4377-86a6-a19ad5964f5b,2026-09-09T12:24:41.844607+00:00,2026-09-10,1,DEL,BOM,DEL,BOM,DEL-BOM,6E,IndiGo,,ECONOMY,,,0,135,8:45 AM,8:45 AM,,,,,,7055.0,INR,google_flights,https://www.google.com/travel/flights?q=Flights+to+BOM+from+DEL+on+2026-09-10,html_fetch:fast-flights,DEL-BOM_apw01_20260909T122441Z_4ceef8843e8f.html.gz,4ceef8843e8fa0277343f5a6de663d32358e7363c087d54d57443d16677b4e0b,DEL-BOM|2026-09-10|1|20260909T122441Z,6b98ee94c381384e726bc676204c9154fdb38dc4504193c24e83318251662cad,NORMALIZED,PENDING,"[""fare_components_unavailable_from_source""]",H01,CANDIDATE,TOTAL_ONLY,2026-09-09 12:24:41.844607+00:00
69ecb030-c754-40f7-a81a-52f4cc2e83d5,2026-09-09T12:24:41.844607+00:00,2026-09-10,1,DEL,BOM,DEL,BOM,DEL-BOM,AI,Air India,,ECONOMY,,,0,145,7:30 AM,7:30 AM,,,,,,7212.0,INR,google_flights,https://www.google.com/travel/flights?q=Flights+to+BOM+from+DEL+on+2026-09-10,html_fetch:fast-flights,DEL-BOM_apw01_20260909T122441Z_4ceef8843e8f.html.gz,4ceef8843e8fa0277343f5a6de663d32358e7363c087d54d57443d16677b4e0b,DEL-BOM|2026-09-10|1|20260909T122441Z,bd83e66d9d4d79d146313bd3ccad92ea99b1a59189a36ba869e60d69b5aac4f7,NORMALIZED,PENDING,"[""fare_components_unavailable_from_source""]",H01,CANDIDATE,TOTAL_ONLY,2026-09-09 12:24:41.844607+00:00
cf42b421-edb6-42f1-8302-56a365a234a2,2026-09-09T12:24:41.844607+00:00,2026-09-10,1,DEL,BOM,DEL,BOM,DEL-BOM,AI,Air India,,ECONOMY,,,0,140,9:00 PM,9:00 PM,,,,,,7212.0,INR,google_flights,https://www.google.com/travel/flights?q=Flights+to+BOM+from+DEL+on+2026-09-10,html_fetch:fast-flights,DEL-BOM_apw01_20260909T122441Z_4ceef8843e8f.html.gz,4ceef8843e8fa0277343f5a6de663d32358e7363c087d54d57443d16677b4e0b,DEL-BOM|2026-09-10|1|20260909T122441Z,cad26cbec56e8da724a369dcb1a35362c4001641df42c28d366c2b075412104a,NORMALIZED,PENDING,"[""fare_components_unavailable_from_source""]",H01,CANDIDATE,TOTAL_ONLY,2026-09-09 12:24:41.844607+00:00
29eee56f-18b5-46c4-8a52-b5c90be850a0,2026-09-09T12:24:41.844607+00:00,2026-09-10,1,DEL,BOM,DEL,BOM,DEL-BOM,6E,IndiGo,,ECONOMY,,,0,135,7:15 AM,7:15 AM,,,,,,7370.0,INR,google_flights,https://www.google.com/travel/flights?q=Flights+to+BOM+from+DEL+on+2026-09-10,html_fetch:fast-flights,DEL-BOM_apw01_20260909T122441Z_4ceef8843e8f.html.gz,4ceef8843e8fa0277343f5a6de663d32358e7363c087d54d57443d16677b4e0b,DEL-BOM|2026-09-10|1|20260909T122441Z,0e9f68d45da371b23efd256a27861a5a4c65efa016e51f6cd13b1889d1b85997,NORMALIZED,PENDING,"[""fare_components_unavailable_from_source""]",H01,CANDIDATE,TOTAL_ONLY,2026-09-09 12:24:41.844607+00:00
f27037fb-11a1-4f88-bc77-3a968a671448,2026-09-09T12:24:41.844607+00:00,2026-09-10,1,DEL,BOM,DEL,BOM,DEL-BOM,6E,IndiGo,,ECONOMY,,,0,140,8:00 AM,8:00 AM,,,,,,7370.0,INR,google_flights,https://www.google.com/travel/flights?q=Flights+to+BOM+from+DEL+on+2026-09-10,html_fetch:fast-flights,DEL-BOM_apw01_20260909T122441Z_4ceef8843e8f.html.gz,4ceef8843e8fa0277343f5a6de663d32358e7363c087d54d57443d16677b4e0b,DEL-BOM|2026-09-10|1|20260909T122441Z,bc10e78a9a5ca882ed8b26432df5db9bb7746852b67b480054c45e2c37e6f0d5,NORMALIZED,PENDING,"[""fare_components_unavailable_from_source""]",H01,CANDIDATE,TOTAL_ONLY,2026-09-09 12:24:41.844607+00:00
859f004d-ab10-482d-b4cb-764f20bb4d5f,2026-09-09T12:24:41.844607+00:00,2026-09-10,1,DEL,BOM,DEL,BOM,DEL-BOM,AI,Air India,,ECONOMY,,,0,145,11:25 PM,11:25 PM,,,,,,7604.0,INR,google_flights,https://www.google.com/travel/flights?q=Flights+to+BOM+from+DEL+on+2026-09-10,html_fetch:fast-flights,DEL-BOM_apw01_20260909T122441Z_4ceef8843e8f.html.gz,4ceef8843e8fa0277343f5a6de663d32358e7363c087d54d57443d16677b4e0b,DEL-BOM|2026-09-10|1|20260909T122441Z,dbaee943bab0793a601f6886cc9b00f9616096d86bda65db105123fb9f3ec909,NORMALIZED,PENDING,"[""fare_components_unavailable_from_source""]",H01,CANDIDATE,TOTAL_ONLY,2026-09-09 12:24:41.844607+00:00
0514138f-2795-45eb-aeb2-66f08159377f,2026-09-09T12:24:41.844607+00:00,2026-09-10,1,DEL,BOM,DEL,BOM,DEL-BOM,6E,IndiGo,,ECONOMY,,,0,135,6:05 AM,6:05 AM,,,,,,7685.0,INR,google_flights,https://www.google.com/travel/flights?q=Flights+to+BOM+from+DEL+on+2026-09-10,html_fetch:fast-flights,DEL-BOM_apw01_20260909T122441Z_4ceef8843e8f.html.gz,4ceef8843e8fa0277343f5a6de663d32358e7363c087d54d57443d16677b4e0b,DEL-BOM|2026-09-10|1|20260909T122441Z,927cc6ffeee87fa1d5e72cdaac18d0ec4f41e7f960af9881250bf44ba50cf2b3,NORMALIZED,PENDING,"[""fare_components_unavailable_from_source""]",H01,CANDIDATE,TOTAL_ONLY,2026-09-09 12:24:41.844607+00:00
b2cc9f82-f4df-43c5-b3bd-40706821feae,2026-09-09T12:24:41.844607+00:00,2026-09-10,1,DEL,BOM,DEL,BOM,DEL-BOM,QP,Akasa Air,,ECONOMY,,,0,135,8:40 AM,8:40 AM,,,,,,7851.0,INR,google_flights,https://www.google.com/travel/flights?q=Flights+to+BOM+from+DEL+on+2026-09-10,html_fetch:fast-flights,DEL-BOM_apw01_20260909T122441Z_4ceef8843e8f.html.gz,4ceef8843e8fa0277343f5a6de663d32358e7363c087d54d57443d16677b4e0b,DEL-BOM|2026-09-10|1|20260909T122441Z,ade7c69d984bf1be0022ef4d1932d5fd519be1b254d33eb5f5ff3afb7fddcb43,NORMALIZED,PENDING,"[""fare_components_unavailable_from_source""]",H01,CANDIDATE,TOTAL_ONLY,2026-09-09 12:24:41.844607+00:00
5bf198bc-fd84-4f53-a749-e498001f662f,2026-09-09T12:24:41.844607+00:00,2026-09-10,1,DEL,BOM,DEL,BOM,DEL-BOM,AI,Air India,,ECONOMY,,,0,145,8:00 PM,8:00 PM,,,,,,8105.0,INR,google_flights,https://www.google.com/travel/flights?q=Flights+to+BOM+from+DEL+on+2026-09-10,html_fetch:fast-flights,DEL-BOM_apw01_20260909T122441Z_4ceef8843e8f.html.gz,4ceef8843e8fa0277343f5a6de663d32358e7363c087d54d57443d16677b4e0b,DEL-BOM|2026-09-10|1|20260909T122441Z,df7c0acd5ef0517a3c235b0e7e01e8883300121b2b59ab7c5a83f2f4217c8a0e,NORMALIZED,PENDING,"[""fare_components_unavailable_from_source""]",H01,CANDIDATE,TOTAL_ONLY,2026-09-09 12:24:41.844607+00:00
4585a661-91b1-4d3b-bdef-1d1525b2afde,2026-09-09T12:24:41.844607+00:00,2026-09-10,1,DEL,BOM,DEL,BOM,DEL-BOM,QP,Akasa Air,,ECONOMY,,,0,140,6:50 AM,6:50 AM,,,,,,8129.0,INR,google_flights,https://www.google.com/travel/flights?q=Flights+to+BOM+from+DEL+on+2026-09-10,html_fetch:fast-flights,DEL-BOM_apw01_20260909T122441Z_4ceef8843e8f.html.gz,4ceef8843e8fa0277343f5a6de663d32358e7363c087d54d57443d16677b4e0b,DEL-BOM|2026-09-10|1|20260909T122441Z,b075ac04741cf4ffbadb50e17c8a84793aa569ce39ea0af8a41012e2d335593d,NORMALIZED,PENDING,"[""fare_components_unavailable_from_source""]",H01,CANDIDATE,TOTAL_ONLY,2026-09-09 12:24:41.844607+00:00
5b6d28f3-4741-47cb-ba6f-62dbae24a9e7,2026-09-09T12:24:41.844607+00:00,2026-09-10,1,DEL,BOM,DEL,BOM,DEL-BOM,QP,Akasa Air,,ECONOMY,,,0,135,5:30 PM,5:30 PM,,,,,,8272.0,INR,google_flights,https://www.google.com/travel/flights?q=Flights+to+BOM+from+DEL+on+2026-09-10,html_fetch:fast-flights,DEL-BOM_apw01_20260909T122441Z_4ceef8843e8f.html.gz,4ceef8843e8fa0277343f5a6de663d32358e7363c087d54d57443d16677b4e0b,DEL-BOM|2026-09-10|1|20260909T122441Z,bcfebab053ffe35c8f2ecdd116c7df828ed564427163cda4ddefc7a51d3b65df,NORMALIZED,PENDING,"[""fare_components_unavailable_from_source""]",H01,CANDIDATE,TOTAL_ONLY,2026-09-09 12:24:41.844607+00:00
7d750744-6940-44be-a456-81e29af385a1,2026-09-09T12:24:41.844607+00:00,2026-09-10,1,DEL,BOM,DEL,BOM,DEL-BOM,QP,Akasa Air,,ECONOMY,,,0,145,7:55 PM,7:55 PM,,,,,,9528.0,INR,google_flights,https://www.google.com/travel/flights?q=Flights+to+BOM+from+DEL+on+2026-09-10,html_fetch:fast-flights,DEL-BOM_apw01_20260909T122441Z_4ceef8843e8f.html.gz,4ceef8843e8fa0277343f5a6de663d32358e7363c087d54d57443d16677b4e0b,DEL-BOM|2026-09-10|1|20260909T122441Z,8351e2e520846805bed22800bfc909ceb1a6f3476273f11eb26db6a5e0b00629,NORMALIZED,PENDING,"[""fare_components_unavailable_from_source""]",H01,CANDIDATE,TOTAL_ONLY,2026-09-09 12:24:41.844607+00:00
aa09593a-1f85-4428-8d78-7caed20e266a,2026-09-09T12:24:41.844607+00:00,2026-09-10,1,DEL,BOM,DEL,BOM,DEL-BOM,AI,Air India,,ECONOMY,,,0,135,8:30 AM,8:30 AM,,,,,,9569.0,INR,google_flights,https://www.google.com/travel/flights?q=Flights+to+BOM+from+DEL+on+2026-09-10,html_fetch:fast-flights,DEL-BOM_apw01_20260909T122441Z_4ceef8843e8f.html.gz,4ceef8843e8fa0277343f5a6de663d32358e7363c087d54d57443d16677b4e0b,DEL-BOM|2026-09-10|1|20260909T122441Z,2d62e1df7b8049fee0f33c185f9be4728d503fcc189bd2bc3954f14a9d6eda66,NORMALIZED,PENDING,"[""fare_components_unavailable_from_source""]",H01,CANDIDATE,TOTAL_ONLY,2026-09-09 12:24:41.844607+00:00
e75464e4-1912-4de8-bbcc-5122f34f51f5,2026-09-09T12:24:41.844607+00:00,2026-09-10,1,DEL,BOM,DEL,BOM,DEL-BOM,AI,Air India,,ECONOMY,,,0,135,9:00 AM,9:00 AM,,,,,,9569.0,INR,google_flights,https://www.google.com/travel/flights?q=Flights+to+BOM+from+DEL+on+2026-09-10,html_fetch:fast-flights,DEL-BOM_apw01_20260909T122441Z_4ceef8843e8f.html.gz,4ceef8843e8fa0277343f5a6de663d32358e7363c087d54d57443d16677b4e0b,DEL-BOM|2026-09-10|1|20260909T122441Z,dd3599015d9472d0b69db5e4339a43922f76ae4f580170724b4f36fde70dbfc4,NORMALIZED,PENDING,"[""fare_components_unavailable_from_source""]",H01,CANDIDATE,TOTAL_ONLY,2026-09-09 12:24:41.844607+00:00
d9c1b915-9ae7-4d9a-b27a-a9063c19a7d8,2026-09-09T12:24:41.844607+00:00,2026-09-10,1,DEL,BOM,DEL,BOM,DEL-BOM,AI,Air India,,ECONOMY,,,0,140,1:30 PM,1:30 PM,,,,,,9569.0,INR,google_flights,https://www.google.com/travel/flights?q=Flights+to+BOM+from+DEL+on+2026-09-10,html_fetch:fast-flights,DEL-BOM_apw01_20260909T122441Z_4ceef8843e8f.html.gz,4ceef8843e8fa0277343f5a6de663d32358e7363c087d54d57443d16677b4e0b,DEL-BOM|2026-09-10|1|20260909T122441Z,e84e3df96a12cfd7cb687ed28af1ae819f1173e97c4ceecb2afb4d554c0f7a0f,NORMALIZED,PENDING,"[""fare_components_unavailable_from_source""]",H01,CANDIDATE,TOTAL_ONLY,2026-09-09 12:24:41.844607+00:00
a5b0da89-9743-44f7-ae53-c65bc05c243e,2026-09-09T12:24:41.844607+00:00,2026-09-10,1,DEL,BOM,DEL,BOM,DEL-BOM,AI,Air India,,ECONOMY,,,0,145,9:30 PM,9:30 PM,,,,,,9821.0,INR,google_flights,https://www.google.com/travel/flights?q=Flights+to+BOM+from+DEL+on+2026-09-10,html_fetch:fast-flights,DEL-BOM_apw01_20260909T122441Z_4ceef8843e8f.html.gz,4ceef8843e8fa0277343f5a6de663d32358e7363c087d54d57443d16677b4e0b,DEL-BOM|2026-09-10|1|20260909T122441Z,c7d1182b7177c56278e1c8aa2d68d488784050f8b2d934a8bae37735d80fd161,NORMALIZED,PENDING,"[""fare_components_unavailable_from_source""]",H01,CANDIDATE,TOTAL_ONLY,2026-09-09 12:24:41.844607+00:00
9ae3d2f8-739c-4430-a1b2-8ebe40ecf4be,2026-09-09T12:24:41.844607+00:00,2026-09-10,1,DEL,BOM,DEL,BOM,DEL-BOM,AI,Air India,,ECONOMY,,,0,155,8:30 PM,8:30 PM,,,,,,9968.0,INR,google_flights,https://www.google.com/travel/flights?q=Flights+to+BOM+from+DEL+on+2026-09-10,html_fetch:fast-flights,DEL-BOM_apw01_20260909T122441Z_4ceef8843e8f.html.gz,4ceef8843e8fa0277343f5a6de663d32358e7363c087d54d57443d16677b4e0b,DEL-BOM|2026-09-10|1|20260909T122441Z,a2b220ab3979e58fdf20e8f0e9dd911935f48d717ba2f0d9148757b7a42737a6,NORMALIZED,PENDING,"[""fare_components_unavailable_from_source""]",H01,CANDIDATE,TOTAL_ONLY,2026-09-09 12:24:41.844607+00:00
afe7ccd2-7483-4259-ae97-75485c3dc1c5,2026-09-09T12:24:41.844607+00:00,2026-09-10,1,DEL,BOM,DEL,BOM,DEL-BOM,AI,Air India,,ECONOMY,,,0,150,5:35 AM,5:35 AM,,,,,,10544.0,INR,google_flights,https://www.google.com/travel/flights?q=Flights+to+BOM+from+DEL+on+2026-09-10,html_fetch:fast-flights,DEL-BOM_apw01_20260909T122441Z_4ceef8843e8f.html.gz,4ceef8843e8fa0277343f5a6de663d32358e7363c087d54d57443d16677b4e0b,DEL-BOM|2026-09-10|1|20260909T122441Z,021a25d3a89835094d74fa61cce08b0150bfa6e065865dda5f82ab4f0c4241da,NORMALIZED,PENDING,"[""fare_components_unavailable_from_source""]",H01,CANDIDATE,TOTAL_ONLY,2026-09-09 12:24:41.844607+00:00
5f0d002f-a2a8-4f96-a964-a0ab87010890,2026-09-09T12:24:41.844607+00:00,2026-09-10,1,DEL,BOM,DEL,BOM,DEL-BOM,6E,IndiGo,,ECONOMY,,,0,130,8:00 PM,8:00 PM,,,,,,12253.0,INR,google_flights,https://www.google.com/travel/flights?q=Flights+to+BOM+from+DEL+on+2026-09-10,html_fetch:fast-flights,DEL-BOM_apw01_20260909T122441Z_4ceef8843e8f.html.gz,4ceef8843e8fa0277343f5a6de663d32358e7363c087d54d57443d16677b4e0b,DEL-BOM|2026-09-10|1|20260909T122441Z,5128b961c3534587980a059bef15c2bba766aae0c1777cf964ea346172e6a0d2,NORMALIZED,PENDING,"[""fare_components_unavailable_from_source""]",H01,CANDIDATE,TOTAL_ONLY,2026-09-09 12:24:41.844607+00:00
b46f97e8-d1ab-4078-98be-cdba80f5457d,2026-09-09T12:24:41.844607+00:00,2026-09-10,1,DEL,BOM,DEL,BOM,DEL-BOM,AI,Air India,,ECONOMY,,,0,145,7:00 AM,7:00 AM,,,,,,12887.0,INR,google_flights,https://www.google.com/travel/flights?q=Flights+to+BOM+from+DEL+on+2026-09-10,html_fetch:fast-flights,DEL-BOM_apw01_20260909T122441Z_4ceef8843e8f.html.gz,4ceef8843e8fa0277343f5a6de663d32358e7363c087d54d57443d16677b4e0b,DEL-BOM|2026-09-10|1|20260909T122441Z,0dc481ba983ea613822dbc19ee19d38afcb96b192255ff1a1ff8c90c28d4025c,NORMALIZED,PENDING,"[""fare_components_unavailable_from_source""]",H01,CANDIDATE,TOTAL_ONLY,2026-09-09 12:24:41.844607+00:00
0c44821e-6de5-4ade-a7e5-90d5243d7cab,2026-09-09T12:24:41.844607+00:00,2026-09-10,1,DEL,BOM,DEL,BOM,DEL-BOM,AI,Air India,,ECONOMY,,,0,145,7:30 PM,7:30 PM,,,,,,12887.0,INR,google_flights,https://www.google.com/travel/flights?q=Flights+to+BOM+from+DEL+on+2026-09-10,html_fetch:fast-flights,DEL-BOM_apw01_20260909T122441Z_4ceef8843e8f.html.gz,4ceef8843e8fa0277343f5a6de663d32358e7363c087d54d57443d16677b4e0b,DEL-BOM|2026-09-10|1|20260909T122441Z,e637f7422d935db3d7d0a5cba65c159627effd12aafa836bbd2bfd17e2348fb5,NORMALIZED,PENDING,"[""fare_components_unavailable_from_source""]",H01,CANDIDATE,TOTAL_ONLY,2026-09-09 12:24:41.844607+00:00
334ebb1c-bea4-4add-b3c3-be703e77acf9,2026-09-09T12:24:41.844607+00:00,2026-09-10,1,DEL,BOM,DEL,BOM,DEL-BOM,AI,Air India,,ECONOMY,,,0,145,7:00 PM,7:00 PM,,,,,,13470.0,INR,google_flights,https://www.google.com/travel/flights?q=Flights+to+BOM+from+DEL+on+2026-09-10,html_fetch:fast-flights,DEL-BOM_apw01_20260909T122441Z_4ceef8843e8f.html.gz,4ceef8843e8fa0277343f5a6de663d32358e7363c087d54d57443d16677b4e0b,DEL-BOM|2026-09-10|1|20260909T122441Z,6402997ec082b6788371309d40177aef2c257f8313e08e008480b193a75936d5,NORMALIZED,PENDING,"[""fare_components_unavailable_from_source""]",H01,CANDIDATE,TOTAL_ONLY,2026-09-09 12:24:41.844607+00:00
b26774ed-ff32-4868-8c3a-00f3f090ba81,2026-09-09T12:24:41.844607+00:00,2026-09-10,1,DEL,BOM,DEL,BOM,DEL-BOM,AI,Air India,,ECONOMY,,,0,145,6:00 PM,6:00 PM,,,,,,13706.0,INR,google_flights,https://www.google.com/travel/flights?q=Flights+to+BOM+from+DEL+on+2026-09-10,html_fetch:fast-flights,DEL-BOM_apw01_20260909T122441Z_4ceef8843e8f.html.gz,4ceef8843e8fa0277343f5a6de663d32358e7363c087d54d57443d16677b4e0b,DEL-BOM|2026-09-10|1|20260909T122441Z,1bc8758ec2274b1a2549a301deb76793753ee35f140f6266c109a53c809fd9b4,NORMALIZED,PENDING,"[""fare_components_unavailable_from_source""]",H01,CANDIDATE,TOTAL_ONLY,2026-09-09 12:24:41.844607+00:00
953adb5e-8c5b-4595-8006-00132b50db4a,2026-09-09T12:24:41.844607+00:00,2026-09-10,1,DEL,BOM,DEL,BOM,DEL-BOM,6E,IndiGo,,ECONOMY,,,0,135,8:45 PM,8:45 PM,,,,,,17083.0,INR,google_flights,https://www.google.com/travel/flights?q=Flights+to+BOM+from+DEL+on+2026-09-10,html_fetch:fast-flights,DEL-BOM_apw01_20260909T122441Z_4ceef8843e8f.html.gz,4ceef8843e8fa0277343f5a6de663d32358e7363c087d54d57443d16677b4e0b,DEL-BOM|2026-09-10|1|20260909T122441Z,ddae78e875549cef4d33fd2dbb21b47c639859fecdb9cfdf0b032d6f791e33b9,NORMALIZED,PENDING,"[""fare_components_unavailable_from_source""]",H01,CANDIDATE,TOTAL_ONLY,2026-09-09 12:24:41.844607+00:00
ba5b9239-d01c-4051-a987-c79cbb1cd48a,2026-09-09T12:24:41.844607+00:00,2026-09-10,1,DEL,BOM,DEL,BOM,DEL-BOM,SG,SpiceJet,,ECONOMY,,,0,155,7:55 PM,7:55 PM,,,,,,21019.0,INR,google_flights,https://www.google.com/travel/flights?q=Flights+to+BOM+from+DEL+on+2026-09-10,html_fetch:fast-flights,DEL-BOM_apw01_20260909T122441Z_4ceef8843e8f.html.gz,4ceef8843e8fa0277343f5a6de663d32358e7363c087d54d57443d16677b4e0b,DEL-BOM|2026-09-10|1|20260909T122441Z,244b2970f23d176b6df4be855fb615d74759c89f44ae7f02f582a2aa13baf630,NORMALIZED,PENDING,"[""fare_components_unavailable_from_source""]",H01,CANDIDATE,TOTAL_ONLY,2026-09-09 12:24:41.844607+00:00
954e5447-db27-45ad-8ac4-85c3998bbbe0,2026-09-09T12:24:41.844607+00:00,2026-09-10,1,DEL,BOM,DEL,BOM,DEL-BOM,6E,IndiGo,,ECONOMY,,,0,135,6:00 PM,6:00 PM,,,,,,22648.0,INR,google_flights,https://www.google.com/travel/flights?q=Flights+to+BOM+from+DEL+on+2026-09-10,html_fetch:fast-flights,DEL-BOM_apw01_20260909T122441Z_4ceef8843e8f.html.gz,4ceef8843e8fa0277343f5a6de663d32358e7363c087d54d57443d16677b4e0b,DEL-BOM|2026-09-10|1|20260909T122441Z,00d14a736f6532d378c881742a85038a72716ada77285f17c08fa9f16c908cd5,NORMALIZED,PENDING,"[""fare_components_unavailable_from_source""]",H01,CANDIDATE,TOTAL_ONLY,2026-09-09 12:24:41.844607+00:00
398e20b2-5dc2-4931-9d38-d45c2786411c,2026-09-09T12:24:41.844607+00:00,2026-09-10,1,DEL,BOM,DEL,BOM,DEL-BOM,6E,IndiGo,,ECONOMY,,,0,145,7:00 PM,7:00 PM,,,,,,22648.0,INR,google_flights,https://www.google.com/travel/flights?q=Flights+to+BOM+from+DEL+on+2026-09-10,html_fetch:fast-flights,DEL-BOM_apw01_20260909T122441Z_4ceef8843e8f.html.gz,4ceef8843e8fa0277343f5a6de663d32358e7363c087d54d57443d16677b4e0b,DEL-BOM|2026-09-10|1|20260909T122441Z,4391afbbcec9b7d0281abf77adb2dee6906f649aa77ae88e7624c3b81e0c8cc8,NORMALIZED,PENDING,"[""fare_components_unavailable_from_source""]",H01,CANDIDATE,TOTAL_ONLY,2026-09-09 12:24:41.844607+00:00
64b4eb98-487e-486e-bfbd-d2e5158fa71b,2026-09-09T12:24:41.844607+00:00,2026-09-10,1,DEL,BOM,DEL,BOM,DEL-BOM,AI,Air India,,ECONOMY,,,0,140,6:30 AM,6:30 AM,,,,,,23844.0,INR,google_flights,https://www.google.com/travel/flights?q=Flights+to+BOM+from+DEL+on+2026-09-10,html_fetch:fast-flights,DEL-BOM_apw01_20260909T122441Z_4ceef8843e8f.html.gz,4ceef8843e8fa0277343f5a6de663d32358e7363c087d54d57443d16677b4e0b,DEL-BOM|2026-09-10|1|20260909T122441Z,a87786bc1976911fe2f643e42cf765863e96970fd7e7e32dca38c66d90157297,NORMALIZED,PENDING,"[""fare_components_unavailable_from_source""]",H01,CANDIDATE,TOTAL_ONLY,2026-09-09 12:24:41.844607+00:00
b1725927-f79f-494f-8016-3b4a50b1b99c,2026-09-09T12:24:44.872570+00:00,2026-09-16,7,DEL,BOM,DEL,BOM,DEL-BOM,6E,IndiGo,,ECONOMY,,,0,135,6:00 PM,6:00 PM,,,,,,6425.0,INR,google_flights,https://www.google.com/travel/flights?q=Flights+to+BOM+from+DEL+on+2026-09-16,html_fetch:fast-flights,DEL-BOM_apw07_20260909T122444Z_1fb4793b68a6.html.gz,1fb4793b68a64353a8ebd48ae2388745e7dab6afd38333e2bf7c93900efae65a,DEL-BOM|2026-09-16|7|20260909T122444Z,f1d55049dbd2c7d4e3d21733f99af1e208810640e6fc1ed81c57027e2c87d0ca,NORMALIZED,PENDING,"[""fare_components_unavailable_from_source""]",H07,CANDIDATE,TOTAL_ONLY,2026-09-09 12:24:44.872570+00:00
bf63c6e5-565c-43d4-8f57-4388960b53d2,2026-09-09T12:24:44.872570+00:00,2026-09-16,7,DEL,BOM,DEL,BOM,DEL-BOM,SG,SpiceJet,,ECONOMY,,,0,140,5:30 AM,5:30 AM,,,,,,6697.0,INR,google_flights,https://www.google.com/travel/flights?q=Flights+to+BOM+from+DEL+on+2026-09-16,html_fetch:fast-flights,DEL-BOM_apw07_20260909T122444Z_1fb4793b68a6.html.gz,1fb4793b68a64353a8ebd48ae2388745e7dab6afd38333e2bf7c93900efae65a,DEL-BOM|2026-09-16|7|20260909T122444Z,fd5eeb231ca7a85334953be3855661bbfcd40971fd0a48843116f293b04a1b11,NORMALIZED,PENDING,"[""fare_components_unavailable_from_source""]",H07,CANDIDATE,TOTAL_ONLY,2026-09-09 12:24:44.872570+00:00
16eb6a8c-ff24-42ea-8630-67893a73ed81,2026-09-09T12:24:44.872570+00:00,2026-09-16,7,DEL,BOM,DEL,BOM,DEL-BOM,QP,Akasa Air,,ECONOMY,,,0,140,9:20 AM,9:20 AM,,,,,,6880.0,INR,google_flights,https://www.google.com/travel/flights?q=Flights+to+BOM+from+DEL+on+2026-09-16,html_fetch:fast-flights,DEL-BOM_apw07_20260909T122444Z_1fb4793b68a6.html.gz,1fb4793b68a64353a8ebd48ae2388745e7dab6afd38333e2bf7c93900efae65a,DEL-BOM|2026-09-16|7|20260909T122444Z,98dd2b1fb60b12f8ca8cc237db1874db3ab6f5fe210b4d542a74d48cdf32a883,NORMALIZED,PENDING,"[""fare_components_unavailable_from_source""]",H07,CANDIDATE,TOTAL_ONLY,2026-09-09 12:24:44.872570+00:00
a8bb083e-6c9f-4d17-9e54-e4b8fec93d29,2026-09-09T12:24:44.872570+00:00,2026-09-16,7,DEL,BOM,DEL,BOM,DEL-BOM,6E,IndiGo,,ECONOMY,,,0,135,5:00 AM,5:00 AM,,,,,,6425.0,INR,google_flights,https://www.google.com/travel/flights?q=Flights+to+BOM+from+DEL+on+2026-09-16,html_fetch:fast-flights,DEL-BOM_apw07_20260909T122444Z_1fb4793b68a6.html.gz,1fb4793b68a64353a8ebd48ae2388745e7dab6afd38333e2bf7c93900efae65a,DEL-BOM|2026-09-16|7|20260909T122444Z,524d9c15884ab1c1287df8fdc8b7fa2c688d23184b5735d402f37bc8536a4061,NORMALIZED,PENDING,"[""fare_components_unavailable_from_source""]",H07,CANDIDATE,TOTAL_ONLY,2026-09-09 12:24:44.872570+00:00
fbfb0912-c716-470b-b4fb-ab8bd8b17b8a,2026-09-09T12:24:44.872570+00:00,2026-09-16,7,DEL,BOM,DEL,BOM,DEL-BOM,6E,IndiGo,,ECONOMY,,,0,135,6:05 AM,6:05 AM,,,,,,6425.0,INR,google_flights,https://www.google.com/travel/flights?q=Flights+to+BOM+from+DEL+on+2026-09-16,html_fetch:fast-flights,DEL-BOM_apw07_20260909T122444Z_1fb4793b68a6.html.gz,1fb4793b68a64353a8ebd48ae2388745e7dab6afd38333e2bf7c93900efae65a,DEL-BOM|2026-09-16|7|20260909T122444Z,42570cc1bcc68dabe72fce7dc93b5558955570e6b2b7824950cc8bb4360c2ba7,NORMALIZED,PENDING,"[""fare_components_unavailable_from_source""]",H07,CANDIDATE,TOTAL_ONLY,2026-09-09 12:24:44.872570+00:00
7d8dda40-3794-4f0f-aab4-d515888bdefb,2026-09-09T12:24:44.872570+00:00,2026-09-16,7,DEL,BOM,DEL,BOM,DEL-BOM,6E,IndiGo,,ECONOMY,,,0,145,9:30 AM,9:30 AM,,,,,,6425.0,INR,google_flights,https://www.google.com/travel/flights?q=Flights+to+BOM+from+DEL+on+2026-09-16,html_fetch:fast-flights,DEL-BOM_apw07_20260909T122444Z_1fb4793b68a6.html.gz,1fb4793b68a64353a8ebd48ae2388745e7dab6afd38333e2bf7c93900efae65a,DEL-BOM|2026-09-16|7|20260909T122444Z,925585facb78f9ed4c548a58f5b0c18b04d965f51dca1dc6421ad649e871a199,NORMALIZED,PENDING,"[""fare_components_unavailable_from_source""]",H07,CANDIDATE,TOTAL_ONLY,2026-09-09 12:24:44.872570+00:00
7fdda22c-d2cc-481b-ad01-092b4d49432f,2026-09-09T12:24:44.872570+00:00,2026-09-16,7,DEL,BOM,DEL,BOM,DEL-BOM,6E,IndiGo,,ECONOMY,,,0,140,10:15 AM,10:15 AM,,,,,,6425.0,INR,google_flights,https://www.google.com/travel/flights?q=Flights+to+BOM+from+DEL+on+2026-09-16,html_fetch:fast-flights,DEL-BOM_apw07_20260909T122444Z_1fb4793b68a6.html.gz,1fb4793b68a64353a8ebd48ae2388745e7dab6afd38333e2bf7c93900efae65a,DEL-BOM|2026-09-16|7|20260909T122444Z,910917ac57a76c91015078dd27bccbf2ca4133f64911a9c39449f8944a232cfb,NORMALIZED,PENDING,"[""fare_components_unavailable_from_source""]",H07,CANDIDATE,TOTAL_ONLY,2026-09-09 12:24:44.872570+00:00
0d9c0b8a-795c-4def-b031-24041dec04f1,2026-09-09T12:24:44.872570+00:00,2026-09-16,7,DEL,BOM,DEL,BOM,DEL-BOM,6E,IndiGo,,ECONOMY,,,0,135,11:00 AM,11:00 AM,,,,,,6425.0,INR,google_flights,https://www.google.com/travel/flights?q=Flights+to+BOM+from+DEL+on+2026-09-16,html_fetch:fast-flights,DEL-BOM_apw07_20260909T122444Z_1fb4793b68a6.html.gz,1fb4793b68a64353a8ebd48ae2388745e7dab6afd38333e2bf7c93900efae65a,DEL-BOM|2026-09-16|7|20260909T122444Z,781ec73e35e9cb42a36f50343a95f78e015d70ee060d691e7bd518dc2c4bc35e,NORMALIZED,PENDING,"[""fare_components_unavailable_from_source""]",H07,CANDIDATE,TOTAL_ONLY,2026-09-09 12:24:44.872570+00:00
b58678e9-75af-40c4-90d0-3f353f8e1ff5,2026-09-09T12:24:44.872570+00:00,2026-09-16,7,DEL,BOM,DEL,BOM,DEL-BOM,6E,IndiGo,,ECONOMY,,,0,135,12:00 PM,12:00 PM,,,,,,6425.0,INR,google_flights,https://www.google.com/travel/flights?q=Flights+to+BOM+from+DEL+on+2026-09-16,html_fetch:fast-flights,DEL-BOM_apw07_20260909T122444Z_1fb4793b68a6.html.gz,1fb4793b68a64353a8ebd48ae2388745e7dab6afd38333e2bf7c93900efae65a,DEL-BOM|2026-09-16|7|20260909T122444Z,867a61e7fb19b31fbabcb0282ae4dd22a96d5ddf45aa788baedce792e2ac4cfe,NORMALIZED,PENDING,"[""fare_components_unavailable_from_source""]",H07,CANDIDATE,TOTAL_ONLY,2026-09-09 12:24:44.872570+00:00
0b40a5d2-b3bd-4e21-a5ca-dd35d2fae23a,2026-09-09T12:24:44.872570+00:00,2026-09-16,7,DEL,BOM,DEL,BOM,DEL-BOM,6E,IndiGo,,ECONOMY,,,0,130,1:00 PM,1:00 PM,,,,,,6425.0,INR,google_flights,https://www.google.com/travel/flights?q=Flights+to+BOM+from+DEL+on+2026-09-16,html_fetch:fast-flights,DEL-BOM_apw07_20260909T122444Z_1fb4793b68a6.html.gz,1fb4793b68a64353a8ebd48ae2388745e7dab6afd38333e2bf7c93900efae65a,DEL-BOM|2026-09-16|7|20260909T122444Z,96b300b37a5cce4cff78c770e036174ba2908e2850c34aa41cfc40e2e2f9dee5,NORMALIZED,PENDING,"[""fare_components_unavailable_from_source""]",H07,CANDIDATE,TOTAL_ONLY,2026-09-09 12:24:44.872570+00:00
532b3cb7-7934-46eb-9b0b-bc7ad5593489,2026-09-09T12:24:44.872570+00:00,2026-09-16,7,DEL,BOM,DEL,BOM,DEL-BOM,6E,IndiGo,,ECONOMY,,,0,145,2:00 PM,2:00 PM,,,,,,6425.0,INR,google_flights,https://www.google.com/travel/flights?q=Flights+to+BOM+from+DEL+on+2026-09-16,html_fetch:fast-flights,DEL-BOM_apw07_20260909T122444Z_1fb4793b68a6.html.gz,1fb4793b68a64353a8ebd48ae2388745e7dab6afd38333e2bf7c93900efae65a,DEL-BOM|2026-09-16|7|20260909T122444Z,ad6ed91d9bcf4f1f736be181ca53f439920c2ca3da132d9597dcf56c691998c7,NORMALIZED,PENDING,"[""fare_components_unavailable_from_source""]",H07,CANDIDATE,TOTAL_ONLY,2026-09-09 12:24:44.872570+00:00
eef9cd8c-6f31-4412-a6fb-9b6b65d9559e,2026-09-09T12:24:44.872570+00:00,2026-09-16,7,DEL,BOM,DEL,BOM,DEL-BOM,6E,IndiGo,,ECONOMY,,,0,135,2:45 PM,2:45 PM,,,,,,6425.0,INR,google_flights,https://www.google.com/travel/flights?q=Flights+to+BOM+from+DEL+on+2026-09-16,html_fetch:fast-flights,DEL-BOM_apw07_20260909T122444Z_1fb4793b68a6.html.gz,1fb4793b68a64353a8ebd48ae2388745e7dab6afd38333e2bf7c93900efae65a,DEL-BOM|2026-09-16|7|20260909T122444Z,1fdc005eb1b5bf75714ed0b0bb8e9cec94074ef087f59cb656ec0e4bb831d819,NORMALIZED,PENDING,"[""fare_components_unavailable_from_source""]",H07,CANDIDATE,TOTAL_ONLY,2026-09-09 12:24:44.872570+00:00
86846ae4-e2d8-4ea4-9fda-2b5c4afd5b08,2026-09-09T12:24:44.872570+00:00,2026-09-16,7,DEL,BOM,DEL,BOM,DEL-BOM,6E,IndiGo,,ECONOMY,,,0,135,3:30 PM,3:30 PM,,,,,,6425.0,INR,google_flights,https://www.google.com/travel/flights?q=Flights+to+BOM+from+DEL+on+2026-09-16,html_fetch:fast-flights,DEL-BOM_apw07_20260909T122444Z_1fb4793b68a6.html.gz,1fb4793b68a64353a8ebd48ae2388745e7dab6afd38333e2bf7c93900efae65a,DEL-BOM|2026-09-16|7|20260909T122444Z,231bc3eed9ae3c22e7ad8dd39a2dc099c30d9aa18b4da8cda77374b1f4db1e30,NORMALIZED,PENDING,"[""fare_components_unavailable_from_source""]",H07,CANDIDATE,TOTAL_ONLY,2026-09-09 12:24:44.872570+00:00
f987cdab-5112-4638-91be-cdd23feb3d6c,2026-09-09T12:24:44.872570+00:00,2026-09-16,7,DEL,BOM,DEL,BOM,DEL-BOM,6E,IndiGo,,ECONOMY,,,0,140,4:15 PM,4:15 PM,,,,,,6425.0,INR,google_flights,https://www.google.com/travel/flights?q=Flights+to+BOM+from+DEL+on+2026-09-16,html_fetch:fast-flights,DEL-BOM_apw07_20260909T122444Z_1fb4793b68a6.html.gz,1fb4793b68a64353a8ebd48ae2388745e7dab6afd38333e2bf7c93900efae65a,DEL-BOM|2026-09-16|7|20260909T122444Z,4aae1efb3e05a886b6d83b99ccbf38d51a5066f1e3ad67a64546d92bd2d8468c,NORMALIZED,PENDING,"[""fare_components_unavailable_from_source""]",H07,CANDIDATE,TOTAL_ONLY,2026-09-09 12:24:44.872570+00:00
9bf1adba-0c6e-417d-a591-eb19acc08918,2026-09-09T12:24:44.872570+00:00,2026-09-16,7,DEL,BOM,DEL,BOM,DEL-BOM,6E,IndiGo,,ECONOMY,,,0,135,8:45 AM,8:45 AM,,,,,,6583.0,INR,google_flights,https://www.google.com/travel/flights?q=Flights+to+BOM+from+DEL+on+2026-09-16,html_fetch:fast-flights,DEL-BOM_apw07_20260909T122444Z_1fb4793b68a6.html.gz,1fb4793b68a64353a8ebd48ae2388745e7dab6afd38333e2bf7c93900efae65a,DEL-BOM|2026-09-16|7|20260909T122444Z,af5b835616d025fe8964b4f5f81781637017e0ffe8ab4107c4cf7726c3e90609,NORMALIZED,PENDING,"[""fare_components_unavailable_from_source""]",H07,CANDIDATE,TOTAL_ONLY,2026-09-09 12:24:44.872570+00:00
c6f32f69-f48a-47da-b002-112d9e51e480,2026-09-09T12:24:44.872570+00:00,2026-09-16,7,DEL,BOM,DEL,BOM,DEL-BOM,6E,IndiGo,,ECONOMY,,,0,135,5:00 PM,5:00 PM,,,,,,6583.0,INR,google_flights,https://www.google.com/travel/flights?q=Flights+to+BOM+from+DEL+on+2026-09-16,html_fetch:fast-flights,DEL-BOM_apw07_20260909T122444Z_1fb4793b68a6.html.gz,1fb4793b68a64353a8ebd48ae2388745e7dab6afd38333e2bf7c93900efae65a,DEL-BOM|2026-09-16|7|20260909T122444Z,22274e38a941e3899bc67898e8e8565b651fda4531087def55a72d901e5492b8,NORMALIZED,PENDING,"[""fare_components_unavailable_from_source""]",H07,CANDIDATE,TOTAL_ONLY,2026-09-09 12:24:44.872570+00:00
c0a85542-4cdb-445f-8333-4af7c1f9eea5,2026-09-09T12:24:44.872570+00:00,2026-09-16,7,DEL,BOM,DEL,BOM,DEL-BOM,6E,IndiGo,,ECONOMY,,,0,140,10:45 PM,10:45 PM,,,,,,6583.0,INR,google_flights,https://www.google.com/travel/flights?q=Flights+to+BOM+from+DEL+on+2026-09-16,html_fetch:fast-flights,DEL-BOM_apw07_20260909T122444Z_1fb4793b68a6.html.gz,1fb4793b68a64353a8ebd48ae2388745e7dab6afd38333e2bf7c93900efae65a,DEL-BOM|2026-09-16|7|20260909T122444Z,f792132cee3856e1bb6360d60c9b6293c83a12b791e017e4c16ad3af78be0237,NORMALIZED,PENDING,"[""fare_components_unavailable_from_source""]",H07,CANDIDATE,TOTAL_ONLY,2026-09-09 12:24:44.872570+00:00
1b6cb460-a6c2-4067-a16b-1b1ab13ac033,2026-09-09T12:24:44.872570+00:00,2026-09-16,7,DEL,BOM,DEL,BOM,DEL-BOM,6E,IndiGo,,ECONOMY,,,0,135,11:30 PM,11:30 PM,,,,,,6583.0,INR,google_flights,https://www.google.com/travel/flights?q=Flights+to+BOM+from+DEL+on+2026-09-16,html_fetch:fast-flights,DEL-BOM_apw07_20260909T122444Z_1fb4793b68a6.html.gz,1fb4793b68a64353a8ebd48ae2388745e7dab6afd38333e2bf7c93900efae65a,DEL-BOM|2026-09-16|7|20260909T122444Z,bba62663eec909140e81cc12c04c8d720502defd0049e2ecac0d2815ee6e05f5,NORMALIZED,PENDING,"[""fare_components_unavailable_from_source""]",H07,CANDIDATE,TOTAL_ONLY,2026-09-09 12:24:44.872570+00:00
541ee398-9b80-4909-818f-37e1f9790784,2026-09-09T12:24:44.872570+00:00,2026-09-16,7,DEL,BOM,DEL,BOM,DEL-BOM,6E,IndiGo,,ECONOMY,,,0,135,7:15 AM,7:15 AM,,,,,,6793.0,INR,google_flights,https://www.google.com/travel/flights?q=Flights+to+BOM+from+DEL+on+2026-09-16,html_fetch:fast-flights,DEL-BOM_apw07_20260909T122444Z_1fb4793b68a6.html.gz,1fb4793b68a64353a8ebd48ae2388745e7dab6afd38333e2bf7c93900efae65a,DEL-BOM|2026-09-16|7|20260909T122444Z,bff6f815d4d5487e51b9cf9afe521fa6e1163d23925a47dfb47661beb9be9702,NORMALIZED,PENDING,"[""fare_components_unavailable_from_source""]",H07,CANDIDATE,TOTAL_ONLY,2026-09-09 12:24:44.872570+00:00
de371dbe-4ab2-4d4f-9bfe-803840c1b561,2026-09-09T12:24:44.872570+00:00,2026-09-16,7,DEL,BOM,DEL,BOM,DEL-BOM,6E,IndiGo,,ECONOMY,,,0,140,8:00 AM,8:00 AM,,,,,,6793.0,INR,google_flights,https://www.google.com/travel/flights?q=Flights+to+BOM+from+DEL+on+2026-09-16,html_fetch:fast-flights,DEL-BOM_apw07_20260909T122444Z_1fb4793b68a6.html.gz,1fb4793b68a64353a8ebd48ae2388745e7dab6afd38333e2bf7c93900efae65a,DEL-BOM|2026-09-16|7|20260909T122444Z,f6213229a227c2a99b96f969dc3ff154cf59fb67be7cc197e391236a9ad432f9,NORMALIZED,PENDING,"[""fare_components_unavailable_from_source""]",H07,CANDIDATE,TOTAL_ONLY,2026-09-09 12:24:44.872570+00:00
673a2c28-450d-49e8-8ced-16a3aba1ebba,2026-09-09T12:24:44.872570+00:00,2026-09-16,7,DEL,BOM,DEL,BOM,DEL-BOM,6E,IndiGo,,ECONOMY,,,0,145,7:00 PM,7:00 PM,,,,,,6793.0,INR,google_flights,https://www.google.com/travel/flights?q=Flights+to+BOM+from+DEL+on+2026-09-16,html_fetch:fast-flights,DEL-BOM_apw07_20260909T122444Z_1fb4793b68a6.html.gz,1fb4793b68a64353a8ebd48ae2388745e7dab6afd38333e2bf7c93900efae65a,DEL-BOM|2026-09-16|7|20260909T122444Z,4bff215bd30c42006440e575f467513de1b395ed4f39d3ab560215df64a855f4,NORMALIZED,PENDING,"[""fare_components_unavailable_from_source""]",H07,CANDIDATE,TOTAL_ONLY,2026-09-09 12:24:44.872570+00:00
f242f180-b1d2-4eb7-b619-72cd6976fe84,2026-09-09T12:24:44.872570+00:00,2026-09-16,7,DEL,BOM,DEL,BOM,DEL-BOM,6E,IndiGo,,ECONOMY,,,0,135,8:45 PM,8:45 PM,,,,,,6793.0,INR,google_flights,https://www.google.com/travel/flights?q=Flights+to+BOM+from+DEL+on+2026-09-16,html_fetch:fast-flights,DEL-BOM_apw07_20260909T122444Z_1fb4793b68a6.html.gz,1fb4793b68a64353a8ebd48ae2388745e7dab6afd38333e2bf7c93900efae65a,DEL-BOM|2026-09-16|7|20260909T122444Z,9edb4f9639c80cfc915bcaaa173c0b859ff7ee62a92ae2e91d6be923c0e3f638,NORMALIZED,PENDING,"[""fare_components_unavailable_from_source""]",H07,CANDIDATE,TOTAL_ONLY,2026-09-09 12:24:44.872570+00:00
b9fc081a-85fb-4def-b416-c9feb3afe706,2026-09-09T12:24:44.872570+00:00,2026-09-16,7,DEL,BOM,DEL,BOM,DEL-BOM,6E,IndiGo,,ECONOMY,,,0,140,9:45 PM,9:45 PM,,,,,,6793.0,INR,google_flights,https://www.google.com/travel/flights?q=Flights+to+BOM+from+DEL+on+2026-09-16,html_fetch:fast-flights,DEL-BOM_apw07_20260909T122444Z_1fb4793b68a6.html.gz,1fb4793b68a64353a8ebd48ae2388745e7dab6afd38333e2bf7c93900efae65a,DEL-BOM|2026-09-16|7|20260909T122444Z,5e7b6e0103295e5de336a62855038c6946a27b27f1288c6e58aaa3cc664c09e4,NORMALIZED,PENDING,"[""fare_components_unavailable_from_source""]",H07,CANDIDATE,TOTAL_ONLY,2026-09-09 12:24:44.872570+00:00
46851a16-3728-4d7e-938e-2bc83288dc0f,2026-09-09T12:24:44.872570+00:00,2026-09-16,7,DEL,BOM,DEL,BOM,DEL-BOM,QP,Akasa Air,,ECONOMY,,,0,135,8:40 AM,8:40 AM,,,,,,6880.0,INR,google_flights,https://www.google.com/travel/flights?q=Flights+to+BOM+from+DEL+on+2026-09-16,html_fetch:fast-flights,DEL-BOM_apw07_20260909T122444Z_1fb4793b68a6.html.gz,1fb4793b68a64353a8ebd48ae2388745e7dab6afd38333e2bf7c93900efae65a,DEL-BOM|2026-09-16|7|20260909T122444Z,8d26956d367730ebf01a55c75b3e60fcaba31e2b6b3e4918bb9a3adf29199f30,NORMALIZED,PENDING,"[""fare_components_unavailable_from_source""]",H07,CANDIDATE,TOTAL_ONLY,2026-09-09 12:24:44.872570+00:00
df1de9c2-f954-4588-8548-d403074c2d4d,2026-09-09T12:24:44.872570+00:00,2026-09-16,7,DEL,BOM,DEL,BOM,DEL-BOM,QP,Akasa Air,,ECONOMY,,,0,135,10:30 AM,10:30 AM,,,,,,6880.0,INR,google_flights,https://www.google.com/travel/flights?q=Flights+to+BOM+from+DEL+on+2026-09-16,html_fetch:fast-flights,DEL-BOM_apw07_20260909T122444Z_1fb4793b68a6.html.gz,1fb4793b68a64353a8ebd48ae2388745e7dab6afd38333e2bf7c93900efae65a,DEL-BOM|2026-09-16|7|20260909T122444Z,dfe6ab37d321c4d3db85c609f6cb4c4ad53a4601bbd7ca8d79e790f37904d82d,NORMALIZED,PENDING,"[""fare_components_unavailable_from_source""]",H07,CANDIDATE,TOTAL_ONLY,2026-09-09 12:24:44.872570+00:00
d0ba83a4-2c20-4280-9e60-6d8b9ccdf0ca,2026-09-09T12:24:44.872570+00:00,2026-09-16,7,DEL,BOM,DEL,BOM,DEL-BOM,QP,Akasa Air,,ECONOMY,,,0,145,12:30 PM,12:30 PM,,,,,,6880.0,INR,google_flights,https://www.google.com/travel/flights?q=Flights+to+BOM+from+DEL+on+2026-09-16,html_fetch:fast-flights,DEL-BOM_apw07_20260909T122444Z_1fb4793b68a6.html.gz,1fb4793b68a64353a8ebd48ae2388745e7dab6afd38333e2bf7c93900efae65a,DEL-BOM|2026-09-16|7|20260909T122444Z,f27d9af0274e01896a5f9579570d2bded56d16e6cfde8a177922bae0b90fa4df,NORMALIZED,PENDING,"[""fare_components_unavailable_from_source""]",H07,CANDIDATE,TOTAL_ONLY,2026-09-09 12:24:44.872570+00:00
fad249e8-c3fc-4c0f-8ea6-02463e089abc,2026-09-09T12:24:44.872570+00:00,2026-09-16,7,DEL,BOM,DEL,BOM,DEL-BOM,QP,Akasa Air,,ECONOMY,,,0,140,4:00 PM,4:00 PM,,,,,,6880.0,INR,google_flights,https://www.google.com/travel/flights?q=Flights+to+BOM+from+DEL+on+2026-09-16,html_fetch:fast-flights,DEL-BOM_apw07_20260909T122444Z_1fb4793b68a6.html.gz,1fb4793b68a64353a8ebd48ae2388745e7dab6afd38333e2bf7c93900efae65a,DEL-BOM|2026-09-16|7|20260909T122444Z,3e897f30822f9b5a225a511fc5b3733326eb46cb9b9350133ce30130440e6ebc,NORMALIZED,PENDING,"[""fare_components_unavailable_from_source""]",H07,CANDIDATE,TOTAL_ONLY,2026-09-09 12:24:44.872570+00:00
5b34646c-365e-43f1-83af-da21e8309448,2026-09-09T12:24:44.872570+00:00,2026-09-16,7,DEL,BOM,DEL,BOM,DEL-BOM,QP,Akasa Air,,ECONOMY,,,0,135,5:30 PM,5:30 PM,,,,,,6880.0,INR,google_flights,https://www.google.com/travel/flights?q=Flights+to+BOM+from+DEL+on+2026-09-16,html_fetch:fast-flights,DEL-BOM_apw07_20260909T122444Z_1fb4793b68a6.html.gz,1fb4793b68a64353a8ebd48ae2388745e7dab6afd38333e2bf7c93900efae65a,DEL-BOM|2026-09-16|7|20260909T122444Z,622315ad3ca3da8614b0cbdbdd01951b687067bf45fa308ff6d5179aa3f51d8f,NORMALIZED,PENDING,"[""fare_components_unavailable_from_source""]",H07,CANDIDATE,TOTAL_ONLY,2026-09-09 12:24:44.872570+00:00
4bb56d96-822c-4f31-bf11-5d232f3cc623,2026-09-09T12:24:44.872570+00:00,2026-09-16,7,DEL,BOM,DEL,BOM,DEL-BOM,6E,IndiGo,,ECONOMY,,,0,130,8:00 PM,8:00 PM,,,,,,7055.0,INR,google_flights,https://www.google.com/travel/flights?q=Flights+to+BOM+from+DEL+on+2026-09-16,html_fetch:fast-flights,DEL-BOM_apw07_20260909T122444Z_1fb4793b68a6.html.gz,1fb4793b68a64353a8ebd48ae2388745e7dab6afd38333e2bf7c93900efae65a,DEL-BOM|2026-09-16|7|20260909T122444Z,361030908c3dc0546c0c63de85bce18ce3e93613c96afc6e01c7db7017356992,NORMALIZED,PENDING,"[""fare_components_unavailable_from_source""]",H07,CANDIDATE,TOTAL_ONLY,2026-09-09 12:24:44.872570+00:00
6a036380-afd8-4a90-8de2-1e993e7a0b88,2026-09-09T12:24:44.872570+00:00,2026-09-16,7,DEL,BOM,DEL,BOM,DEL-BOM,QP,Akasa Air,,ECONOMY,,,0,145,7:55 PM,7:55 PM,,,,,,7079.0,INR,google_flights,https://www.google.com/travel/flights?q=Flights+to+BOM+from+DEL+on+2026-09-16,html_fetch:fast-flights,DEL-BOM_apw07_20260909T122444Z_1fb4793b68a6.html.gz,1fb4793b68a64353a8ebd48ae2388745e7dab6afd38333e2bf7c93900efae65a,DEL-BOM|2026-09-16|7|20260909T122444Z,0dc08bb23e9f3866a8a23c47268516ada65694094e05df5aaf48440801954d60,NORMALIZED,PENDING,"[""fare_components_unavailable_from_source""]",H07,CANDIDATE,TOTAL_ONLY,2026-09-09 12:24:44.872570+00:00
2872a8cb-0d0d-4a4d-8794-b8ebec9a56ac,2026-09-09T12:24:44.872570+00:00,2026-09-16,7,DEL,BOM,DEL,BOM,DEL-BOM,QP,Akasa Air,,ECONOMY,,,0,140,6:50 AM,6:50 AM,,,,,,7327.0,INR,google_flights,https://www.google.com/travel/flights?q=Flights+to+BOM+from+DEL+on+2026-09-16,html_fetch:fast-flights,DEL-BOM_apw07_20260909T122444Z_1fb4793b68a6.html.gz,1fb4793b68a64353a8ebd48ae2388745e7dab6afd38333e2bf7c93900efae65a,DEL-BOM|2026-09-16|7|20260909T122444Z,d5b47cbe7122cbe81e76826cf8599ad4a37953db170245e7c7aaa091752cafd5,NORMALIZED,PENDING,"[""fare_components_unavailable_from_source""]",H07,CANDIDATE,TOTAL_ONLY,2026-09-09 12:24:44.872570+00:00
154509e9-3e84-4a86-a287-93bbc3c2511a,2026-09-09T12:24:44.872570+00:00,2026-09-16,7,DEL,BOM,DEL,BOM,DEL-BOM,AI,Air India,,ECONOMY,,,0,145,6:00 PM,6:00 PM,,,,,,7349.0,INR,google_flights,https://www.google.com/travel/flights?q=Flights+to+BOM+from+DEL+on+2026-09-16,html_fetch:fast-flights,DEL-BOM_apw07_20260909T122444Z_1fb4793b68a6.html.gz,1fb4793b68a64353a8ebd48ae2388745e7dab6afd38333e2bf7c93900efae65a,DEL-BOM|2026-09-16|7|20260909T122444Z,ba7f966174b06d32aac56372947d53d386217890f69f4dd4577aa8514b8247a1,NORMALIZED,PENDING,"[""fare_components_unavailable_from_source""]",H07,CANDIDATE,TOTAL_ONLY,2026-09-09 12:24:44.872570+00:00
ffe86823-40c5-4f64-94b7-b5b927fd7165,2026-09-09T12:24:44.872570+00:00,2026-09-16,7,DEL,BOM,DEL,BOM,DEL-BOM,AI,Air India,,ECONOMY,,,0,145,7:00 PM,7:00 PM,,,,,,7349.0,INR,google_flights,https://www.google.com/travel/flights?q=Flights+to+BOM+from+DEL+on+2026-09-16,html_fetch:fast-flights,DEL-BOM_apw07_20260909T122444Z_1fb4793b68a6.html.gz,1fb4793b68a64353a8ebd48ae2388745e7dab6afd38333e2bf7c93900efae65a,DEL-BOM|2026-09-16|7|20260909T122444Z,beaabb761118abfe9e767af25b24b2f370887687d870c8469d89bca8e95b5fc7,NORMALIZED,PENDING,"[""fare_components_unavailable_from_source""]",H07,CANDIDATE,TOTAL_ONLY,2026-09-09 12:24:44.872570+00:00
178b2542-8f87-4379-9840-14594a7da4b2,2026-09-09T12:24:44.872570+00:00,2026-09-16,7,DEL,BOM,DEL,BOM,DEL-BOM,AI,Air India,,ECONOMY,,,0,140,1:30 PM,1:30 PM,,,,,,7527.0,INR,google_flights,https://www.google.com/travel/flights?q=Flights+to+BOM+from+DEL+on+2026-09-16,html_fetch:fast-flights,DEL-BOM_apw07_20260909T122444Z_1fb4793b68a6.html.gz,1fb4793b68a64353a8ebd48ae2388745e7dab6afd38333e2bf7c93900efae65a,DEL-BOM|2026-09-16|7|20260909T122444Z,089511e86599ff06845bf3a6b17c14c7d5d36cbc6a03609ac61ce28fbe1b6658,NORMALIZED,PENDING,"[""fare_components_unavailable_from_source""]",H07,CANDIDATE,TOTAL_ONLY,2026-09-09 12:24:44.872570+00:00
c6205ce5-628c-4a6d-9fc2-de1a4f6f44c1,2026-09-09T12:24:44.872570+00:00,2026-09-16,7,DEL,BOM,DEL,BOM,DEL-BOM,AI,Air India,,ECONOMY,,,0,145,11:25 PM,11:25 PM,,,,,,7604.0,INR,google_flights,https://www.google.com/travel/flights?q=Flights+to+BOM+from+DEL+on+2026-09-16,html_fetch:fast-flights,DEL-BOM_apw07_20260909T122444Z_1fb4793b68a6.html.gz,1fb4793b68a64353a8ebd48ae2388745e7dab6afd38333e2bf7c93900efae65a,DEL-BOM|2026-09-16|7|20260909T122444Z,70f4d6a13eaed088377908eeca2d0b83537cdc4868ade8bcc22a1dd787d4d7d8,NORMALIZED,PENDING,"[""fare_components_unavailable_from_source""]",H07,CANDIDATE,TOTAL_ONLY,2026-09-09 12:24:44.872570+00:00
6ac41da0-38bb-4960-b528-8555f3aeea38,2026-09-09T12:24:44.872570+00:00,2026-09-16,7,DEL,BOM,DEL,BOM,DEL-BOM,AI,Air India,,ECONOMY,,,0,135,8:30 AM,8:30 AM,,,,,,8042.0,INR,google_flights,https://www.google.com/travel/flights?q=Flights+to+BOM+from+DEL+on+2026-09-16,html_fetch:fast-flights,DEL-BOM_apw07_20260909T122444Z_1fb4793b68a6.html.gz,1fb4793b68a64353a8ebd48ae2388745e7dab6afd38333e2bf7c93900efae65a,DEL-BOM|2026-09-16|7|20260909T122444Z,4ef6ce6ef8eb2c5bfa699f8169dd6b0d129ac106b3ec9351b215091f7f06e66c,NORMALIZED,PENDING,"[""fare_components_unavailable_from_source""]",H07,CANDIDATE,TOTAL_ONLY,2026-09-09 12:24:44.872570+00:00
f6404ce8-9c51-4c54-9ea0-44c32fea620d,2026-09-09T12:24:44.872570+00:00,2026-09-16,7,DEL,BOM,DEL,BOM,DEL-BOM,SG,SpiceJet,,ECONOMY,,,0,165,7:55 PM,7:55 PM,,,,,,14946.0,INR,google_flights,https://www.google.com/travel/flights?q=Flights+to+BOM+from+DEL+on+2026-09-16,html_fetch:fast-flights,DEL-BOM_apw07_20260909T122444Z_1fb4793b68a6.html.gz,1fb4793b68a64353a8ebd48ae2388745e7dab6afd38333e2bf7c93900efae65a,DEL-BOM|2026-09-16|7|20260909T122444Z,09837280eb38af0d8f30c56c36d0bbaa4b65aceb4f3b93bc5b805d5840f25b29,NORMALIZED,PENDING,"[""fare_components_unavailable_from_source""]",H07,CANDIDATE,TOTAL_ONLY,2026-09-09 12:24:44.872570+00:00
e2bd3070-cb3b-4439-a8e5-88af60e1a797,2026-09-09T12:24:47.701662+00:00,2026-09-23,14,DEL,BOM,DEL,BOM,DEL-BOM,AI,Air India,,ECONOMY,,,0,145,11:00 PM,11:00 PM,,,,,,6314.0,INR,google_flights,https://www.google.com/travel/flights?q=Flights+to+BOM+from+DEL+on+2026-09-23,html_fetch:fast-flights,DEL-BOM_apw14_20260909T122447Z_5fbfc1dc17ab.html.gz,5fbfc1dc17ab256839b57fa66f94bb7beee412aef2490cafce0ce03c30692c8c,DEL-BOM|2026-09-23|14|20260909T122447Z,7b1ad1fac9c01d66f05f9f124115c62c388996038bdca8744caf82bcd5c44c12,NORMALIZED,PENDING,"[""fare_components_unavailable_from_source""]",H14,CANDIDATE,TOTAL_ONLY,2026-09-09 12:24:47.701662+00:00
9d5a7beb-3037-4c09-a43b-87e44eac38c4,2026-09-09T12:24:47.701662+00:00,2026-09-23,14,DEL,BOM,DEL,BOM,DEL-BOM,6E,IndiGo,,ECONOMY,,,0,135,2:45 PM,2:45 PM,,,,,,6425.0,INR,google_flights,https://www.google.com/travel/flights?q=Flights+to+BOM+from+DEL+on+2026-09-23,html_fetch:fast-flights,DEL-BOM_apw14_20260909T122447Z_5fbfc1dc17ab.html.gz,5fbfc1dc17ab256839b57fa66f94bb7beee412aef2490cafce0ce03c30692c8c,DEL-BOM|2026-09-23|14|20260909T122447Z,a065eef1114ce131ad791013f5f0d031cd00cea47f5cf38dd973e18b79b47d69,NORMALIZED,PENDING,"[""fare_components_unavailable_from_source""]",H14,CANDIDATE,TOTAL_ONLY,2026-09-09 12:24:47.701662+00:00
3b59bcbf-da96-4a09-a80d-a2ff50597521,2026-09-09T12:24:47.701662+00:00,2026-09-23,14,DEL,BOM,DEL,BOM,DEL-BOM,QP,Akasa Air,,ECONOMY,,,0,145,7:55 PM,7:55 PM,,,,,,6880.0,INR,google_flights,https://www.google.com/travel/flights?q=Flights+to+BOM+from+DEL+on+2026-09-23,html_fetch:fast-flights,DEL-BOM_apw14_20260909T122447Z_5fbfc1dc17ab.html.gz,5fbfc1dc17ab256839b57fa66f94bb7beee412aef2490cafce0ce03c30692c8c,DEL-BOM|2026-09-23|14|20260909T122447Z,e2865b5006ea9ac62713d3e3a03d7355d853704dd0cc239fd9c48ca70f7c2f61,NORMALIZED,PENDING,"[""fare_components_unavailable_from_source""]",H14,CANDIDATE,TOTAL_ONLY,2026-09-09 12:24:47.701662+00:00
8ce82450-3e9e-4218-9da6-c99c6f6c76c6,2026-09-09T12:24:47.701662+00:00,2026-09-23,14,DEL,BOM,DEL,BOM,DEL-BOM,6E,IndiGo,,ECONOMY,,,1,315,12:15 AM,12:15 AM,,,,,,5985.0,INR,google_flights,https://www.google.com/travel/flights?q=Flights+to+BOM+from+DEL+on+2026-09-23,html_fetch:fast-flights,DEL-BOM_apw14_20260909T122447Z_5fbfc1dc17ab.html.gz,5fbfc1dc17ab256839b57fa66f94bb7beee412aef2490cafce0ce03c30692c8c,DEL-BOM|2026-09-23|14|20260909T122447Z,721323c927aa97b8ddfd426bc95c26c1437e6b44ceb1b616885156ed62462636,NORMALIZED,PENDING,"[""fare_components_unavailable_from_source""]",H14,CANDIDATE,TOTAL_ONLY,2026-09-09 12:24:47.701662+00:00
32a45eff-f939-4acc-871c-a2f2a0902ecb,2026-09-09T12:24:47.701662+00:00,2026-09-23,14,DEL,BOM,DEL,BOM,DEL-BOM,6E,IndiGo,,ECONOMY,,,1,265,5:10 AM,5:10 AM,,,,,,5985.0,INR,google_flights,https://www.google.com/travel/flights?q=Flights+to+BOM+from+DEL+on+2026-09-23,html_fetch:fast-flights,DEL-BOM_apw14_20260909T122447Z_5fbfc1dc17ab.html.gz,5fbfc1dc17ab256839b57fa66f94bb7beee412aef2490cafce0ce03c30692c8c,DEL-BOM|2026-09-23|14|20260909T122447Z,1326df6b1736d3a0bc3db439c2ffbf73b6cc379b9975cc85ff9f8b640e5f383c,NORMALIZED,PENDING,"[""fare_components_unavailable_from_source""]",H14,CANDIDATE,TOTAL_ONLY,2026-09-09 12:24:47.701662+00:00
42f348c6-a406-4771-a5da-923794580961,2026-09-09T12:24:47.701662+00:00,2026-09-23,14,DEL,BOM,DEL,BOM,DEL-BOM,6E,IndiGo,,ECONOMY,,,1,285,5:40 AM,5:40 AM,,,,,,5985.0,INR,google_flights,https://www.google.com/travel/flights?q=Flights+to+BOM+from+DEL+on+2026-09-23,html_fetch:fast-flights,DEL-BOM_apw14_20260909T122447Z_5fbfc1dc17ab.html.gz,5fbfc1dc17ab256839b57fa66f94bb7beee412aef2490cafce0ce03c30692c8c,DEL-BOM|2026-09-23|14|20260909T122447Z,ebd18e1d61282c9cce87f4de7e99e2466876097dec57bbb40a8788eb53b8bdb6,NORMALIZED,PENDING,"[""fare_components_unavailable_from_source""]",H14,CANDIDATE,TOTAL_ONLY,2026-09-09 12:24:47.701662+00:00
d0596a82-902b-449a-8370-8a0f2a3c4ad0,2026-09-09T12:24:47.701662+00:00,2026-09-23,14,DEL,BOM,DEL,BOM,DEL-BOM,6E,IndiGo,,ECONOMY,,,1,290,7:30 AM,7:30 AM,,,,,,5985.0,INR,google_flights,https://www.google.com/travel/flights?q=Flights+to+BOM+from+DEL+on+2026-09-23,html_fetch:fast-flights,DEL-BOM_apw14_20260909T122447Z_5fbfc1dc17ab.html.gz,5fbfc1dc17ab256839b57fa66f94bb7beee412aef2490cafce0ce03c30692c8c,DEL-BOM|2026-09-23|14|20260909T122447Z,04839b6161f137202d126b993d3aa0f1b8795d8f4cbc069b9d667b55f412284c,NORMALIZED,PENDING,"[""fare_components_unavailable_from_source""]",H14,CANDIDATE,TOTAL_ONLY,2026-09-09 12:24:47.701662+00:00
e7a7aa51-2780-4c82-8a0a-c804e32f91e6,2026-09-09T12:24:47.701662+00:00,2026-09-23,14,DEL,BOM,DEL,BOM,DEL-BOM,6E,IndiGo,,ECONOMY,,,1,315,3:35 PM,3:35 PM,,,,,,5985.0,INR,google_flights,https://www.google.com/travel/flights?q=Flights+to+BOM+from+DEL+on+2026-09-23,html_fetch:fast-flights,DEL-BOM_apw14_20260909T122447Z_5fbfc1dc17ab.html.gz,5fbfc1dc17ab256839b57fa66f94bb7beee412aef2490cafce0ce03c30692c8c,DEL-BOM|2026-09-23|14|20260909T122447Z,6b97602b8093e867cef208c6c4ea091fb4f0cbd978126fa876ae9d5eb9d3a354,NORMALIZED,PENDING,"[""fare_components_unavailable_from_source""]",H14,CANDIDATE,TOTAL_ONLY,2026-09-09 12:24:47.701662+00:00
c3093111-48cf-4077-a7d0-1bb5d7dfdf04,2026-09-09T12:24:47.701662+00:00,2026-09-23,14,DEL,BOM,DEL,BOM,DEL-BOM,6E,IndiGo,,ECONOMY,,,1,235,6:30 PM,6:30 PM,,,,,,5985.0,INR,google_flights,https://www.google.com/travel/flights?q=Flights+to+BOM+from+DEL+on+2026-09-23,html_fetch:fast-flights,DEL-BOM_apw14_20260909T122447Z_5fbfc1dc17ab.html.gz,5fbfc1dc17ab256839b57fa66f94bb7beee412aef2490cafce0ce03c30692c8c,DEL-BOM|2026-09-23|14|20260909T122447Z,a7ca3921d5476b81ef856036461d2137c46b3170a320b95cd7fea860929dfae8,NORMALIZED,PENDING,"[""fare_components_unavailable_from_source""]",H14,CANDIDATE,TOTAL_ONLY,2026-09-09 12:24:47.701662+00:00
633029f1-23b2-41c3-9899-1c606dd00037,2026-09-09T12:24:47.701662+00:00,2026-09-23,14,DEL,BOM,DEL,BOM,DEL-BOM,6E,IndiGo,,ECONOMY,,,1,295,7:35 PM,7:35 PM,,,,,,5985.0,INR,google_flights,https://www.google.com/travel/flights?q=Flights+to+BOM+from+DEL+on+2026-09-23,html_fetch:fast-flights,DEL-BOM_apw14_20260909T122447Z_5fbfc1dc17ab.html.gz,5fbfc1dc17ab256839b57fa66f94bb7beee412aef2490cafce0ce03c30692c8c,DEL-BOM|2026-09-23|14|20260909T122447Z,59ee3cd7bb963c025d7f2d8d6f3f3ac3ce6bffa7641a86b79dbf4e1f94cc52ca,NORMALIZED,PENDING,"[""fare_components_unavailable_from_source""]",H14,CANDIDATE,TOTAL_ONLY,2026-09-09 12:24:47.701662+00:00
c5e9eb62-828b-47da-bc73-2d347c37cb01,2026-09-09T12:24:47.701662+00:00,2026-09-23,14,DEL,BOM,DEL,BOM,DEL-BOM,6E,IndiGo,,ECONOMY,,,1,305,9:50 PM,9:50 PM,,,,,,5985.0,INR,google_flights,https://www.google.com/travel/flights?q=Flights+to+BOM+from+DEL+on+2026-09-23,html_fetch:fast-flights,DEL-BOM_apw14_20260909T122447Z_5fbfc1dc17ab.html.gz,5fbfc1dc17ab256839b57fa66f94bb7beee412aef2490cafce0ce03c30692c8c,DEL-BOM|2026-09-23|14|20260909T122447Z,e9b92b0fe769fb078b9f46122a02c5dc7c940d0d1afa242acda50d2363d15abd,NORMALIZED,PENDING,"[""fare_components_unavailable_from_source""]",H14,CANDIDATE,TOTAL_ONLY,2026-09-09 12:24:47.701662+00:00
4986e865-92ab-4fd3-a118-7d4047aba3c2,2026-09-09T12:24:47.701662+00:00,2026-09-23,14,DEL,BOM,DEL,BOM,DEL-BOM,AI,Air India,,ECONOMY,,,0,140,5:00 AM,5:00 AM,,,,,,6314.0,INR,google_flights,https://www.google.com/travel/flights?q=Flights+to+BOM+from+DEL+on+2026-09-23,html_fetch:fast-flights,DEL-BOM_apw14_20260909T122447Z_5fbfc1dc17ab.html.gz,5fbfc1dc17ab256839b57fa66f94bb7beee412aef2490cafce0ce03c30692c8c,DEL-BOM|2026-09-23|14|20260909T122447Z,bbcc2f80f7362b1f4f21cb3fffd0b26c2c22a09d2e15336fa333f9303f17dda8,NORMALIZED,PENDING,"[""fare_components_unavailable_from_source""]",H14,CANDIDATE,TOTAL_ONLY,2026-09-09 12:24:47.701662+00:00
b986337a-d51b-4912-8f9d-37e300f186bb,2026-09-09T12:24:47.701662+00:00,2026-09-23,14,DEL,BOM,DEL,BOM,DEL-BOM,6E,IndiGo,,ECONOMY,,,0,135,5:00 AM,5:00 AM,,,,,,6425.0,INR,google_flights,https://www.google.com/travel/flights?q=Flights+to+BOM+from+DEL+on+2026-09-23,html_fetch:fast-flights,DEL-BOM_apw14_20260909T122447Z_5fbfc1dc17ab.html.gz,5fbfc1dc17ab256839b57fa66f94bb7beee412aef2490cafce0ce03c30692c8c,DEL-BOM|2026-09-23|14|20260909T122447Z,ec870e0191616e9c75dee8191ec5cfc0864a6efb891218502556c83a6d0383f9,NORMALIZED,PENDING,"[""fare_components_unavailable_from_source""]",H14,CANDIDATE,TOTAL_ONLY,2026-09-09 12:24:47.701662+00:00
ea3da0aa-8a66-42f7-b5e1-ed1f3b82e059,2026-09-09T12:24:47.701662+00:00,2026-09-23,14,DEL,BOM,DEL,BOM,DEL-BOM,6E,IndiGo,,ECONOMY,,,0,135,8:45 AM,8:45 AM,,,,,,6425.0,INR,google_flights,https://www.google.com/travel/flights?q=Flights+to+BOM+from+DEL+on+2026-09-23,html_fetch:fast-flights,DEL-BOM_apw14_20260909T122447Z_5fbfc1dc17ab.html.gz,5fbfc1dc17ab256839b57fa66f94bb7beee412aef2490cafce0ce03c30692c8c,DEL-BOM|2026-09-23|14|20260909T122447Z,78284904ac4260a096c6b94902fd9d5562fe31cb70673cc748d0d6052683b7d1,NORMALIZED,PENDING,"[""fare_components_unavailable_from_source""]",H14,CANDIDATE,TOTAL_ONLY,2026-09-09 12:24:47.701662+00:00
dea4745e-e181-4a43-8f62-bb7c34a95157,2026-09-09T12:24:47.701662+00:00,2026-09-23,14,DEL,BOM,DEL,BOM,DEL-BOM,6E,IndiGo,,ECONOMY,,,0,145,9:30 AM,9:30 AM,,,,,,6425.0,INR,google_flights,https://www.google.com/travel/flights?q=Flights+to+BOM+from+DEL+on+2026-09-23,html_fetch:fast-flights,DEL-BOM_apw14_20260909T122447Z_5fbfc1dc17ab.html.gz,5fbfc1dc17ab256839b57fa66f94bb7beee412aef2490cafce0ce03c30692c8c,DEL-BOM|2026-09-23|14|20260909T122447Z,a722eabced7ed97322e6953038fd64dff1945483f4959a0c6de9b2ba6f7084d1,NORMALIZED,PENDING,"[""fare_components_unavailable_from_source""]",H14,CANDIDATE,TOTAL_ONLY,2026-09-09 12:24:47.701662+00:00
de102778-9622-4034-a0cf-2808fbaefd1c,2026-09-09T12:24:47.701662+00:00,2026-09-23,14,DEL,BOM,DEL,BOM,DEL-BOM,6E,IndiGo,,ECONOMY,,,0,140,10:15 AM,10:15 AM,,,,,,6425.0,INR,google_flights,https://www.google.com/travel/flights?q=Flights+to+BOM+from+DEL+on+2026-09-23,html_fetch:fast-flights,DEL-BOM_apw14_20260909T122447Z_5fbfc1dc17ab.html.gz,5fbfc1dc17ab256839b57fa66f94bb7beee412aef2490cafce0ce03c30692c8c,DEL-BOM|2026-09-23|14|20260909T122447Z,06f8ac83c2c7ce24affe80f12ea159c1d2ad08d9eafa2082d653d3cfe3876122,NORMALIZED,PENDING,"[""fare_components_unavailable_from_source""]",H14,CANDIDATE,TOTAL_ONLY,2026-09-09 12:24:47.701662+00:00
85ef4484-648b-4f78-b972-cee453298c5f,2026-09-09T12:24:47.701662+00:00,2026-09-23,14,DEL,BOM,DEL,BOM,DEL-BOM,6E,IndiGo,,ECONOMY,,,0,135,11:00 AM,11:00 AM,,,,,,6425.0,INR,google_flights,https://www.google.com/travel/flights?q=Flights+to+BOM+from+DEL+on+2026-09-23,html_fetch:fast-flights,DEL-BOM_apw14_20260909T122447Z_5fbfc1dc17ab.html.gz,5fbfc1dc17ab256839b57fa66f94bb7beee412aef2490cafce0ce03c30692c8c,DEL-BOM|2026-09-23|14|20260909T122447Z,3aac29b95dd8d9ee3e76c29ba7993fa74108c8dc657be85c6d8d23283e3aba1a,NORMALIZED,PENDING,"[""fare_components_unavailable_from_source""]",H14,CANDIDATE,TOTAL_ONLY,2026-09-09 12:24:47.701662+00:00
a42f425e-5b43-4a23-b09c-96ec011fa7cb,2026-09-09T12:24:47.701662+00:00,2026-09-23,14,DEL,BOM,DEL,BOM,DEL-BOM,6E,IndiGo,,ECONOMY,,,0,135,12:00 PM,12:00 PM,,,,,,6425.0,INR,google_flights,https://www.google.com/travel/flights?q=Flights+to+BOM+from+DEL+on+2026-09-23,html_fetch:fast-flights,DEL-BOM_apw14_20260909T122447Z_5fbfc1dc17ab.html.gz,5fbfc1dc17ab256839b57fa66f94bb7beee412aef2490cafce0ce03c30692c8c,DEL-BOM|2026-09-23|14|20260909T122447Z,904d703891c576940c16605808ca78292ddf249c4fb13b148f41c700f4af89e2,NORMALIZED,PENDING,"[""fare_components_unavailable_from_source""]",H14,CANDIDATE,TOTAL_ONLY,2026-09-09 12:24:47.701662+00:00
4add37f7-d965-4641-8eb9-ae22883af6a7,2026-09-09T12:24:47.701662+00:00,2026-09-23,14,DEL,BOM,DEL,BOM,DEL-BOM,6E,IndiGo,,ECONOMY,,,0,130,1:00 PM,1:00 PM,,,,,,6425.0,INR,google_flights,https://www.google.com/travel/flights?q=Flights+to+BOM+from+DEL+on+2026-09-23,html_fetch:fast-flights,DEL-BOM_apw14_20260909T122447Z_5fbfc1dc17ab.html.gz,5fbfc1dc17ab256839b57fa66f94bb7beee412aef2490cafce0ce03c30692c8c,DEL-BOM|2026-09-23|14|20260909T122447Z,a9c46366db68bcc7a01b969987b6872a81f001ad0ecc575f9d39f3c7af020708,NORMALIZED,PENDING,"[""fare_components_unavailable_from_source""]",H14,CANDIDATE,TOTAL_ONLY,2026-09-09 12:24:47.701662+00:00
c28b0aae-5ae2-49ed-a0c6-c0696babe19a,2026-09-09T12:24:47.701662+00:00,2026-09-23,14,DEL,BOM,DEL,BOM,DEL-BOM,6E,IndiGo,,ECONOMY,,,0,145,2:00 PM,2:00 PM,,,,,,6425.0,INR,google_flights,https://www.google.com/travel/flights?q=Flights+to+BOM+from+DEL+on+2026-09-23,html_fetch:fast-flights,DEL-BOM_apw14_20260909T122447Z_5fbfc1dc17ab.html.gz,5fbfc1dc17ab256839b57fa66f94bb7beee412aef2490cafce0ce03c30692c8c,DEL-BOM|2026-09-23|14|20260909T122447Z,3dc83759486dd29cb0da064132b9c56fa127db39c1cb87d61fc24a946eae5c66,NORMALIZED,PENDING,"[""fare_components_unavailable_from_source""]",H14,CANDIDATE,TOTAL_ONLY,2026-09-09 12:24:47.701662+00:00
aa1f67f9-3c01-42ff-a7b4-f54e4a9e4020,2026-09-09T12:24:47.701662+00:00,2026-09-23,14,DEL,BOM,DEL,BOM,DEL-BOM,6E,IndiGo,,ECONOMY,,,0,135,3:30 PM,3:30 PM,,,,,,6425.0,INR,google_flights,https://www.google.com/travel/flights?q=Flights+to+BOM+from+DEL+on+2026-09-23,html_fetch:fast-flights,DEL-BOM_apw14_20260909T122447Z_5fbfc1dc17ab.html.gz,5fbfc1dc17ab256839b57fa66f94bb7beee412aef2490cafce0ce03c30692c8c,DEL-BOM|2026-09-23|14|20260909T122447Z,2998f7dbda83640254376cfe781bb10698ab8e00311f726dd9697e16d0697ae1,NORMALIZED,PENDING,"[""fare_components_unavailable_from_source""]",H14,CANDIDATE,TOTAL_ONLY,2026-09-09 12:24:47.701662+00:00
bd3f00b7-f094-49f2-ac69-565a2d29b4a6,2026-09-09T12:24:47.701662+00:00,2026-09-23,14,DEL,BOM,DEL,BOM,DEL-BOM,6E,IndiGo,,ECONOMY,,,0,140,4:15 PM,4:15 PM,,,,,,6425.0,INR,google_flights,https://www.google.com/travel/flights?q=Flights+to+BOM+from+DEL+on+2026-09-23,html_fetch:fast-flights,DEL-BOM_apw14_20260909T122447Z_5fbfc1dc17ab.html.gz,5fbfc1dc17ab256839b57fa66f94bb7beee412aef2490cafce0ce03c30692c8c,DEL-BOM|2026-09-23|14|20260909T122447Z,5525fe0fb5757294ebab2d395cc181789927fd49e2c4c9c9f3c7b70698057efb,NORMALIZED,PENDING,"[""fare_components_unavailable_from_source""]",H14,CANDIDATE,TOTAL_ONLY,2026-09-09 12:24:47.701662+00:00
2a3d3075-a95f-418c-8743-a96e67f092eb,2026-09-09T12:24:47.701662+00:00,2026-09-23,14,DEL,BOM,DEL,BOM,DEL-BOM,6E,IndiGo,,ECONOMY,,,0,135,5:00 PM,5:00 PM,,,,,,6425.0,INR,google_flights,https://www.google.com/travel/flights?q=Flights+to+BOM+from+DEL+on+2026-09-23,html_fetch:fast-flights,DEL-BOM_apw14_20260909T122447Z_5fbfc1dc17ab.html.gz,5fbfc1dc17ab256839b57fa66f94bb7beee412aef2490cafce0ce03c30692c8c,DEL-BOM|2026-09-23|14|20260909T122447Z,9c62ff168a94af96a3d248d3701755591d6b318bc4cf145934ecc70f99e30faa,NORMALIZED,PENDING,"[""fare_components_unavailable_from_source""]",H14,CANDIDATE,TOTAL_ONLY,2026-09-09 12:24:47.701662+00:00
42b82a09-4546-4590-9945-93071a981030,2026-09-09T12:24:47.701662+00:00,2026-09-23,14,DEL,BOM,DEL,BOM,DEL-BOM,6E,IndiGo,,ECONOMY,,,0,140,10:45 PM,10:45 PM,,,,,,6425.0,INR,google_flights,https://www.google.com/travel/flights?q=Flights+to+BOM+from+DEL+on+2026-09-23,html_fetch:fast-flights,DEL-BOM_apw14_20260909T122447Z_5fbfc1dc17ab.html.gz,5fbfc1dc17ab256839b57fa66f94bb7beee412aef2490cafce0ce03c30692c8c,DEL-BOM|2026-09-23|14|20260909T122447Z,161161f2687c481b95464101dffb2a75defad55a438f8e1ac84e93c95705b9e7,NORMALIZED,PENDING,"[""fare_components_unavailable_from_source""]",H14,CANDIDATE,TOTAL_ONLY,2026-09-09 12:24:47.701662+00:00
c0498c48-f18c-4e57-8825-b945617dffc7,2026-09-09T12:24:47.701662+00:00,2026-09-23,14,DEL,BOM,DEL,BOM,DEL-BOM,6E,IndiGo,,ECONOMY,,,0,135,11:30 PM,11:30 PM,,,,,,6425.0,INR,google_flights,https://www.google.com/travel/flights?q=Flights+to+BOM+from+DEL+on+2026-09-23,html_fetch:fast-flights,DEL-BOM_apw14_20260909T122447Z_5fbfc1dc17ab.html.gz,5fbfc1dc17ab256839b57fa66f94bb7beee412aef2490cafce0ce03c30692c8c,DEL-BOM|2026-09-23|14|20260909T122447Z,b0f71e8314b8a43abb8b5c2099ea917f91d1667707b33e6f957bc55a55fd170f,NORMALIZED,PENDING,"[""fare_components_unavailable_from_source""]",H14,CANDIDATE,TOTAL_ONLY,2026-09-09 12:24:47.701662+00:00
5310a7fe-a8f3-40e0-a679-0e62a97c3687,2026-09-09T12:24:47.701662+00:00,2026-09-23,14,DEL,BOM,DEL,BOM,DEL-BOM,AI,Air India,,ECONOMY,,,0,135,8:30 AM,8:30 AM,,,,,,6582.0,INR,google_flights,https://www.google.com/travel/flights?q=Flights+to+BOM+from+DEL+on+2026-09-23,html_fetch:fast-flights,DEL-BOM_apw14_20260909T122447Z_5fbfc1dc17ab.html.gz,5fbfc1dc17ab256839b57fa66f94bb7beee412aef2490cafce0ce03c30692c8c,DEL-BOM|2026-09-23|14|20260909T122447Z,7743cf115189d0e11adb2d363676e2bb1212f873e68338a58d5acd7230aca5f3,NORMALIZED,PENDING,"[""fare_components_unavailable_from_source""]",H14,CANDIDATE,TOTAL_ONLY,2026-09-09 12:24:47.701662+00:00
2aa230f9-55b6-4e3c-8143-449d8d34234b,2026-09-09T12:24:47.701662+00:00,2026-09-23,14,DEL,BOM,DEL,BOM,DEL-BOM,AI,Air India,,ECONOMY,,,0,135,9:00 AM,9:00 AM,,,,,,6582.0,INR,google_flights,https://www.google.com/travel/flights?q=Flights+to+BOM+from+DEL+on+2026-09-23,html_fetch:fast-flights,DEL-BOM_apw14_20260909T122447Z_5fbfc1dc17ab.html.gz,5fbfc1dc17ab256839b57fa66f94bb7beee412aef2490cafce0ce03c30692c8c,DEL-BOM|2026-09-23|14|20260909T122447Z,c4a7a94c44a3ea57ccdf1c2811b0c909787d9faff57e529ce58945b7643fdaff,NORMALIZED,PENDING,"[""fare_components_unavailable_from_source""]",H14,CANDIDATE,TOTAL_ONLY,2026-09-09 12:24:47.701662+00:00
ca08097b-7992-438d-8acd-5e3617db5b2b,2026-09-09T12:24:47.701662+00:00,2026-09-23,14,DEL,BOM,DEL,BOM,DEL-BOM,AI,Air India,,ECONOMY,,,0,150,9:30 AM,9:30 AM,,,,,,6582.0,INR,google_flights,https://www.google.com/travel/flights?q=Flights+to+BOM+from+DEL+on+2026-09-23,html_fetch:fast-flights,DEL-BOM_apw14_20260909T122447Z_5fbfc1dc17ab.html.gz,5fbfc1dc17ab256839b57fa66f94bb7beee412aef2490cafce0ce03c30692c8c,DEL-BOM|2026-09-23|14|20260909T122447Z,41fe362f0ce71eede914e603435e1252732f594fa4c5a0de13dbe8d1ef664388,NORMALIZED,PENDING,"[""fare_components_unavailable_from_source""]",H14,CANDIDATE,TOTAL_ONLY,2026-09-09 12:24:47.701662+00:00
00dc361f-be5d-4c8d-8334-29de35ecf9e3,2026-09-09T12:24:47.701662+00:00,2026-09-23,14,DEL,BOM,DEL,BOM,DEL-BOM,AI,Air India,,ECONOMY,,,0,145,10:00 AM,10:00 AM,,,,,,6582.0,INR,google_flights,https://www.google.com/travel/flights?q=Flights+to+BOM+from+DEL+on+2026-09-23,html_fetch:fast-flights,DEL-BOM_apw14_20260909T122447Z_5fbfc1dc17ab.html.gz,5fbfc1dc17ab256839b57fa66f94bb7beee412aef2490cafce0ce03c30692c8c,DEL-BOM|2026-09-23|14|20260909T122447Z,4bae2c6196cef1467052835d3045964fd733cc95340f469c0cced9d61a55056d,NORMALIZED,PENDING,"[""fare_components_unavailable_from_source""]",H14,CANDIDATE,TOTAL_ONLY,2026-09-09 12:24:47.701662+00:00
602857c0-46e2-4705-9472-8ed19e65e9fd,2026-09-09T12:24:47.701662+00:00,2026-09-23,14,DEL,BOM,DEL,BOM,DEL-BOM,AI,Air India,,ECONOMY,,,0,140,10:30 AM,10:30 AM,,,,,,6582.0,INR,google_flights,https://www.google.com/travel/flights?q=Flights+to+BOM+from+DEL+on+2026-09-23,html_fetch:fast-flights,DEL-BOM_apw14_20260909T122447Z_5fbfc1dc17ab.html.gz,5fbfc1dc17ab256839b57fa66f94bb7beee412aef2490cafce0ce03c30692c8c,DEL-BOM|2026-09-23|14|20260909T122447Z,2d5b07c4fdee6baa59b466ac332cb64a37d3f5ee54e2c4364b5b4800d3e53290,NORMALIZED,PENDING,"[""fare_components_unavailable_from_source""]",H14,CANDIDATE,TOTAL_ONLY,2026-09-09 12:24:47.701662+00:00
d436660c-f137-4582-8330-16f30e4fac41,2026-09-09T12:24:47.701662+00:00,2026-09-23,14,DEL,BOM,DEL,BOM,DEL-BOM,AI,Air India,,ECONOMY,,,0,145,11:00 AM,11:00 AM,,,,,,6582.0,INR,google_flights,https://www.google.com/travel/flights?q=Flights+to+BOM+from+DEL+on+2026-09-23,html_fetch:fast-flights,DEL-BOM_apw14_20260909T122447Z_5fbfc1dc17ab.html.gz,5fbfc1dc17ab256839b57fa66f94bb7beee412aef2490cafce0ce03c30692c8c,DEL-BOM|2026-09-23|14|20260909T122447Z,a4a6001b98ca52c1bb3382992b71dd947cd4bdbe81983419a8788b8b6e16c0c1,NORMALIZED,PENDING,"[""fare_components_unavailable_from_source""]",H14,CANDIDATE,TOTAL_ONLY,2026-09-09 12:24:47.701662+00:00
191ea7d2-e29d-4074-909e-a1f5df9759f8,2026-09-09T12:24:47.701662+00:00,2026-09-23,14,DEL,BOM,DEL,BOM,DEL-BOM,AI,Air India,,ECONOMY,,,0,145,12:00 PM,12:00 PM,,,,,,6582.0,INR,google_flights,https://www.google.com/travel/flights?q=Flights+to+BOM+from+DEL+on+2026-09-23,html_fetch:fast-flights,DEL-BOM_apw14_20260909T122447Z_5fbfc1dc17ab.html.gz,5fbfc1dc17ab256839b57fa66f94bb7beee412aef2490cafce0ce03c30692c8c,DEL-BOM|2026-09-23|14|20260909T122447Z,afcd43a6bcb638ae7fd14d581b8dce49a18439368df52f696f51068e6b390c48,NORMALIZED,PENDING,"[""fare_components_unavailable_from_source""]",H14,CANDIDATE,TOTAL_ONLY,2026-09-09 12:24:47.701662+00:00
362c7f5b-bcc8-4c0f-a615-811df18bfe13,2026-09-09T12:24:47.701662+00:00,2026-09-23,14,DEL,BOM,DEL,BOM,DEL-BOM,AI,Air India,,ECONOMY,,,0,145,3:30 PM,3:30 PM,,,,,,6582.0,INR,google_flights,https://www.google.com/travel/flights?q=Flights+to+BOM+from+DEL+on+2026-09-23,html_fetch:fast-flights,DEL-BOM_apw14_20260909T122447Z_5fbfc1dc17ab.html.gz,5fbfc1dc17ab256839b57fa66f94bb7beee412aef2490cafce0ce03c30692c8c,DEL-BOM|2026-09-23|14|20260909T122447Z,bcb500a35e47495cb209b262ada1d164c214a275fcb69268f0ca13af2b96cb8b,NORMALIZED,PENDING,"[""fare_components_unavailable_from_source""]",H14,CANDIDATE,TOTAL_ONLY,2026-09-09 12:24:47.701662+00:00
39ae881d-de58-47e3-b560-dcf95965697a,2026-09-09T12:24:47.701662+00:00,2026-09-23,14,DEL,BOM,DEL,BOM,DEL-BOM,AI,Air India,,ECONOMY,,,0,145,4:00 PM,4:00 PM,,,,,,6582.0,INR,google_flights,https://www.google.com/travel/flights?q=Flights+to+BOM+from+DEL+on+2026-09-23,html_fetch:fast-flights,DEL-BOM_apw14_20260909T122447Z_5fbfc1dc17ab.html.gz,5fbfc1dc17ab256839b57fa66f94bb7beee412aef2490cafce0ce03c30692c8c,DEL-BOM|2026-09-23|14|20260909T122447Z,d47713aa53bd8fc5431df530c54c117f0ec90d98ebb078e4d0ff372c9e6a6dfc,NORMALIZED,PENDING,"[""fare_components_unavailable_from_source""]",H14,CANDIDATE,TOTAL_ONLY,2026-09-09 12:24:47.701662+00:00
b46726aa-f261-452f-8147-006f8a870e82,2026-09-09T12:24:47.701662+00:00,2026-09-23,14,DEL,BOM,DEL,BOM,DEL-BOM,AI,Air India,,ECONOMY,,,0,140,4:30 PM,4:30 PM,,,,,,6582.0,INR,google_flights,https://www.google.com/travel/flights?q=Flights+to+BOM+from+DEL+on+2026-09-23,html_fetch:fast-flights,DEL-BOM_apw14_20260909T122447Z_5fbfc1dc17ab.html.gz,5fbfc1dc17ab256839b57fa66f94bb7beee412aef2490cafce0ce03c30692c8c,DEL-BOM|2026-09-23|14|20260909T122447Z,6b3dc7553f057f49053c7a3bc9fae2e6728e5db8459b88ae91283adb8e2020e7,NORMALIZED,PENDING,"[""fare_components_unavailable_from_source""]",H14,CANDIDATE,TOTAL_ONLY,2026-09-09 12:24:47.701662+00:00
a12ab8cf-6c94-4812-8e02-7304315a8350,2026-09-09T12:24:47.701662+00:00,2026-09-23,14,DEL,BOM,DEL,BOM,DEL-BOM,AI,Air India,,ECONOMY,,,0,145,5:00 PM,5:00 PM,,,,,,6582.0,INR,google_flights,https://www.google.com/travel/flights?q=Flights+to+BOM+from+DEL+on+2026-09-23,html_fetch:fast-flights,DEL-BOM_apw14_20260909T122447Z_5fbfc1dc17ab.html.gz,5fbfc1dc17ab256839b57fa66f94bb7beee412aef2490cafce0ce03c30692c8c,DEL-BOM|2026-09-23|14|20260909T122447Z,13be13955472373c0eec1840acdc120b420e0614355da1a09a2e619343ab9b5b,NORMALIZED,PENDING,"[""fare_components_unavailable_from_source""]",H14,CANDIDATE,TOTAL_ONLY,2026-09-09 12:24:47.701662+00:00
48a0cf32-9301-4ddb-81fd-c4d8910b28ce,2026-09-09T12:24:47.701662+00:00,2026-09-23,14,DEL,BOM,DEL,BOM,DEL-BOM,6E,IndiGo,,ECONOMY,,,0,135,6:05 AM,6:05 AM,,,,,,6583.0,INR,google_flights,https://www.google.com/travel/flights?q=Flights+to+BOM+from+DEL+on+2026-09-23,html_fetch:fast-flights,DEL-BOM_apw14_20260909T122447Z_5fbfc1dc17ab.html.gz,5fbfc1dc17ab256839b57fa66f94bb7beee412aef2490cafce0ce03c30692c8c,DEL-BOM|2026-09-23|14|20260909T122447Z,4170c8800423f0ca634d90f5085ff1d15261beab906c1f7f85cbe4de258b6f4f,NORMALIZED,PENDING,"[""fare_components_unavailable_from_source""]",H14,CANDIDATE,TOTAL_ONLY,2026-09-09 12:24:47.701662+00:00
c05ee5d2-586a-462b-94a4-e9937e277999,2026-09-09T12:24:47.701662+00:00,2026-09-23,14,DEL,BOM,DEL,BOM,DEL-BOM,AI,Air India,,ECONOMY,,,0,150,5:35 AM,5:35 AM,,,,,,6610.0,INR,google_flights,https://www.google.com/travel/flights?q=Flights+to+BOM+from+DEL+on+2026-09-23,html_fetch:fast-flights,DEL-BOM_apw14_20260909T122447Z_5fbfc1dc17ab.html.gz,5fbfc1dc17ab256839b57fa66f94bb7beee412aef2490cafce0ce03c30692c8c,DEL-BOM|2026-09-23|14|20260909T122447Z,2ab5f1e603d1bae811a5449c1e336916e4fe73339a22b379a5045399c8d3f6d3,NORMALIZED,PENDING,"[""fare_components_unavailable_from_source""]",H14,CANDIDATE,TOTAL_ONLY,2026-09-09 12:24:47.701662+00:00
dd3721e2-f03d-4cdf-b54e-4b3ea604ad0d,2026-09-09T12:24:47.701662+00:00,2026-09-23,14,DEL,BOM,DEL,BOM,DEL-BOM,AI,Air India,,ECONOMY,,,0,145,11:25 PM,11:25 PM,,,,,,6610.0,INR,google_flights,https://www.google.com/travel/flights?q=Flights+to+BOM+from+DEL+on+2026-09-23,html_fetch:fast-flights,DEL-BOM_apw14_20260909T122447Z_5fbfc1dc17ab.html.gz,5fbfc1dc17ab256839b57fa66f94bb7beee412aef2490cafce0ce03c30692c8c,DEL-BOM|2026-09-23|14|20260909T122447Z,513a3db1860c4778bdd264e44af9fbd1fceea492f0884f7aa030fca32f327bcb,NORMALIZED,PENDING,"[""fare_components_unavailable_from_source""]",H14,CANDIDATE,TOTAL_ONLY,2026-09-09 12:24:47.701662+00:00
b2a89235-2e50-45de-82c5-7d94e153976f,2026-09-09T12:24:47.701662+00:00,2026-09-23,14,DEL,BOM,DEL,BOM,DEL-BOM,AI,Air India,,ECONOMY,,,0,140,6:30 AM,6:30 AM,,,,,,6740.0,INR,google_flights,https://www.google.com/travel/flights?q=Flights+to+BOM+from+DEL+on+2026-09-23,html_fetch:fast-flights,DEL-BOM_apw14_20260909T122447Z_5fbfc1dc17ab.html.gz,5fbfc1dc17ab256839b57fa66f94bb7beee412aef2490cafce0ce03c30692c8c,DEL-BOM|2026-09-23|14|20260909T122447Z,b8617febda3bcc0d700c8c6591207a8f1965e40d81c4eda6e548c3ac710c8acb,NORMALIZED,PENDING,"[""fare_components_unavailable_from_source""]",H14,CANDIDATE,TOTAL_ONLY,2026-09-09 12:24:47.701662+00:00
fccc1a14-d8e5-4855-983a-14050bcf0fce,2026-09-09T12:24:47.701662+00:00,2026-09-23,14,DEL,BOM,DEL,BOM,DEL-BOM,6E,IndiGo,,ECONOMY,,,0,135,7:15 AM,7:15 AM,,,,,,6793.0,INR,google_flights,https://www.google.com/travel/flights?q=Flights+to+BOM+from+DEL+on+2026-09-23,html_fetch:fast-flights,DEL-BOM_apw14_20260909T122447Z_5fbfc1dc17ab.html.gz,5fbfc1dc17ab256839b57fa66f94bb7beee412aef2490cafce0ce03c30692c8c,DEL-BOM|2026-09-23|14|20260909T122447Z,fd46301a85741be46952a20062a4b809d007b2f6286e7d0ca983a21d74f5c417,NORMALIZED,PENDING,"[""fare_components_unavailable_from_source""]",H14,CANDIDATE,TOTAL_ONLY,2026-09-09 12:24:47.701662+00:00
f8d63771-fc7c-4ee2-9d4e-8266d58d0f05,2026-09-09T12:24:47.701662+00:00,2026-09-23,14,DEL,BOM,DEL,BOM,DEL-BOM,6E,IndiGo,,ECONOMY,,,0,140,8:00 AM,8:00 AM,,,,,,6793.0,INR,google_flights,https://www.google.com/travel/flights?q=Flights+to+BOM+from+DEL+on+2026-09-23,html_fetch:fast-flights,DEL-BOM_apw14_20260909T122447Z_5fbfc1dc17ab.html.gz,5fbfc1dc17ab256839b57fa66f94bb7beee412aef2490cafce0ce03c30692c8c,DEL-BOM|2026-09-23|14|20260909T122447Z,d1b6436dfda15406755010c9ee7546874302b03f40736225639bc813699ef897,NORMALIZED,PENDING,"[""fare_components_unavailable_from_source""]",H14,CANDIDATE,TOTAL_ONLY,2026-09-09 12:24:47.701662+00:00
4d2fe8fb-1f5f-4e0b-8d55-5753c1cdd913,2026-09-09T12:24:47.701662+00:00,2026-09-23,14,DEL,BOM,DEL,BOM,DEL-BOM,6E,IndiGo,,ECONOMY,,,0,135,6:00 PM,6:00 PM,,,,,,6793.0,INR,google_flights,https://www.google.com/travel/flights?q=Flights+to+BOM+from+DEL+on+2026-09-23,html_fetch:fast-flights,DEL-BOM_apw14_20260909T122447Z_5fbfc1dc17ab.html.gz,5fbfc1dc17ab256839b57fa66f94bb7beee412aef2490cafce0ce03c30692c8c,DEL-BOM|2026-09-23|14|20260909T122447Z,2d8be42ebf1596a6486c4b64e88731bb6ddbe446d7675ecc7d13a3bc9fcded2f,NORMALIZED,PENDING,"[""fare_components_unavailable_from_source""]",H14,CANDIDATE,TOTAL_ONLY,2026-09-09 12:24:47.701662+00:00
a04c4987-bcf8-4f2c-b9f3-7dc1f2334eb7,2026-09-09T12:24:47.701662+00:00,2026-09-23,14,DEL,BOM,DEL,BOM,DEL-BOM,6E,IndiGo,,ECONOMY,,,0,145,7:00 PM,7:00 PM,,,,,,6793.0,INR,google_flights,https://www.google.com/travel/flights?q=Flights+to+BOM+from+DEL+on+2026-09-23,html_fetch:fast-flights,DEL-BOM_apw14_20260909T122447Z_5fbfc1dc17ab.html.gz,5fbfc1dc17ab256839b57fa66f94bb7beee412aef2490cafce0ce03c30692c8c,DEL-BOM|2026-09-23|14|20260909T122447Z,fe9adbf38b0370452bd083c2a674f3e9d6d82d7032d28171f9bf1d7eb67d0521,NORMALIZED,PENDING,"[""fare_components_unavailable_from_source""]",H14,CANDIDATE,TOTAL_ONLY,2026-09-09 12:24:47.701662+00:00
1d07d36e-6a34-4279-bffb-d60448e555d0,2026-09-09T12:24:47.701662+00:00,2026-09-23,14,DEL,BOM,DEL,BOM,DEL-BOM,6E,IndiGo,,ECONOMY,,,0,140,9:45 PM,9:45 PM,,,,,,6793.0,INR,google_flights,https://www.google.com/travel/flights?q=Flights+to+BOM+from+DEL+on+2026-09-23,html_fetch:fast-flights,DEL-BOM_apw14_20260909T122447Z_5fbfc1dc17ab.html.gz,5fbfc1dc17ab256839b57fa66f94bb7beee412aef2490cafce0ce03c30692c8c,DEL-BOM|2026-09-23|14|20260909T122447Z,c47538282fd83d36b9305b91e326bdf57b7378b59c1fae788ee15a12b6344308,NORMALIZED,PENDING,"[""fare_components_unavailable_from_source""]",H14,CANDIDATE,TOTAL_ONLY,2026-09-09 12:24:47.701662+00:00
c987b65c-d253-4690-8c34-e69f99eb4905,2026-09-09T12:24:47.701662+00:00,2026-09-23,14,DEL,BOM,DEL,BOM,DEL-BOM,QP,Akasa Air,,ECONOMY,,,0,140,6:50 AM,6:50 AM,,,,,,6880.0,INR,google_flights,https://www.google.com/travel/flights?q=Flights+to+BOM+from+DEL+on+2026-09-23,html_fetch:fast-flights,DEL-BOM_apw14_20260909T122447Z_5fbfc1dc17ab.html.gz,5fbfc1dc17ab256839b57fa66f94bb7beee412aef2490cafce0ce03c30692c8c,DEL-BOM|2026-09-23|14|20260909T122447Z,d972f660806a19225df330c140a248d9f634a85ed3cbc67ddddaaacd754a4ac0,NORMALIZED,PENDING,"[""fare_components_unavailable_from_source""]",H14,CANDIDATE,TOTAL_ONLY,2026-09-09 12:24:47.701662+00:00
365b000e-09e4-4816-bac8-fea946cef906,2026-09-09T12:24:47.701662+00:00,2026-09-23,14,DEL,BOM,DEL,BOM,DEL-BOM,QP,Akasa Air,,ECONOMY,,,0,135,8:40 AM,8:40 AM,,,,,,6880.0,INR,google_flights,https://www.google.com/travel/flights?q=Flights+to+BOM+from+DEL+on+2026-09-23,html_fetch:fast-flights,DEL-BOM_apw14_20260909T122447Z_5fbfc1dc17ab.html.gz,5fbfc1dc17ab256839b57fa66f94bb7beee412aef2490cafce0ce03c30692c8c,DEL-BOM|2026-09-23|14|20260909T122447Z,9e111e7796133ffbe21505dda50a88b458849975a184f6236dd4598d6adb965c,NORMALIZED,PENDING,"[""fare_components_unavailable_from_source""]",H14,CANDIDATE,TOTAL_ONLY,2026-09-09 12:24:47.701662+00:00
8df3ef08-6a30-4f26-8fc6-89ab47e2f557,2026-09-09T12:24:47.701662+00:00,2026-09-23,14,DEL,BOM,DEL,BOM,DEL-BOM,QP,Akasa Air,,ECONOMY,,,0,140,9:20 AM,9:20 AM,,,,,,6880.0,INR,google_flights,https://www.google.com/travel/flights?q=Flights+to+BOM+from+DEL+on+2026-09-23,html_fetch:fast-flights,DEL-BOM_apw14_20260909T122447Z_5fbfc1dc17ab.html.gz,5fbfc1dc17ab256839b57fa66f94bb7beee412aef2490cafce0ce03c30692c8c,DEL-BOM|2026-09-23|14|20260909T122447Z,4500d3dc548781070abf58a78408055179b1dd1e92e55280f15202ffa16347cd,NORMALIZED,PENDING,"[""fare_components_unavailable_from_source""]",H14,CANDIDATE,TOTAL_ONLY,2026-09-09 12:24:47.701662+00:00
6fc94294-8d23-4688-bd89-7b10ef397030,2026-09-09T12:24:47.701662+00:00,2026-09-23,14,DEL,BOM,DEL,BOM,DEL-BOM,QP,Akasa Air,,ECONOMY,,,0,135,10:30 AM,10:30 AM,,,,,,6880.0,INR,google_flights,https://www.google.com/travel/flights?q=Flights+to+BOM+from+DEL+on+2026-09-23,html_fetch:fast-flights,DEL-BOM_apw14_20260909T122447Z_5fbfc1dc17ab.html.gz,5fbfc1dc17ab256839b57fa66f94bb7beee412aef2490cafce0ce03c30692c8c,DEL-BOM|2026-09-23|14|20260909T122447Z,15cd2c916c7d9e72356e4335967a280bbf437745e4d6c3bc95dfca9dd6ae7219,NORMALIZED,PENDING,"[""fare_components_unavailable_from_source""]",H14,CANDIDATE,TOTAL_ONLY,2026-09-09 12:24:47.701662+00:00
f92ef4e2-cf72-4719-9198-453a621b222a,2026-09-09T12:24:47.701662+00:00,2026-09-23,14,DEL,BOM,DEL,BOM,DEL-BOM,QP,Akasa Air,,ECONOMY,,,0,145,12:30 PM,12:30 PM,,,,,,6880.0,INR,google_flights,https://www.google.com/travel/flights?q=Flights+to+BOM+from+DEL+on+2026-09-23,html_fetch:fast-flights,DEL-BOM_apw14_20260909T122447Z_5fbfc1dc17ab.html.gz,5fbfc1dc17ab256839b57fa66f94bb7beee412aef2490cafce0ce03c30692c8c,DEL-BOM|2026-09-23|14|20260909T122447Z,6e9e6356ecc6781c2c761f2e08df095b731a9bd13736b4312c0766df67af5f4b,NORMALIZED,PENDING,"[""fare_components_unavailable_from_source""]",H14,CANDIDATE,TOTAL_ONLY,2026-09-09 12:24:47.701662+00:00
97534627-516c-4f30-8841-81ea3fd4c09b,2026-09-09T12:24:47.701662+00:00,2026-09-23,14,DEL,BOM,DEL,BOM,DEL-BOM,QP,Akasa Air,,ECONOMY,,,0,135,5:30 PM,5:30 PM,,,,,,6880.0,INR,google_flights,https://www.google.com/travel/flights?q=Flights+to+BOM+from+DEL+on+2026-09-23,html_fetch:fast-flights,DEL-BOM_apw14_20260909T122447Z_5fbfc1dc17ab.html.gz,5fbfc1dc17ab256839b57fa66f94bb7beee412aef2490cafce0ce03c30692c8c,DEL-BOM|2026-09-23|14|20260909T122447Z,c1b4dc906d2342b3a6ee58781c00ecb15d37e02a28cb65aaa1411a2a7d1879e2,NORMALIZED,PENDING,"[""fare_components_unavailable_from_source""]",H14,CANDIDATE,TOTAL_ONLY,2026-09-09 12:24:47.701662+00:00
b41a4773-fbff-45c8-93e0-7240fbf94e2a,2026-09-09T12:24:47.701662+00:00,2026-09-23,14,DEL,BOM,DEL,BOM,DEL-BOM,AI,Air India,,ECONOMY,,,0,145,7:00 AM,7:00 AM,,,,,,6950.0,INR,google_flights,https://www.google.com/travel/flights?q=Flights+to+BOM+from+DEL+on+2026-09-23,html_fetch:fast-flights,DEL-BOM_apw14_20260909T122447Z_5fbfc1dc17ab.html.gz,5fbfc1dc17ab256839b57fa66f94bb7beee412aef2490cafce0ce03c30692c8c,DEL-BOM|2026-09-23|14|20260909T122447Z,c81b6d836659a642ae54902baf63989e4ee335e08b2f5fdb53199f05ce16bc56,NORMALIZED,PENDING,"[""fare_components_unavailable_from_source""]",H14,CANDIDATE,TOTAL_ONLY,2026-09-09 12:24:47.701662+00:00
76d84cea-9360-4743-9057-ffe02e27a6c3,2026-09-09T12:24:47.701662+00:00,2026-09-23,14,DEL,BOM,DEL,BOM,DEL-BOM,AI,Air India,,ECONOMY,,,0,145,7:30 AM,7:30 AM,,,,,,6950.0,INR,google_flights,https://www.google.com/travel/flights?q=Flights+to+BOM+from+DEL+on+2026-09-23,html_fetch:fast-flights,DEL-BOM_apw14_20260909T122447Z_5fbfc1dc17ab.html.gz,5fbfc1dc17ab256839b57fa66f94bb7beee412aef2490cafce0ce03c30692c8c,DEL-BOM|2026-09-23|14|20260909T122447Z,d4a2a62f5ff297a4b6d703356cfbeefc7c86ce7edb89b6f4a8b1a8a75a4a7cdc,NORMALIZED,PENDING,"[""fare_components_unavailable_from_source""]",H14,CANDIDATE,TOTAL_ONLY,2026-09-09 12:24:47.701662+00:00
cd9c2ef6-c2ad-421e-9d9c-d321be7434fa,2026-09-09T12:24:47.701662+00:00,2026-09-23,14,DEL,BOM,DEL,BOM,DEL-BOM,AI,Air India,,ECONOMY,,,0,145,7:30 PM,7:30 PM,,,,,,6950.0,INR,google_flights,https://www.google.com/travel/flights?q=Flights+to+BOM+from+DEL+on+2026-09-23,html_fetch:fast-flights,DEL-BOM_apw14_20260909T122447Z_5fbfc1dc17ab.html.gz,5fbfc1dc17ab256839b57fa66f94bb7beee412aef2490cafce0ce03c30692c8c,DEL-BOM|2026-09-23|14|20260909T122447Z,d9b914fd8956de9dbd6775188186b0f5835e2e1f763c3c55fd4c24a3e3846a7b,NORMALIZED,PENDING,"[""fare_components_unavailable_from_source""]",H14,CANDIDATE,TOTAL_ONLY,2026-09-09 12:24:47.701662+00:00
506b94e2-bcbb-4dc1-b441-9d9acf9835a2,2026-09-09T12:24:47.701662+00:00,2026-09-23,14,DEL,BOM,DEL,BOM,DEL-BOM,AI,Air India,,ECONOMY,,,0,155,8:30 PM,8:30 PM,,,,,,6950.0,INR,google_flights,https://www.google.com/travel/flights?q=Flights+to+BOM+from+DEL+on+2026-09-23,html_fetch:fast-flights,DEL-BOM_apw14_20260909T122447Z_5fbfc1dc17ab.html.gz,5fbfc1dc17ab256839b57fa66f94bb7beee412aef2490cafce0ce03c30692c8c,DEL-BOM|2026-09-23|14|20260909T122447Z,95704ec7944075c95bf7c7f3a7708774a1695b6ef320a4b2478e2a4db36f378c,NORMALIZED,PENDING,"[""fare_components_unavailable_from_source""]",H14,CANDIDATE,TOTAL_ONLY,2026-09-09 12:24:47.701662+00:00
5fa7ab3a-4ecc-420b-9c55-0657a7c0e41b,2026-09-09T12:24:47.701662+00:00,2026-09-23,14,DEL,BOM,DEL,BOM,DEL-BOM,AI,Air India,,ECONOMY,,,0,140,9:00 PM,9:00 PM,,,,,,6950.0,INR,google_flights,https://www.google.com/travel/flights?q=Flights+to+BOM+from+DEL+on+2026-09-23,html_fetch:fast-flights,DEL-BOM_apw14_20260909T122447Z_5fbfc1dc17ab.html.gz,5fbfc1dc17ab256839b57fa66f94bb7beee412aef2490cafce0ce03c30692c8c,DEL-BOM|2026-09-23|14|20260909T122447Z,fbe4b14fc8d9f4148c677c56743132bac9697a2041bf9f1a857a0e33f929b0fa,NORMALIZED,PENDING,"[""fare_components_unavailable_from_source""]",H14,CANDIDATE,TOTAL_ONLY,2026-09-09 12:24:47.701662+00:00
8d5dc422-c5d5-4edc-8499-9a10b0760159,2026-09-09T12:24:47.701662+00:00,2026-09-23,14,DEL,BOM,DEL,BOM,DEL-BOM,AI,Air India,,ECONOMY,,,0,145,9:30 PM,9:30 PM,,,,,,6950.0,INR,google_flights,https://www.google.com/travel/flights?q=Flights+to+BOM+from+DEL+on+2026-09-23,html_fetch:fast-flights,DEL-BOM_apw14_20260909T122447Z_5fbfc1dc17ab.html.gz,5fbfc1dc17ab256839b57fa66f94bb7beee412aef2490cafce0ce03c30692c8c,DEL-BOM|2026-09-23|14|20260909T122447Z,bb2a658e1baa354b897e53966dbc5899fe20818d7417ae58f286246e10522ab3,NORMALIZED,PENDING,"[""fare_components_unavailable_from_source""]",H14,CANDIDATE,TOTAL_ONLY,2026-09-09 12:24:47.701662+00:00
40113f2a-303b-4aee-8541-50251f195e35,2026-09-09T12:24:47.701662+00:00,2026-09-23,14,DEL,BOM,DEL,BOM,DEL-BOM,SG,SpiceJet,,ECONOMY,,,0,140,5:30 AM,5:30 AM,,,,,,6988.0,INR,google_flights,https://www.google.com/travel/flights?q=Flights+to+BOM+from+DEL+on+2026-09-23,html_fetch:fast-flights,DEL-BOM_apw14_20260909T122447Z_5fbfc1dc17ab.html.gz,5fbfc1dc17ab256839b57fa66f94bb7beee412aef2490cafce0ce03c30692c8c,DEL-BOM|2026-09-23|14|20260909T122447Z,9790bbfab4ca2c40b44d6025f62ffae242745bcd913f1c26ac925db88b160165,NORMALIZED,PENDING,"[""fare_components_unavailable_from_source""]",H14,CANDIDATE,TOTAL_ONLY,2026-09-09 12:24:47.701662+00:00
e573cb3a-5169-488d-8105-ed39b351109e,2026-09-09T12:24:47.701662+00:00,2026-09-23,14,DEL,BOM,DEL,BOM,DEL-BOM,6E,IndiGo,,ECONOMY,,,0,130,8:00 PM,8:00 PM,,,,,,7055.0,INR,google_flights,https://www.google.com/travel/flights?q=Flights+to+BOM+from+DEL+on+2026-09-23,html_fetch:fast-flights,DEL-BOM_apw14_20260909T122447Z_5fbfc1dc17ab.html.gz,5fbfc1dc17ab256839b57fa66f94bb7beee412aef2490cafce0ce03c30692c8c,DEL-BOM|2026-09-23|14|20260909T122447Z,9fcd466309355b3a070c2c337162b557c3be5d54ad8c5744454a0067845f7392,NORMALIZED,PENDING,"[""fare_components_unavailable_from_source""]",H14,CANDIDATE,TOTAL_ONLY,2026-09-09 12:24:47.701662+00:00
3b5384ee-29d3-466e-b9bc-6f4a84e09fde,2026-09-09T12:24:47.701662+00:00,2026-09-23,14,DEL,BOM,DEL,BOM,DEL-BOM,6E,IndiGo,,ECONOMY,,,0,135,8:45 PM,8:45 PM,,,,,,7055.0,INR,google_flights,https://www.google.com/travel/flights?q=Flights+to+BOM+from+DEL+on+2026-09-23,html_fetch:fast-flights,DEL-BOM_apw14_20260909T122447Z_5fbfc1dc17ab.html.gz,5fbfc1dc17ab256839b57fa66f94bb7beee412aef2490cafce0ce03c30692c8c,DEL-BOM|2026-09-23|14|20260909T122447Z,e5686be771b50500e009045bb488fc20dccddbc12b04d7a5f1a28799f86990d8,NORMALIZED,PENDING,"[""fare_components_unavailable_from_source""]",H14,CANDIDATE,TOTAL_ONLY,2026-09-09 12:24:47.701662+00:00
1219be5f-56c1-4a03-974b-efb56f480f8a,2026-09-09T12:24:47.701662+00:00,2026-09-23,14,DEL,BOM,DEL,BOM,DEL-BOM,AI,Air India,,ECONOMY,,,0,145,8:00 PM,8:00 PM,,,,,,7181.0,INR,google_flights,https://www.google.com/travel/flights?q=Flights+to+BOM+from+DEL+on+2026-09-23,html_fetch:fast-flights,DEL-BOM_apw14_20260909T122447Z_5fbfc1dc17ab.html.gz,5fbfc1dc17ab256839b57fa66f94bb7beee412aef2490cafce0ce03c30692c8c,DEL-BOM|2026-09-23|14|20260909T122447Z,f0406cf5a75ade0dd745c3d443f2200e7222375f3e111d8bec8ffd665ec601d6,NORMALIZED,PENDING,"[""fare_components_unavailable_from_source""]",H14,CANDIDATE,TOTAL_ONLY,2026-09-09 12:24:47.701662+00:00
2136fbb2-375e-4f2e-8eaf-115b37ec4a36,2026-09-09T12:24:47.701662+00:00,2026-09-23,14,DEL,BOM,DEL,BOM,DEL-BOM,AI,Air India,,ECONOMY,,,0,145,6:00 PM,6:00 PM,,,,,,7349.0,INR,google_flights,https://www.google.com/travel/flights?q=Flights+to+BOM+from+DEL+on+2026-09-23,html_fetch:fast-flights,DEL-BOM_apw14_20260909T122447Z_5fbfc1dc17ab.html.gz,5fbfc1dc17ab256839b57fa66f94bb7beee412aef2490cafce0ce03c30692c8c,DEL-BOM|2026-09-23|14|20260909T122447Z,ba4ce283dbca7f79c04bb16441ef9fd7ec5b39172b627c5cc5dd6e1818ff8d17,NORMALIZED,PENDING,"[""fare_components_unavailable_from_source""]",H14,CANDIDATE,TOTAL_ONLY,2026-09-09 12:24:47.701662+00:00
ffe25993-17cf-4478-a8b4-268db4cc5112,2026-09-09T12:24:47.701662+00:00,2026-09-23,14,DEL,BOM,DEL,BOM,DEL-BOM,AI,Air India,,ECONOMY,,,0,145,7:00 PM,7:00 PM,,,,,,7349.0,INR,google_flights,https://www.google.com/travel/flights?q=Flights+to+BOM+from+DEL+on+2026-09-23,html_fetch:fast-flights,DEL-BOM_apw14_20260909T122447Z_5fbfc1dc17ab.html.gz,5fbfc1dc17ab256839b57fa66f94bb7beee412aef2490cafce0ce03c30692c8c,DEL-BOM|2026-09-23|14|20260909T122447Z,65ef44eb77bdbbb67f32ab9b6215a19a6b24d79de958304a27b7e6ae596d6709,NORMALIZED,PENDING,"[""fare_components_unavailable_from_source""]",H14,CANDIDATE,TOTAL_ONLY,2026-09-09 12:24:47.701662+00:00
5ad724af-f4e8-4bda-8531-de733b3b0743,2026-09-09T12:24:47.701662+00:00,2026-09-23,14,DEL,BOM,DEL,BOM,DEL-BOM,AI,Air India,,ECONOMY,,,0,140,1:30 PM,1:30 PM,,,,,,7527.0,INR,google_flights,https://www.google.com/travel/flights?q=Flights+to+BOM+from+DEL+on+2026-09-23,html_fetch:fast-flights,DEL-BOM_apw14_20260909T122447Z_5fbfc1dc17ab.html.gz,5fbfc1dc17ab256839b57fa66f94bb7beee412aef2490cafce0ce03c30692c8c,DEL-BOM|2026-09-23|14|20260909T122447Z,3d9b2ec027d2b5aa55f2b979cf51b7a4cd1db2c86ac0c40b80ebe18d6423ef16,NORMALIZED,PENDING,"[""fare_components_unavailable_from_source""]",H14,CANDIDATE,TOTAL_ONLY,2026-09-09 12:24:47.701662+00:00
bfca087c-33fe-4ed5-81c2-e48931f6c1fd,2026-09-09T12:24:47.701662+00:00,2026-09-23,14,DEL,BOM,DEL,BOM,DEL-BOM,SG,SpiceJet,,ECONOMY,,,0,165,7:55 PM,7:55 PM,,,,,,18297.0,INR,google_flights,https://www.google.com/travel/flights?q=Flights+to+BOM+from+DEL+on+2026-09-23,html_fetch:fast-flights,DEL-BOM_apw14_20260909T122447Z_5fbfc1dc17ab.html.gz,5fbfc1dc17ab256839b57fa66f94bb7beee412aef2490cafce0ce03c30692c8c,DEL-BOM|2026-09-23|14|20260909T122447Z,4af7e167b492bf0b6f7019720be75cf4c353178e6ec8201cfd8d7422eaf0ff2f,NORMALIZED,PENDING,"[""fare_components_unavailable_from_source""]",H14,CANDIDATE,TOTAL_ONLY,2026-09-09 12:24:47.701662+00:00
698b60fe-5409-4c43-881f-278bc683df21,2026-09-09T12:24:47.701662+00:00,2026-09-23,14,DEL,BOM,DEL,BOM,DEL-BOM,SG,SpiceJet,,ECONOMY,,,0,160,10:45 PM,10:45 PM,,,,,,19603.0,INR,google_flights,https://www.google.com/travel/flights?q=Flights+to+BOM+from+DEL+on+2026-09-23,html_fetch:fast-flights,DEL-BOM_apw14_20260909T122447Z_5fbfc1dc17ab.html.gz,5fbfc1dc17ab256839b57fa66f94bb7beee412aef2490cafce0ce03c30692c8c,DEL-BOM|2026-09-23|14|20260909T122447Z,f14c613894a3cd888142018381f3e8dc9986722ec79dce1a0031562f1706f041,NORMALIZED,PENDING,"[""fare_components_unavailable_from_source""]",H14,CANDIDATE,TOTAL_ONLY,2026-09-09 12:24:47.701662+00:00
f60139cb-cc76-4eae-92d7-a17b7f19af6a,2026-09-09T12:24:50.779399+00:00,2026-10-09,30,DEL,BOM,DEL,BOM,DEL-BOM,AI,Air India,,ECONOMY,,,0,145,5:00 AM,5:00 AM,,,,,,6314.0,INR,google_flights,https://www.google.com/travel/flights?q=Flights+to+BOM+from+DEL+on+2026-10-09,html_fetch:fast-flights,DEL-BOM_apw30_20260909T122450Z_5aac9eb17525.html.gz,5aac9eb17525913637131e375b33d39f233a892fab8a949a1e9cfb87ab5a5537,DEL-BOM|2026-10-09|30|20260909T122450Z,4345737f2a3984a5122ac22f4e0db5ce2faf35fc8d8f9cdde9c97989d30eadb6,NORMALIZED,PENDING,"[""fare_components_unavailable_from_source""]",H30,CANDIDATE,TOTAL_ONLY,2026-09-09 12:24:50.779399+00:00
12884128-e744-4ea6-a20e-9dcd7c195f1b,2026-09-09T12:24:50.779399+00:00,2026-10-09,30,DEL,BOM,DEL,BOM,DEL-BOM,6E,IndiGo,,ECONOMY,,,0,135,8:45 AM,8:45 AM,,,,,,6425.0,INR,google_flights,https://www.google.com/travel/flights?q=Flights+to+BOM+from+DEL+on+2026-10-09,html_fetch:fast-flights,DEL-BOM_apw30_20260909T122450Z_5aac9eb17525.html.gz,5aac9eb17525913637131e375b33d39f233a892fab8a949a1e9cfb87ab5a5537,DEL-BOM|2026-10-09|30|20260909T122450Z,e741cdfe914d1519897489953d2a8e855512494485a300803c8e0123b12d1842,NORMALIZED,PENDING,"[""fare_components_unavailable_from_source""]",H30,CANDIDATE,TOTAL_ONLY,2026-09-09 12:24:50.779399+00:00
7c4a06a6-ca94-4e05-87d6-e4e163fb6be5,2026-09-09T12:24:50.779399+00:00,2026-10-09,30,DEL,BOM,DEL,BOM,DEL-BOM,QP,Akasa Air,,ECONOMY,,,0,145,8:40 AM,8:40 AM,,,,,,6880.0,INR,google_flights,https://www.google.com/travel/flights?q=Flights+to+BOM+from+DEL+on+2026-10-09,html_fetch:fast-flights,DEL-BOM_apw30_20260909T122450Z_5aac9eb17525.html.gz,5aac9eb17525913637131e375b33d39f233a892fab8a949a1e9cfb87ab5a5537,DEL-BOM|2026-10-09|30|20260909T122450Z,f979a643324a6e7580bb54d7f11caa62d478fabf91af8db217d4ec68a700e17f,NORMALIZED,PENDING,"[""fare_components_unavailable_from_source""]",H30,CANDIDATE,TOTAL_ONLY,2026-09-09 12:24:50.779399+00:00
8469d23e-2ef4-4450-bfa6-6f1ca11a23ca,2026-09-09T12:24:50.779399+00:00,2026-10-09,30,DEL,BOM,DEL,BOM,DEL-BOM,6E,IndiGo,,ECONOMY,,,0,140,3:00 AM,3:00 AM,,,,,,6425.0,INR,google_flights,https://www.google.com/travel/flights?q=Flights+to+BOM+from+DEL+on+2026-10-09,html_fetch:fast-flights,DEL-BOM_apw30_20260909T122450Z_5aac9eb17525.html.gz,5aac9eb17525913637131e375b33d39f233a892fab8a949a1e9cfb87ab5a5537,DEL-BOM|2026-10-09|30|20260909T122450Z,8187821062138515430a6d0991f2d2571329121659503152c0820f94dcb8281a,NORMALIZED,PENDING,"[""fare_components_unavailable_from_source""]",H30,CANDIDATE,TOTAL_ONLY,2026-09-09 12:24:50.779399+00:00
be5b229f-3f08-4819-8044-34fee68a79c7,2026-09-09T12:24:50.779399+00:00,2026-10-09,30,DEL,BOM,DEL,BOM,DEL-BOM,6E,IndiGo,,ECONOMY,,,0,135,5:00 AM,5:00 AM,,,,,,6425.0,INR,google_flights,https://www.google.com/travel/flights?q=Flights+to+BOM+from+DEL+on+2026-10-09,html_fetch:fast-flights,DEL-BOM_apw30_20260909T122450Z_5aac9eb17525.html.gz,5aac9eb17525913637131e375b33d39f233a892fab8a949a1e9cfb87ab5a5537,DEL-BOM|2026-10-09|30|20260909T122450Z,343de2b5ca00bd92f6793a16caa0e536088b700b78a008256f60bc9848ab53a5,NORMALIZED,PENDING,"[""fare_components_unavailable_from_source""]",H30,CANDIDATE,TOTAL_ONLY,2026-09-09 12:24:50.779399+00:00
ae837cab-af36-4575-99e9-3a299ee529a2,2026-09-09T12:24:50.779399+00:00,2026-10-09,30,DEL,BOM,DEL,BOM,DEL-BOM,6E,IndiGo,,ECONOMY,,,0,145,9:30 AM,9:30 AM,,,,,,6425.0,INR,google_flights,https://www.google.com/travel/flights?q=Flights+to+BOM+from+DEL+on+2026-10-09,html_fetch:fast-flights,DEL-BOM_apw30_20260909T122450Z_5aac9eb17525.html.gz,5aac9eb17525913637131e375b33d39f233a892fab8a949a1e9cfb87ab5a5537,DEL-BOM|2026-10-09|30|20260909T122450Z,0d7c5013f02e4aef377a8f5c4705832ef6609c7aa1d9c0f694359567fb22a834,NORMALIZED,PENDING,"[""fare_components_unavailable_from_source""]",H30,CANDIDATE,TOTAL_ONLY,2026-09-09 12:24:50.779399+00:00
7ad42947-c477-44fe-89a6-f4fbc3ca3e38,2026-09-09T12:24:50.779399+00:00,2026-10-09,30,DEL,BOM,DEL,BOM,DEL-BOM,6E,IndiGo,,ECONOMY,,,0,140,10:15 AM,10:15 AM,,,,,,6425.0,INR,google_flights,https://www.google.com/travel/flights?q=Flights+to+BOM+from+DEL+on+2026-10-09,html_fetch:fast-flights,DEL-BOM_apw30_20260909T122450Z_5aac9eb17525.html.gz,5aac9eb17525913637131e375b33d39f233a892fab8a949a1e9cfb87ab5a5537,DEL-BOM|2026-10-09|30|20260909T122450Z,9b1c3487c6de9f3b6e4009075dedbb5bfd36b5a7e5c4215ce1ba976e3cc94d8a,NORMALIZED,PENDING,"[""fare_components_unavailable_from_source""]",H30,CANDIDATE,TOTAL_ONLY,2026-09-09 12:24:50.779399+00:00
d8b8820b-99ca-4e6a-bfbe-e72efcf18748,2026-09-09T12:24:50.779399+00:00,2026-10-09,30,DEL,BOM,DEL,BOM,DEL-BOM,6E,IndiGo,,ECONOMY,,,0,135,11:00 AM,11:00 AM,,,,,,6425.0,INR,google_flights,https://www.google.com/travel/flights?q=Flights+to+BOM+from+DEL+on+2026-10-09,html_fetch:fast-flights,DEL-BOM_apw30_20260909T122450Z_5aac9eb17525.html.gz,5aac9eb17525913637131e375b33d39f233a892fab8a949a1e9cfb87ab5a5537,DEL-BOM|2026-10-09|30|20260909T122450Z,c73d0065e66776e0ec721ce05c0c03ac9d4b8b1146843d37dda4a36a97a0ab0c,NORMALIZED,PENDING,"[""fare_components_unavailable_from_source""]",H30,CANDIDATE,TOTAL_ONLY,2026-09-09 12:24:50.779399+00:00
0c18579a-6570-406d-bfe0-0619f7765578,2026-09-09T12:24:50.779399+00:00,2026-10-09,30,DEL,BOM,DEL,BOM,DEL-BOM,6E,IndiGo,,ECONOMY,,,0,135,12:00 PM,12:00 PM,,,,,,6425.0,INR,google_flights,https://www.google.com/travel/flights?q=Flights+to+BOM+from+DEL+on+2026-10-09,html_fetch:fast-flights,DEL-BOM_apw30_20260909T122450Z_5aac9eb17525.html.gz,5aac9eb17525913637131e375b33d39f233a892fab8a949a1e9cfb87ab5a5537,DEL-BOM|2026-10-09|30|20260909T122450Z,e307176b41d7fc6b858ca59f48d53249f48bdf7e35cb82892129d80d0348ab89,NORMALIZED,PENDING,"[""fare_components_unavailable_from_source""]",H30,CANDIDATE,TOTAL_ONLY,2026-09-09 12:24:50.779399+00:00
1359ec8d-5cf5-40a4-ac42-54397d19ada3,2026-09-09T12:24:50.779399+00:00,2026-10-09,30,DEL,BOM,DEL,BOM,DEL-BOM,6E,IndiGo,,ECONOMY,,,0,130,1:00 PM,1:00 PM,,,,,,6425.0,INR,google_flights,https://www.google.com/travel/flights?q=Flights+to+BOM+from+DEL+on+2026-10-09,html_fetch:fast-flights,DEL-BOM_apw30_20260909T122450Z_5aac9eb17525.html.gz,5aac9eb17525913637131e375b33d39f233a892fab8a949a1e9cfb87ab5a5537,DEL-BOM|2026-10-09|30|20260909T122450Z,9d918330dc47be1e600b9310a6906650cffe65e335eda04d5e5b667cf3f4ad1f,NORMALIZED,PENDING,"[""fare_components_unavailable_from_source""]",H30,CANDIDATE,TOTAL_ONLY,2026-09-09 12:24:50.779399+00:00
a8b3d9a5-1338-4a83-8fd4-2e66c6e008db,2026-09-09T12:24:50.779399+00:00,2026-10-09,30,DEL,BOM,DEL,BOM,DEL-BOM,6E,IndiGo,,ECONOMY,,,0,145,2:00 PM,2:00 PM,,,,,,6425.0,INR,google_flights,https://www.google.com/travel/flights?q=Flights+to+BOM+from+DEL+on+2026-10-09,html_fetch:fast-flights,DEL-BOM_apw30_20260909T122450Z_5aac9eb17525.html.gz,5aac9eb17525913637131e375b33d39f233a892fab8a949a1e9cfb87ab5a5537,DEL-BOM|2026-10-09|30|20260909T122450Z,ee8891be558518795c610508f0f8cd7e841fe16fc060b9c6d64a6c44c2837d2d,NORMALIZED,PENDING,"[""fare_components_unavailable_from_source""]",H30,CANDIDATE,TOTAL_ONLY,2026-09-09 12:24:50.779399+00:00
5a7b230a-a851-48a4-9d6e-db4837610957,2026-09-09T12:24:50.779399+00:00,2026-10-09,30,DEL,BOM,DEL,BOM,DEL-BOM,6E,IndiGo,,ECONOMY,,,0,135,2:45 PM,2:45 PM,,,,,,6425.0,INR,google_flights,https://www.google.com/travel/flights?q=Flights+to+BOM+from+DEL+on+2026-10-09,html_fetch:fast-flights,DEL-BOM_apw30_20260909T122450Z_5aac9eb17525.html.gz,5aac9eb17525913637131e375b33d39f233a892fab8a949a1e9cfb87ab5a5537,DEL-BOM|2026-10-09|30|20260909T122450Z,aae7169a34b85bf0aea13f41e874230b64a6e695f05a00adaa5ddb0757cdc2c1,NORMALIZED,PENDING,"[""fare_components_unavailable_from_source""]",H30,CANDIDATE,TOTAL_ONLY,2026-09-09 12:24:50.779399+00:00
00bd2704-127a-4034-a0c1-8260750315d0,2026-09-09T12:24:50.779399+00:00,2026-10-09,30,DEL,BOM,DEL,BOM,DEL-BOM,6E,IndiGo,,ECONOMY,,,0,135,3:30 PM,3:30 PM,,,,,,6425.0,INR,google_flights,https://www.google.com/travel/flights?q=Flights+to+BOM+from+DEL+on+2026-10-09,html_fetch:fast-flights,DEL-BOM_apw30_20260909T122450Z_5aac9eb17525.html.gz,5aac9eb17525913637131e375b33d39f233a892fab8a949a1e9cfb87ab5a5537,DEL-BOM|2026-10-09|30|20260909T122450Z,33f9a6412ca62a9a4d91e77e9095a7cc364748483fea3e5c6b6f1d00b450ef92,NORMALIZED,PENDING,"[""fare_components_unavailable_from_source""]",H30,CANDIDATE,TOTAL_ONLY,2026-09-09 12:24:50.779399+00:00
54c3b5d7-ec4b-4bff-a2eb-c91fe50626dc,2026-09-09T12:24:50.779399+00:00,2026-10-09,30,DEL,BOM,DEL,BOM,DEL-BOM,6E,IndiGo,,ECONOMY,,,0,135,11:30 PM,11:30 PM,,,,,,6425.0,INR,google_flights,https://www.google.com/travel/flights?q=Flights+to+BOM+from+DEL+on+2026-10-09,html_fetch:fast-flights,DEL-BOM_apw30_20260909T122450Z_5aac9eb17525.html.gz,5aac9eb17525913637131e375b33d39f233a892fab8a949a1e9cfb87ab5a5537,DEL-BOM|2026-10-09|30|20260909T122450Z,8f68fe30f573981330b096e9ba954b3d76a6175617ca513ce047ced10e1a0ecb,NORMALIZED,PENDING,"[""fare_components_unavailable_from_source""]",H30,CANDIDATE,TOTAL_ONLY,2026-09-09 12:24:50.779399+00:00
0a7e8a38-6889-402d-913f-630d915134cd,2026-09-09T12:24:50.779399+00:00,2026-10-09,30,DEL,BOM,DEL,BOM,DEL-BOM,6E,IndiGo,,ECONOMY,,,0,135,6:05 AM,6:05 AM,,,,,,6583.0,INR,google_flights,https://www.google.com/travel/flights?q=Flights+to+BOM+from+DEL+on+2026-10-09,html_fetch:fast-flights,DEL-BOM_apw30_20260909T122450Z_5aac9eb17525.html.gz,5aac9eb17525913637131e375b33d39f233a892fab8a949a1e9cfb87ab5a5537,DEL-BOM|2026-10-09|30|20260909T122450Z,602114bf638eb2bc34a275742ce15a06e09ac893ce6c933cb1bdbb140610e807,NORMALIZED,PENDING,"[""fare_components_unavailable_from_source""]",H30,CANDIDATE,TOTAL_ONLY,2026-09-09 12:24:50.779399+00:00
0262c114-482d-41d5-9af5-e13ed8baf122,2026-09-09T12:24:50.779399+00:00,2026-10-09,30,DEL,BOM,DEL,BOM,DEL-BOM,6E,IndiGo,,ECONOMY,,,0,140,4:15 PM,4:15 PM,,,,,,6583.0,INR,google_flights,https://www.google.com/travel/flights?q=Flights+to+BOM+from+DEL+on+2026-10-09,html_fetch:fast-flights,DEL-BOM_apw30_20260909T122450Z_5aac9eb17525.html.gz,5aac9eb17525913637131e375b33d39f233a892fab8a949a1e9cfb87ab5a5537,DEL-BOM|2026-10-09|30|20260909T122450Z,088a80ec3c0f74318a84f89587aaff63e25bc1e3beb8c3d752f0949318cbebc7,NORMALIZED,PENDING,"[""fare_components_unavailable_from_source""]",H30,CANDIDATE,TOTAL_ONLY,2026-09-09 12:24:50.779399+00:00
4ed130f1-05b8-47ee-a102-12171449e08f,2026-09-09T12:24:50.779399+00:00,2026-10-09,30,DEL,BOM,DEL,BOM,DEL-BOM,AI,Air India,,ECONOMY,,,0,140,6:30 AM,6:30 AM,,,,,,6740.0,INR,google_flights,https://www.google.com/travel/flights?q=Flights+to+BOM+from+DEL+on+2026-10-09,html_fetch:fast-flights,DEL-BOM_apw30_20260909T122450Z_5aac9eb17525.html.gz,5aac9eb17525913637131e375b33d39f233a892fab8a949a1e9cfb87ab5a5537,DEL-BOM|2026-10-09|30|20260909T122450Z,d87004528053ac594278276071504acf7919cc79ddf8af173a7b28bc452f465f,NORMALIZED,PENDING,"[""fare_components_unavailable_from_source""]",H30,CANDIDATE,TOTAL_ONLY,2026-09-09 12:24:50.779399+00:00
4ff05f36-9d93-4bc2-8c80-c6fdf8f60720,2026-09-09T12:24:50.779399+00:00,2026-10-09,30,DEL,BOM,DEL,BOM,DEL-BOM,AI,Air India,,ECONOMY,,,0,140,1:30 PM,1:30 PM,,,,,,6740.0,INR,google_flights,https://www.google.com/travel/flights?q=Flights+to+BOM+from+DEL+on+2026-10-09,html_fetch:fast-flights,DEL-BOM_apw30_20260909T122450Z_5aac9eb17525.html.gz,5aac9eb17525913637131e375b33d39f233a892fab8a949a1e9cfb87ab5a5537,DEL-BOM|2026-10-09|30|20260909T122450Z,4d334a8ec7646501e1acaac2b85ab68654320ec9765bd0aabaeec252460123f4,NORMALIZED,PENDING,"[""fare_components_unavailable_from_source""]",H30,CANDIDATE,TOTAL_ONLY,2026-09-09 12:24:50.779399+00:00
b063248c-836c-49a1-9a82-2d717fcb08ae,2026-09-09T12:24:50.779399+00:00,2026-10-09,30,DEL,BOM,DEL,BOM,DEL-BOM,AI,Air India,,ECONOMY,,,0,145,11:00 PM,11:00 PM,,,,,,6740.0,INR,google_flights,https://www.google.com/travel/flights?q=Flights+to+BOM+from+DEL+on+2026-10-09,html_fetch:fast-flights,DEL-BOM_apw30_20260909T122450Z_5aac9eb17525.html.gz,5aac9eb17525913637131e375b33d39f233a892fab8a949a1e9cfb87ab5a5537,DEL-BOM|2026-10-09|30|20260909T122450Z,96cdfb4f8513bdddaf1f8e5c2a104199fab9944e6db80b418e81750945073bfb,NORMALIZED,PENDING,"[""fare_components_unavailable_from_source""]",H30,CANDIDATE,TOTAL_ONLY,2026-09-09 12:24:50.779399+00:00
1aca7ee8-55ca-4822-9c55-413a598f4ff3,2026-09-09T12:24:50.779399+00:00,2026-10-09,30,DEL,BOM,DEL,BOM,DEL-BOM,AI,Air India,,ECONOMY,,,0,145,12:00 PM,12:00 PM,,,,,,6745.0,INR,google_flights,https://www.google.com/travel/flights?q=Flights+to+BOM+from+DEL+on+2026-10-09,html_fetch:fast-flights,DEL-BOM_apw30_20260909T122450Z_5aac9eb17525.html.gz,5aac9eb17525913637131e375b33d39f233a892fab8a949a1e9cfb87ab5a5537,DEL-BOM|2026-10-09|30|20260909T122450Z,690ae4c3c46d29ccb24de839abbb0579b41e4dc397f06bd25a83749f5e05e69d,NORMALIZED,PENDING,"[""fare_components_unavailable_from_source""]",H30,CANDIDATE,TOTAL_ONLY,2026-09-09 12:24:50.779399+00:00
d4b23ac0-b279-4223-af67-97b396067369,2026-09-09T12:24:50.779399+00:00,2026-10-09,30,DEL,BOM,DEL,BOM,DEL-BOM,AI,Air India,,ECONOMY,,,0,145,4:00 PM,4:00 PM,,,,,,6745.0,INR,google_flights,https://www.google.com/travel/flights?q=Flights+to+BOM+from+DEL+on+2026-10-09,html_fetch:fast-flights,DEL-BOM_apw30_20260909T122450Z_5aac9eb17525.html.gz,5aac9eb17525913637131e375b33d39f233a892fab8a949a1e9cfb87ab5a5537,DEL-BOM|2026-10-09|30|20260909T122450Z,7450a6d00a9459786784ed0d2f4aced5ab346c621706854f21fd93c7ade99b4d,NORMALIZED,PENDING,"[""fare_components_unavailable_from_source""]",H30,CANDIDATE,TOTAL_ONLY,2026-09-09 12:24:50.779399+00:00
1e051e45-3bb1-461b-ae53-a982d2985632,2026-09-09T12:24:50.779399+00:00,2026-10-09,30,DEL,BOM,DEL,BOM,DEL-BOM,SG,SpiceJet,,ECONOMY,,,0,155,7:55 PM,7:55 PM,,,,,,6778.0,INR,google_flights,https://www.google.com/travel/flights?q=Flights+to+BOM+from+DEL+on+2026-10-09,html_fetch:fast-flights,DEL-BOM_apw30_20260909T122450Z_5aac9eb17525.html.gz,5aac9eb17525913637131e375b33d39f233a892fab8a949a1e9cfb87ab5a5537,DEL-BOM|2026-10-09|30|20260909T122450Z,bb1aea957188d58acfd440cd0a782fc97db1d904f8becf3263953b69914d5568,NORMALIZED,PENDING,"[""fare_components_unavailable_from_source""]",H30,CANDIDATE,TOTAL_ONLY,2026-09-09 12:24:50.779399+00:00
adf4bd48-d172-4dbe-8f55-7fff644463a3,2026-09-09T12:24:50.779399+00:00,2026-10-09,30,DEL,BOM,DEL,BOM,DEL-BOM,SG,SpiceJet,,ECONOMY,,,0,140,10:30 PM,10:30 PM,,,,,,6778.0,INR,google_flights,https://www.google.com/travel/flights?q=Flights+to+BOM+from+DEL+on+2026-10-09,html_fetch:fast-flights,DEL-BOM_apw30_20260909T122450Z_5aac9eb17525.html.gz,5aac9eb17525913637131e375b33d39f233a892fab8a949a1e9cfb87ab5a5537,DEL-BOM|2026-10-09|30|20260909T122450Z,a44601282b4e36ea9ea0712f7e84b7d35ac6e58d7c457ee8af16d199e3b06f66,NORMALIZED,PENDING,"[""fare_components_unavailable_from_source""]",H30,CANDIDATE,TOTAL_ONLY,2026-09-09 12:24:50.779399+00:00
e3071fc6-c185-44ae-8f2c-7b1bec509d55,2026-09-09T12:24:50.779399+00:00,2026-10-09,30,DEL,BOM,DEL,BOM,DEL-BOM,AI,Air India,,ECONOMY,,,0,145,11:25 PM,11:25 PM,,,,,,6779.0,INR,google_flights,https://www.google.com/travel/flights?q=Flights+to+BOM+from+DEL+on+2026-10-09,html_fetch:fast-flights,DEL-BOM_apw30_20260909T122450Z_5aac9eb17525.html.gz,5aac9eb17525913637131e375b33d39f233a892fab8a949a1e9cfb87ab5a5537,DEL-BOM|2026-10-09|30|20260909T122450Z,8377e01dee7b13f52d9e923d26bcf239816ad8e59c1285a9625c4be1d02f73e0,NORMALIZED,PENDING,"[""fare_components_unavailable_from_source""]",H30,CANDIDATE,TOTAL_ONLY,2026-09-09 12:24:50.779399+00:00
af9d3c09-afdd-4892-978f-cab3b299cd41,2026-09-09T12:24:50.779399+00:00,2026-10-09,30,DEL,BOM,DEL,BOM,DEL-BOM,6E,IndiGo,,ECONOMY,,,0,135,7:15 AM,7:15 AM,,,,,,6793.0,INR,google_flights,https://www.google.com/travel/flights?q=Flights+to+BOM+from+DEL+on+2026-10-09,html_fetch:fast-flights,DEL-BOM_apw30_20260909T122450Z_5aac9eb17525.html.gz,5aac9eb17525913637131e375b33d39f233a892fab8a949a1e9cfb87ab5a5537,DEL-BOM|2026-10-09|30|20260909T122450Z,18b01dbb05f9421ef9050f8ee4fd2c62dfde9433e953377c36d5c3ef6da1916a,NORMALIZED,PENDING,"[""fare_components_unavailable_from_source""]",H30,CANDIDATE,TOTAL_ONLY,2026-09-09 12:24:50.779399+00:00
74a646db-66f8-4e9f-beac-e422ce0b5f2d,2026-09-09T12:24:50.779399+00:00,2026-10-09,30,DEL,BOM,DEL,BOM,DEL-BOM,6E,IndiGo,,ECONOMY,,,0,140,8:00 AM,8:00 AM,,,,,,6793.0,INR,google_flights,https://www.google.com/travel/flights?q=Flights+to+BOM+from+DEL+on+2026-10-09,html_fetch:fast-flights,DEL-BOM_apw30_20260909T122450Z_5aac9eb17525.html.gz,5aac9eb17525913637131e375b33d39f233a892fab8a949a1e9cfb87ab5a5537,DEL-BOM|2026-10-09|30|20260909T122450Z,4b07b398d9219024660e9b36fbda995a4de8e50c78cd1d758b313c466d3dd0d4,NORMALIZED,PENDING,"[""fare_components_unavailable_from_source""]",H30,CANDIDATE,TOTAL_ONLY,2026-09-09 12:24:50.779399+00:00
abc29b4f-94cf-4ef6-a5df-77b24ca5bce2,2026-09-09T12:24:50.779399+00:00,2026-10-09,30,DEL,BOM,DEL,BOM,DEL-BOM,6E,IndiGo,,ECONOMY,,,0,135,5:00 PM,5:00 PM,,,,,,6793.0,INR,google_flights,https://www.google.com/travel/flights?q=Flights+to+BOM+from+DEL+on+2026-10-09,html_fetch:fast-flights,DEL-BOM_apw30_20260909T122450Z_5aac9eb17525.html.gz,5aac9eb17525913637131e375b33d39f233a892fab8a949a1e9cfb87ab5a5537,DEL-BOM|2026-10-09|30|20260909T122450Z,47a785a6a33b13b1a7fa2520adc9e1194a001330b0e75998af65dc60505653cd,NORMALIZED,PENDING,"[""fare_components_unavailable_from_source""]",H30,CANDIDATE,TOTAL_ONLY,2026-09-09 12:24:50.779399+00:00
d6e9d77e-e596-479b-8b0d-ac7bf8d05f13,2026-09-09T12:24:50.779399+00:00,2026-10-09,30,DEL,BOM,DEL,BOM,DEL-BOM,6E,IndiGo,,ECONOMY,,,0,140,9:45 PM,9:45 PM,,,,,,6793.0,INR,google_flights,https://www.google.com/travel/flights?q=Flights+to+BOM+from+DEL+on+2026-10-09,html_fetch:fast-flights,DEL-BOM_apw30_20260909T122450Z_5aac9eb17525.html.gz,5aac9eb17525913637131e375b33d39f233a892fab8a949a1e9cfb87ab5a5537,DEL-BOM|2026-10-09|30|20260909T122450Z,eedcdc98a40b819dbe5af4ff08b58ed55bce4d636be9e48df43de6c94f6edb7e,NORMALIZED,PENDING,"[""fare_components_unavailable_from_source""]",H30,CANDIDATE,TOTAL_ONLY,2026-09-09 12:24:50.779399+00:00
3be3beea-e063-407a-9765-f88c410bbde9,2026-09-09T12:24:50.779399+00:00,2026-10-09,30,DEL,BOM,DEL,BOM,DEL-BOM,6E,IndiGo,,ECONOMY,,,0,140,10:45 PM,10:45 PM,,,,,,6793.0,INR,google_flights,https://www.google.com/travel/flights?q=Flights+to+BOM+from+DEL+on+2026-10-09,html_fetch:fast-flights,DEL-BOM_apw30_20260909T122450Z_5aac9eb17525.html.gz,5aac9eb17525913637131e375b33d39f233a892fab8a949a1e9cfb87ab5a5537,DEL-BOM|2026-10-09|30|20260909T122450Z,e0a321cf3920d08c6f07a740c80cddf9e5324c5ed46065f8806b5dd3a80af396,NORMALIZED,PENDING,"[""fare_components_unavailable_from_source""]",H30,CANDIDATE,TOTAL_ONLY,2026-09-09 12:24:50.779399+00:00
fc049be5-66c0-4cd4-9a2f-9044bf91e892,2026-09-09T12:24:50.779399+00:00,2026-10-09,30,DEL,BOM,DEL,BOM,DEL-BOM,QP,Akasa Air,,ECONOMY,,,0,140,6:50 AM,6:50 AM,,,,,,6880.0,INR,google_flights,https://www.google.com/travel/flights?q=Flights+to+BOM+from+DEL+on+2026-10-09,html_fetch:fast-flights,DEL-BOM_apw30_20260909T122450Z_5aac9eb17525.html.gz,5aac9eb17525913637131e375b33d39f233a892fab8a949a1e9cfb87ab5a5537,DEL-BOM|2026-10-09|30|20260909T122450Z,67b06db97cf065e381ff7dfde8f6153e5f9ff0ea0c723b4532de8d0de7928781,NORMALIZED,PENDING,"[""fare_components_unavailable_from_source""]",H30,CANDIDATE,TOTAL_ONLY,2026-09-09 12:24:50.779399+00:00
76995f71-d7f6-41e0-88ca-291c06df28f3,2026-09-09T12:24:50.779399+00:00,2026-10-09,30,DEL,BOM,DEL,BOM,DEL-BOM,QP,Akasa Air,,ECONOMY,,,0,140,10:00 AM,10:00 AM,,,,,,6880.0,INR,google_flights,https://www.google.com/travel/flights?q=Flights+to+BOM+from+DEL+on+2026-10-09,html_fetch:fast-flights,DEL-BOM_apw30_20260909T122450Z_5aac9eb17525.html.gz,5aac9eb17525913637131e375b33d39f233a892fab8a949a1e9cfb87ab5a5537,DEL-BOM|2026-10-09|30|20260909T122450Z,15de33103c4b93fa5b9b8a935b0376ccc2bf35777b640ff1b3c8e8ba055d6fca,NORMALIZED,PENDING,"[""fare_components_unavailable_from_source""]",H30,CANDIDATE,TOTAL_ONLY,2026-09-09 12:24:50.779399+00:00
dd3ef6bd-9c14-4662-9fce-bc9cd7cb1c35,2026-09-09T12:24:50.779399+00:00,2026-10-09,30,DEL,BOM,DEL,BOM,DEL-BOM,QP,Akasa Air,,ECONOMY,,,0,140,4:00 PM,4:00 PM,,,,,,6880.0,INR,google_flights,https://www.google.com/travel/flights?q=Flights+to+BOM+from+DEL+on+2026-10-09,html_fetch:fast-flights,DEL-BOM_apw30_20260909T122450Z_5aac9eb17525.html.gz,5aac9eb17525913637131e375b33d39f233a892fab8a949a1e9cfb87ab5a5537,DEL-BOM|2026-10-09|30|20260909T122450Z,15605c3ab12021145b54f782c9a15ebd75428d84a29e6cf0d3f6093577fd9551,NORMALIZED,PENDING,"[""fare_components_unavailable_from_source""]",H30,CANDIDATE,TOTAL_ONLY,2026-09-09 12:24:50.779399+00:00
a2081721-1cb8-4dcb-b2de-25eaf3b3e5bc,2026-09-09T12:24:50.779399+00:00,2026-10-09,30,DEL,BOM,DEL,BOM,DEL-BOM,QP,Akasa Air,,ECONOMY,,,0,140,5:30 PM,5:30 PM,,,,,,6880.0,INR,google_flights,https://www.google.com/travel/flights?q=Flights+to+BOM+from+DEL+on+2026-10-09,html_fetch:fast-flights,DEL-BOM_apw30_20260909T122450Z_5aac9eb17525.html.gz,5aac9eb17525913637131e375b33d39f233a892fab8a949a1e9cfb87ab5a5537,DEL-BOM|2026-10-09|30|20260909T122450Z,a7ea7d3fc5e0760622b919c3046b0d5512900f0a6beaaa62660a55c6f4298a49,NORMALIZED,PENDING,"[""fare_components_unavailable_from_source""]",H30,CANDIDATE,TOTAL_ONLY,2026-09-09 12:24:50.779399+00:00
9642e8db-e6cf-42e2-b4ed-d679f9f9623c,2026-09-09T12:24:50.779399+00:00,2026-10-09,30,DEL,BOM,DEL,BOM,DEL-BOM,QP,Akasa Air,,ECONOMY,,,0,145,7:55 PM,7:55 PM,,,,,,6880.0,INR,google_flights,https://www.google.com/travel/flights?q=Flights+to+BOM+from+DEL+on+2026-10-09,html_fetch:fast-flights,DEL-BOM_apw30_20260909T122450Z_5aac9eb17525.html.gz,5aac9eb17525913637131e375b33d39f233a892fab8a949a1e9cfb87ab5a5537,DEL-BOM|2026-10-09|30|20260909T122450Z,e25e885d17844230767772f4e0ac183f74909dcce8bab2768bdb3e62c5bd8a48,NORMALIZED,PENDING,"[""fare_components_unavailable_from_source""]",H30,CANDIDATE,TOTAL_ONLY,2026-09-09 12:24:50.779399+00:00
8b704713-eb0d-4be2-a105-407e6a4413d0,2026-09-09T12:24:50.779399+00:00,2026-10-09,30,DEL,BOM,DEL,BOM,DEL-BOM,AI,Air India,,ECONOMY,,,0,145,7:00 AM,7:00 AM,,,,,,6950.0,INR,google_flights,https://www.google.com/travel/flights?q=Flights+to+BOM+from+DEL+on+2026-10-09,html_fetch:fast-flights,DEL-BOM_apw30_20260909T122450Z_5aac9eb17525.html.gz,5aac9eb17525913637131e375b33d39f233a892fab8a949a1e9cfb87ab5a5537,DEL-BOM|2026-10-09|30|20260909T122450Z,8691de5bde05c20b78db13f60b15c81938bb33c02c812e5cd72f3987016d54f5,NORMALIZED,PENDING,"[""fare_components_unavailable_from_source""]",H30,CANDIDATE,TOTAL_ONLY,2026-09-09 12:24:50.779399+00:00
9e3f2cd0-665e-4731-bcfa-476671e8a19c,2026-09-09T12:24:50.779399+00:00,2026-10-09,30,DEL,BOM,DEL,BOM,DEL-BOM,AI,Air India,,ECONOMY,,,0,145,7:30 AM,7:30 AM,,,,,,6950.0,INR,google_flights,https://www.google.com/travel/flights?q=Flights+to+BOM+from+DEL+on+2026-10-09,html_fetch:fast-flights,DEL-BOM_apw30_20260909T122450Z_5aac9eb17525.html.gz,5aac9eb17525913637131e375b33d39f233a892fab8a949a1e9cfb87ab5a5537,DEL-BOM|2026-10-09|30|20260909T122450Z,ad7ca78bfd557d39520f08adeead2b5a75bc4ec48eded185040188a039265a06,NORMALIZED,PENDING,"[""fare_components_unavailable_from_source""]",H30,CANDIDATE,TOTAL_ONLY,2026-09-09 12:24:50.779399+00:00
41d3d09f-0318-465a-bdcc-1b0d18f736a1,2026-09-09T12:24:50.779399+00:00,2026-10-09,30,DEL,BOM,DEL,BOM,DEL-BOM,AI,Air India,,ECONOMY,,,0,145,5:00 PM,5:00 PM,,,,,,6950.0,INR,google_flights,https://www.google.com/travel/flights?q=Flights+to+BOM+from+DEL+on+2026-10-09,html_fetch:fast-flights,DEL-BOM_apw30_20260909T122450Z_5aac9eb17525.html.gz,5aac9eb17525913637131e375b33d39f233a892fab8a949a1e9cfb87ab5a5537,DEL-BOM|2026-10-09|30|20260909T122450Z,534e02e1071e69b3550d2ebc92de801a78f4ddfe74ece7266ae7f717ea3141c8,NORMALIZED,PENDING,"[""fare_components_unavailable_from_source""]",H30,CANDIDATE,TOTAL_ONLY,2026-09-09 12:24:50.779399+00:00
bb754305-ff66-48c2-8d03-9f9db3a135c2,2026-09-09T12:24:50.779399+00:00,2026-10-09,30,DEL,BOM,DEL,BOM,DEL-BOM,AI,Air India,,ECONOMY,,,0,150,8:30 PM,8:30 PM,,,,,,6950.0,INR,google_flights,https://www.google.com/travel/flights?q=Flights+to+BOM+from+DEL+on+2026-10-09,html_fetch:fast-flights,DEL-BOM_apw30_20260909T122450Z_5aac9eb17525.html.gz,5aac9eb17525913637131e375b33d39f233a892fab8a949a1e9cfb87ab5a5537,DEL-BOM|2026-10-09|30|20260909T122450Z,5ea621251ca66674ec810c67d1b36bf94d01b08f8093d9723a5d4f0910a7cebf,NORMALIZED,PENDING,"[""fare_components_unavailable_from_source""]",H30,CANDIDATE,TOTAL_ONLY,2026-09-09 12:24:50.779399+00:00
6e5cf5ab-df58-42d2-bd08-c54a7103dbb8,2026-09-09T12:24:50.779399+00:00,2026-10-09,30,DEL,BOM,DEL,BOM,DEL-BOM,AI,Air India,,ECONOMY,,,0,140,9:00 PM,9:00 PM,,,,,,6950.0,INR,google_flights,https://www.google.com/travel/flights?q=Flights+to+BOM+from+DEL+on+2026-10-09,html_fetch:fast-flights,DEL-BOM_apw30_20260909T122450Z_5aac9eb17525.html.gz,5aac9eb17525913637131e375b33d39f233a892fab8a949a1e9cfb87ab5a5537,DEL-BOM|2026-10-09|30|20260909T122450Z,8fe398fdc29edd0390a1d182b79a6ade094675f74721e672c2fa833f97f372e7,NORMALIZED,PENDING,"[""fare_components_unavailable_from_source""]",H30,CANDIDATE,TOTAL_ONLY,2026-09-09 12:24:50.779399+00:00
377ff66a-e860-4ccb-9526-02d42852dd11,2026-09-09T12:24:50.779399+00:00,2026-10-09,30,DEL,BOM,DEL,BOM,DEL-BOM,AI,Air India,,ECONOMY,,,0,145,9:30 PM,9:30 PM,,,,,,6950.0,INR,google_flights,https://www.google.com/travel/flights?q=Flights+to+BOM+from+DEL+on+2026-10-09,html_fetch:fast-flights,DEL-BOM_apw30_20260909T122450Z_5aac9eb17525.html.gz,5aac9eb17525913637131e375b33d39f233a892fab8a949a1e9cfb87ab5a5537,DEL-BOM|2026-10-09|30|20260909T122450Z,5fd0e578013cc31d0d53b29e6549a282aae3398e9c1226c56e0c2bd8e4f05ef2,NORMALIZED,PENDING,"[""fare_components_unavailable_from_source""]",H30,CANDIDATE,TOTAL_ONLY,2026-09-09 12:24:50.779399+00:00
4df7fa64-4838-4e8c-8a23-69143f4728b8,2026-09-09T12:24:50.779399+00:00,2026-10-09,30,DEL,BOM,DEL,BOM,DEL-BOM,AI,Air India,,ECONOMY,,,0,140,5:50 PM,5:50 PM,,,,,,6989.0,INR,google_flights,https://www.google.com/travel/flights?q=Flights+to+BOM+from+DEL+on+2026-10-09,html_fetch:fast-flights,DEL-BOM_apw30_20260909T122450Z_5aac9eb17525.html.gz,5aac9eb17525913637131e375b33d39f233a892fab8a949a1e9cfb87ab5a5537,DEL-BOM|2026-10-09|30|20260909T122450Z,7eb8f6429547f22d415f56f3d1900e91a8e92b056293964ce22d32bf34159e66,NORMALIZED,PENDING,"[""fare_components_unavailable_from_source""]",H30,CANDIDATE,TOTAL_ONLY,2026-09-09 12:24:50.779399+00:00
33d090f1-5f6d-4e13-a143-5d9535d335e6,2026-09-09T12:24:50.779399+00:00,2026-10-09,30,DEL,BOM,DEL,BOM,DEL-BOM,6E,IndiGo,,ECONOMY,,,0,135,6:00 PM,6:00 PM,,,,,,7055.0,INR,google_flights,https://www.google.com/travel/flights?q=Flights+to+BOM+from+DEL+on+2026-10-09,html_fetch:fast-flights,DEL-BOM_apw30_20260909T122450Z_5aac9eb17525.html.gz,5aac9eb17525913637131e375b33d39f233a892fab8a949a1e9cfb87ab5a5537,DEL-BOM|2026-10-09|30|20260909T122450Z,61b2f9b4fb959ce6ba435606020dd6d7b7a5ce6f33fdd6bb34f1f5a37b458915,NORMALIZED,PENDING,"[""fare_components_unavailable_from_source""]",H30,CANDIDATE,TOTAL_ONLY,2026-09-09 12:24:50.779399+00:00
d3b253bd-5ae9-42cc-af0f-fd4d97d5cf16,2026-09-09T12:24:50.779399+00:00,2026-10-09,30,DEL,BOM,DEL,BOM,DEL-BOM,6E,IndiGo,,ECONOMY,,,0,145,7:00 PM,7:00 PM,,,,,,7055.0,INR,google_flights,https://www.google.com/travel/flights?q=Flights+to+BOM+from+DEL+on+2026-10-09,html_fetch:fast-flights,DEL-BOM_apw30_20260909T122450Z_5aac9eb17525.html.gz,5aac9eb17525913637131e375b33d39f233a892fab8a949a1e9cfb87ab5a5537,DEL-BOM|2026-10-09|30|20260909T122450Z,48f95e7617e1f7d48b674ae7c3c7cd648732d467c3ae3d43725fecb57dfcae54,NORMALIZED,PENDING,"[""fare_components_unavailable_from_source""]",H30,CANDIDATE,TOTAL_ONLY,2026-09-09 12:24:50.779399+00:00
0e5a0acd-bcd6-40fe-966e-616e5798fd86,2026-09-09T12:24:50.779399+00:00,2026-10-09,30,DEL,BOM,DEL,BOM,DEL-BOM,6E,IndiGo,,ECONOMY,,,0,130,8:00 PM,8:00 PM,,,,,,7055.0,INR,google_flights,https://www.google.com/travel/flights?q=Flights+to+BOM+from+DEL+on+2026-10-09,html_fetch:fast-flights,DEL-BOM_apw30_20260909T122450Z_5aac9eb17525.html.gz,5aac9eb17525913637131e375b33d39f233a892fab8a949a1e9cfb87ab5a5537,DEL-BOM|2026-10-09|30|20260909T122450Z,14268ba2f57287aab4028ef2476787561240fca023025c50c92fa56a497be6ca,NORMALIZED,PENDING,"[""fare_components_unavailable_from_source""]",H30,CANDIDATE,TOTAL_ONLY,2026-09-09 12:24:50.779399+00:00
726ea4aa-ce40-42eb-b16d-005f1d990e93,2026-09-09T12:24:50.779399+00:00,2026-10-09,30,DEL,BOM,DEL,BOM,DEL-BOM,6E,IndiGo,,ECONOMY,,,0,135,8:45 PM,8:45 PM,,,,,,7055.0,INR,google_flights,https://www.google.com/travel/flights?q=Flights+to+BOM+from+DEL+on+2026-10-09,html_fetch:fast-flights,DEL-BOM_apw30_20260909T122450Z_5aac9eb17525.html.gz,5aac9eb17525913637131e375b33d39f233a892fab8a949a1e9cfb87ab5a5537,DEL-BOM|2026-10-09|30|20260909T122450Z,caabd7703908e55e5171cb97c8da55b9c340c34f5513e08030fe7609d853378c,NORMALIZED,PENDING,"[""fare_components_unavailable_from_source""]",H30,CANDIDATE,TOTAL_ONLY,2026-09-09 12:24:50.779399+00:00
571c86a7-a7f1-4349-9bb8-1a13a262c77d,2026-09-09T12:24:50.779399+00:00,2026-10-09,30,DEL,BOM,DEL,BOM,DEL-BOM,AI,Air India,,ECONOMY,,,0,145,7:30 PM,7:30 PM,,,,,,7181.0,INR,google_flights,https://www.google.com/travel/flights?q=Flights+to+BOM+from+DEL+on+2026-10-09,html_fetch:fast-flights,DEL-BOM_apw30_20260909T122450Z_5aac9eb17525.html.gz,5aac9eb17525913637131e375b33d39f233a892fab8a949a1e9cfb87ab5a5537,DEL-BOM|2026-10-09|30|20260909T122450Z,c5807c00e9a076c2f79f32b8da91f8d6c7159a0a34fbe1ce2260987d7b6b9c39,NORMALIZED,PENDING,"[""fare_components_unavailable_from_source""]",H30,CANDIDATE,TOTAL_ONLY,2026-09-09 12:24:50.779399+00:00
49c3a96e-523a-4fbc-b5e9-a81b22438ea2,2026-09-09T12:24:50.779399+00:00,2026-10-09,30,DEL,BOM,DEL,BOM,DEL-BOM,AI,Air India,,ECONOMY,,,0,145,8:00 PM,8:00 PM,,,,,,7181.0,INR,google_flights,https://www.google.com/travel/flights?q=Flights+to+BOM+from+DEL+on+2026-10-09,html_fetch:fast-flights,DEL-BOM_apw30_20260909T122450Z_5aac9eb17525.html.gz,5aac9eb17525913637131e375b33d39f233a892fab8a949a1e9cfb87ab5a5537,DEL-BOM|2026-10-09|30|20260909T122450Z,9d568c75b4e43e842723e75240b5480ccc94d3d7b7351d0d97aee85cf76da53b,NORMALIZED,PENDING,"[""fare_components_unavailable_from_source""]",H30,CANDIDATE,TOTAL_ONLY,2026-09-09 12:24:50.779399+00:00
abf58098-958d-4528-bffa-c03ae386ad47,2026-09-09T12:24:50.779399+00:00,2026-10-09,30,DEL,BOM,DEL,BOM,DEL-BOM,AI,Air India,,ECONOMY,,,0,145,6:00 PM,6:00 PM,,,,,,7695.0,INR,google_flights,https://www.google.com/travel/flights?q=Flights+to+BOM+from+DEL+on+2026-10-09,html_fetch:fast-flights,DEL-BOM_apw30_20260909T122450Z_5aac9eb17525.html.gz,5aac9eb17525913637131e375b33d39f233a892fab8a949a1e9cfb87ab5a5537,DEL-BOM|2026-10-09|30|20260909T122450Z,57b3b0da94b978e6f4b19baf457d3e308274bfe8df72ee085075a5b6914d4828,NORMALIZED,PENDING,"[""fare_components_unavailable_from_source""]",H30,CANDIDATE,TOTAL_ONLY,2026-09-09 12:24:50.779399+00:00
f99dfd7e-4d65-4d39-9f15-30d1dbd80425,2026-09-09T12:24:50.779399+00:00,2026-10-09,30,DEL,BOM,DEL,BOM,DEL-BOM,AI,Air India,,ECONOMY,,,0,145,7:00 PM,7:00 PM,,,,,,7695.0,INR,google_flights,https://www.google.com/travel/flights?q=Flights+to+BOM+from+DEL+on+2026-10-09,html_fetch:fast-flights,DEL-BOM_apw30_20260909T122450Z_5aac9eb17525.html.gz,5aac9eb17525913637131e375b33d39f233a892fab8a949a1e9cfb87ab5a5537,DEL-BOM|2026-10-09|30|20260909T122450Z,4acb62b1fc52a2768809dc21b0ac173e971975be2cff5f66544b72e9907e30ee,NORMALIZED,PENDING,"[""fare_components_unavailable_from_source""]",H30,CANDIDATE,TOTAL_ONLY,2026-09-09 12:24:50.779399+00:00
4510fdf4-023d-4473-8311-8f53b0df4572,2026-09-09T12:24:53.873493+00:00,2026-10-24,45,DEL,BOM,DEL,BOM,DEL-BOM,SG,SpiceJet,,ECONOMY,,,0,140,9:30 AM,9:30 AM,,,,,,6778.0,INR,google_flights,https://www.google.com/travel/flights?q=Flights+to+BOM+from+DEL+on+2026-10-24,html_fetch:fast-flights,DEL-BOM_apw45_20260909T122453Z_c3f0bd4c7118.html.gz,c3f0bd4c7118fd2f2af5093702488014884d4fbbc50bb6483fcac322b5c260b2,DEL-BOM|2026-10-24|45|20260909T122453Z,3749a6cb96aec6e19ad2150a137d81c5854c793f6339ec81cb68e2650615d0a6,NORMALIZED,PENDING,"[""fare_components_unavailable_from_source""]",H45,CANDIDATE,TOTAL_ONLY,2026-09-09 12:24:53.873493+00:00
62cad47a-c0ae-4e52-b257-0155d710719b,2026-09-09T12:24:53.873493+00:00,2026-10-24,45,DEL,BOM,DEL,BOM,DEL-BOM,QP,Akasa Air,,ECONOMY,,,0,140,6:50 AM,6:50 AM,,,,,,6880.0,INR,google_flights,https://www.google.com/travel/flights?q=Flights+to+BOM+from+DEL+on+2026-10-24,html_fetch:fast-flights,DEL-BOM_apw45_20260909T122453Z_c3f0bd4c7118.html.gz,c3f0bd4c7118fd2f2af5093702488014884d4fbbc50bb6483fcac322b5c260b2,DEL-BOM|2026-10-24|45|20260909T122453Z,d8f3e0fad20be1dd33d4bf415acf5368f3f15066b2b506feb902e8a44867f04d,NORMALIZED,PENDING,"[""fare_components_unavailable_from_source""]",H45,CANDIDATE,TOTAL_ONLY,2026-09-09 12:24:53.873493+00:00
16960932-6997-406b-a4eb-d09e5380b8cc,2026-09-09T12:24:53.873493+00:00,2026-10-24,45,DEL,BOM,DEL,BOM,DEL-BOM,6E,IndiGo,,ECONOMY,,,0,135,8:45 AM,8:45 AM,,,,,,6914.0,INR,google_flights,https://www.google.com/travel/flights?q=Flights+to+BOM+from+DEL+on+2026-10-24,html_fetch:fast-flights,DEL-BOM_apw45_20260909T122453Z_c3f0bd4c7118.html.gz,c3f0bd4c7118fd2f2af5093702488014884d4fbbc50bb6483fcac322b5c260b2,DEL-BOM|2026-10-24|45|20260909T122453Z,18463a19995dfd48a5d675d5981d5e761236110145e7a35955f51998a3bb42e6,NORMALIZED,PENDING,"[""fare_components_unavailable_from_source""]",H45,CANDIDATE,TOTAL_ONLY,2026-09-09 12:24:53.873493+00:00
7f981435-0a2c-4d35-b989-b667f1a4812f,2026-09-09T12:24:53.873493+00:00,2026-10-24,45,DEL,BOM,DEL,BOM,DEL-BOM,SG,SpiceJet,,ECONOMY,,,0,150,9:55 AM,9:55 AM,,,,,,6778.0,INR,google_flights,https://www.google.com/travel/flights?q=Flights+to+BOM+from+DEL+on+2026-10-24,html_fetch:fast-flights,DEL-BOM_apw45_20260909T122453Z_c3f0bd4c7118.html.gz,c3f0bd4c7118fd2f2af5093702488014884d4fbbc50bb6483fcac322b5c260b2,DEL-BOM|2026-10-24|45|20260909T122453Z,08bf2a2be4051c66a1679afc7dfd39a2a87f93dded0548bc7af0ed290d1fc050,NORMALIZED,PENDING,"[""fare_components_unavailable_from_source""]",H45,CANDIDATE,TOTAL_ONLY,2026-09-09 12:24:53.873493+00:00
adede796-0317-43a1-9531-37f603c8e7df,2026-09-09T12:24:53.873493+00:00,2026-10-24,45,DEL,BOM,DEL,BOM,DEL-BOM,6E,IndiGo,,ECONOMY,,,0,140,3:00 AM,3:00 AM,,,,,,6914.0,INR,google_flights,https://www.google.com/travel/flights?q=Flights+to+BOM+from+DEL+on+2026-10-24,html_fetch:fast-flights,DEL-BOM_apw45_20260909T122453Z_c3f0bd4c7118.html.gz,c3f0bd4c7118fd2f2af5093702488014884d4fbbc50bb6483fcac322b5c260b2,DEL-BOM|2026-10-24|45|20260909T122453Z,11bc1b096fc4d8fea303d34aee3ecfbef84d2fa4c1909175d088eea67452c001,NORMALIZED,PENDING,"[""fare_components_unavailable_from_source""]",H45,CANDIDATE,TOTAL_ONLY,2026-09-09 12:24:53.873493+00:00
5f9859b0-269b-4031-9687-f10428051229,2026-09-09T12:24:53.873493+00:00,2026-10-24,45,DEL,BOM,DEL,BOM,DEL-BOM,6E,IndiGo,,ECONOMY,,,0,135,5:00 AM,5:00 AM,,,,,,6914.0,INR,google_flights,https://www.google.com/travel/flights?q=Flights+to+BOM+from+DEL+on+2026-10-24,html_fetch:fast-flights,DEL-BOM_apw45_20260909T122453Z_c3f0bd4c7118.html.gz,c3f0bd4c7118fd2f2af5093702488014884d4fbbc50bb6483fcac322b5c260b2,DEL-BOM|2026-10-24|45|20260909T122453Z,176cad4e9332c887f93df9725da0ce1ff9290e7010b99fb883b3b05595311a80,NORMALIZED,PENDING,"[""fare_components_unavailable_from_source""]",H45,CANDIDATE,TOTAL_ONLY,2026-09-09 12:24:53.873493+00:00
573f16bf-b891-46c9-92d1-1e3e69cfb7a4,2026-09-09T12:24:53.873493+00:00,2026-10-24,45,DEL,BOM,DEL,BOM,DEL-BOM,6E,IndiGo,,ECONOMY,,,0,135,6:05 AM,6:05 AM,,,,,,6914.0,INR,google_flights,https://www.google.com/travel/flights?q=Flights+to+BOM+from+DEL+on+2026-10-24,html_fetch:fast-flights,DEL-BOM_apw45_20260909T122453Z_c3f0bd4c7118.html.gz,c3f0bd4c7118fd2f2af5093702488014884d4fbbc50bb6483fcac322b5c260b2,DEL-BOM|2026-10-24|45|20260909T122453Z,9bce43bbf13fad0a13e545fe43e178e97e7519467a5db787af9efe84d5b4af93,NORMALIZED,PENDING,"[""fare_components_unavailable_from_source""]",H45,CANDIDATE,TOTAL_ONLY,2026-09-09 12:24:53.873493+00:00
e6fb9668-592b-43cd-b51f-fb384e3cb2d6,2026-09-09T12:24:53.873493+00:00,2026-10-24,45,DEL,BOM,DEL,BOM,DEL-BOM,6E,IndiGo,,ECONOMY,,,0,135,7:15 AM,7:15 AM,,,,,,6914.0,INR,google_flights,https://www.google.com/travel/flights?q=Flights+to+BOM+from+DEL+on+2026-10-24,html_fetch:fast-flights,DEL-BOM_apw45_20260909T122453Z_c3f0bd4c7118.html.gz,c3f0bd4c7118fd2f2af5093702488014884d4fbbc50bb6483fcac322b5c260b2,DEL-BOM|2026-10-24|45|20260909T122453Z,5c2350618ddd04a9ddda7caaa6cc14f47fdab27fc30c36fe30ee268c6a22ea31,NORMALIZED,PENDING,"[""fare_components_unavailable_from_source""]",H45,CANDIDATE,TOTAL_ONLY,2026-09-09 12:24:53.873493+00:00
39367010-cf95-4a17-8f8d-da1947a3ee73,2026-09-09T12:24:53.873493+00:00,2026-10-24,45,DEL,BOM,DEL,BOM,DEL-BOM,6E,IndiGo,,ECONOMY,,,0,140,8:00 AM,8:00 AM,,,,,,6914.0,INR,google_flights,https://www.google.com/travel/flights?q=Flights+to+BOM+from+DEL+on+2026-10-24,html_fetch:fast-flights,DEL-BOM_apw45_20260909T122453Z_c3f0bd4c7118.html.gz,c3f0bd4c7118fd2f2af5093702488014884d4fbbc50bb6483fcac322b5c260b2,DEL-BOM|2026-10-24|45|20260909T122453Z,2b9e90b279f270559e5c14616c4ec557cd51b38e8fb2888b2f15032649d71738,NORMALIZED,PENDING,"[""fare_components_unavailable_from_source""]",H45,CANDIDATE,TOTAL_ONLY,2026-09-09 12:24:53.873493+00:00
a2dc304d-3a2b-4121-b842-c1cfcd1f5e2b,2026-09-09T12:24:53.873493+00:00,2026-10-24,45,DEL,BOM,DEL,BOM,DEL-BOM,6E,IndiGo,,ECONOMY,,,0,145,9:30 AM,9:30 AM,,,,,,6914.0,INR,google_flights,https://www.google.com/travel/flights?q=Flights+to+BOM+from+DEL+on+2026-10-24,html_fetch:fast-flights,DEL-BOM_apw45_20260909T122453Z_c3f0bd4c7118.html.gz,c3f0bd4c7118fd2f2af5093702488014884d4fbbc50bb6483fcac322b5c260b2,DEL-BOM|2026-10-24|45|20260909T122453Z,0a5915b2d71cc26ecb1333eb954d7fbe391f045e79c7e88bb4daad9212edd071,NORMALIZED,PENDING,"[""fare_components_unavailable_from_source""]",H45,CANDIDATE,TOTAL_ONLY,2026-09-09 12:24:53.873493+00:00
4125f5af-9c9d-4152-8933-c14e7a97b6e6,2026-09-09T12:24:53.873493+00:00,2026-10-24,45,DEL,BOM,DEL,BOM,DEL-BOM,6E,IndiGo,,ECONOMY,,,0,140,10:15 AM,10:15 AM,,,,,,6914.0,INR,google_flights,https://www.google.com/travel/flights?q=Flights+to+BOM+from+DEL+on+2026-10-24,html_fetch:fast-flights,DEL-BOM_apw45_20260909T122453Z_c3f0bd4c7118.html.gz,c3f0bd4c7118fd2f2af5093702488014884d4fbbc50bb6483fcac322b5c260b2,DEL-BOM|2026-10-24|45|20260909T122453Z,453d639150f7ce6c94257743ad0cffbb14ed865d8e5efc7b1cfa1f45114c5ceb,NORMALIZED,PENDING,"[""fare_components_unavailable_from_source""]",H45,CANDIDATE,TOTAL_ONLY,2026-09-09 12:24:53.873493+00:00
66a79a5d-4e35-4696-b7f3-9762631ae14f,2026-09-09T12:24:53.873493+00:00,2026-10-24,45,DEL,BOM,DEL,BOM,DEL-BOM,6E,IndiGo,,ECONOMY,,,0,135,11:00 AM,11:00 AM,,,,,,6914.0,INR,google_flights,https://www.google.com/travel/flights?q=Flights+to+BOM+from+DEL+on+2026-10-24,html_fetch:fast-flights,DEL-BOM_apw45_20260909T122453Z_c3f0bd4c7118.html.gz,c3f0bd4c7118fd2f2af5093702488014884d4fbbc50bb6483fcac322b5c260b2,DEL-BOM|2026-10-24|45|20260909T122453Z,126c10ed39ff5719bff1a0d511ced62ca220eac350facc4c4e2464d707779567,NORMALIZED,PENDING,"[""fare_components_unavailable_from_source""]",H45,CANDIDATE,TOTAL_ONLY,2026-09-09 12:24:53.873493+00:00
67b2cfcb-415c-4915-9819-be7cadf6ee19,2026-09-09T12:24:53.873493+00:00,2026-10-24,45,DEL,BOM,DEL,BOM,DEL-BOM,6E,IndiGo,,ECONOMY,,,0,135,12:00 PM,12:00 PM,,,,,,6914.0,INR,google_flights,https://www.google.com/travel/flights?q=Flights+to+BOM+from+DEL+on+2026-10-24,html_fetch:fast-flights,DEL-BOM_apw45_20260909T122453Z_c3f0bd4c7118.html.gz,c3f0bd4c7118fd2f2af5093702488014884d4fbbc50bb6483fcac322b5c260b2,DEL-BOM|2026-10-24|45|20260909T122453Z,1c357b00aff477c3278bf1ea837cb20816a7c1494ed03fb783a3955bee2621b4,NORMALIZED,PENDING,"[""fare_components_unavailable_from_source""]",H45,CANDIDATE,TOTAL_ONLY,2026-09-09 12:24:53.873493+00:00
369bf619-f0bb-4abc-bdab-26b8b24002a5,2026-09-09T12:24:53.873493+00:00,2026-10-24,45,DEL,BOM,DEL,BOM,DEL-BOM,6E,IndiGo,,ECONOMY,,,0,130,1:00 PM,1:00 PM,,,,,,6914.0,INR,google_flights,https://www.google.com/travel/flights?q=Flights+to+BOM+from+DEL+on+2026-10-24,html_fetch:fast-flights,DEL-BOM_apw45_20260909T122453Z_c3f0bd4c7118.html.gz,c3f0bd4c7118fd2f2af5093702488014884d4fbbc50bb6483fcac322b5c260b2,DEL-BOM|2026-10-24|45|20260909T122453Z,90787087d18c313ca1edaffdd509b043052ef2653cfc7f85edb8c8168245ee8d,NORMALIZED,PENDING,"[""fare_components_unavailable_from_source""]",H45,CANDIDATE,TOTAL_ONLY,2026-09-09 12:24:53.873493+00:00
5ab90f73-8e72-4e1c-acae-f3258658161b,2026-09-09T12:24:53.873493+00:00,2026-10-24,45,DEL,BOM,DEL,BOM,DEL-BOM,6E,IndiGo,,ECONOMY,,,0,145,2:00 PM,2:00 PM,,,,,,6914.0,INR,google_flights,https://www.google.com/travel/flights?q=Flights+to+BOM+from+DEL+on+2026-10-24,html_fetch:fast-flights,DEL-BOM_apw45_20260909T122453Z_c3f0bd4c7118.html.gz,c3f0bd4c7118fd2f2af5093702488014884d4fbbc50bb6483fcac322b5c260b2,DEL-BOM|2026-10-24|45|20260909T122453Z,aae96d234dd4398759af1744255c7c50a4a209c52037e4fd1447eb317488203c,NORMALIZED,PENDING,"[""fare_components_unavailable_from_source""]",H45,CANDIDATE,TOTAL_ONLY,2026-09-09 12:24:53.873493+00:00
b9e5798f-da54-486c-9311-6714502d5fa9,2026-09-09T12:24:53.873493+00:00,2026-10-24,45,DEL,BOM,DEL,BOM,DEL-BOM,6E,IndiGo,,ECONOMY,,,0,135,2:45 PM,2:45 PM,,,,,,6914.0,INR,google_flights,https://www.google.com/travel/flights?q=Flights+to+BOM+from+DEL+on+2026-10-24,html_fetch:fast-flights,DEL-BOM_apw45_20260909T122453Z_c3f0bd4c7118.html.gz,c3f0bd4c7118fd2f2af5093702488014884d4fbbc50bb6483fcac322b5c260b2,DEL-BOM|2026-10-24|45|20260909T122453Z,6acaedc9706c5cfa09f16a9f86d19bb904196a76ec6f429470223f991850c66a,NORMALIZED,PENDING,"[""fare_components_unavailable_from_source""]",H45,CANDIDATE,TOTAL_ONLY,2026-09-09 12:24:53.873493+00:00
6d8df1e4-6a43-4e09-a251-3ed771bb0856,2026-09-09T12:24:53.873493+00:00,2026-10-24,45,DEL,BOM,DEL,BOM,DEL-BOM,6E,IndiGo,,ECONOMY,,,0,135,3:30 PM,3:30 PM,,,,,,6914.0,INR,google_flights,https://www.google.com/travel/flights?q=Flights+to+BOM+from+DEL+on+2026-10-24,html_fetch:fast-flights,DEL-BOM_apw45_20260909T122453Z_c3f0bd4c7118.html.gz,c3f0bd4c7118fd2f2af5093702488014884d4fbbc50bb6483fcac322b5c260b2,DEL-BOM|2026-10-24|45|20260909T122453Z,284f6059aeaa591c303972dc956046697d18b19f66aacfd49df8ac5913295717,NORMALIZED,PENDING,"[""fare_components_unavailable_from_source""]",H45,CANDIDATE,TOTAL_ONLY,2026-09-09 12:24:53.873493+00:00
b7e0a460-058e-451b-aef3-a9e9203c3ebd,2026-09-09T12:24:53.873493+00:00,2026-10-24,45,DEL,BOM,DEL,BOM,DEL-BOM,6E,IndiGo,,ECONOMY,,,0,140,4:15 PM,4:15 PM,,,,,,6914.0,INR,google_flights,https://www.google.com/travel/flights?q=Flights+to+BOM+from+DEL+on+2026-10-24,html_fetch:fast-flights,DEL-BOM_apw45_20260909T122453Z_c3f0bd4c7118.html.gz,c3f0bd4c7118fd2f2af5093702488014884d4fbbc50bb6483fcac322b5c260b2,DEL-BOM|2026-10-24|45|20260909T122453Z,41713c3c7ecbbb96e16bf0ff297d403b4067d01c2ac4265680aa64e38dea8f81,NORMALIZED,PENDING,"[""fare_components_unavailable_from_source""]",H45,CANDIDATE,TOTAL_ONLY,2026-09-09 12:24:53.873493+00:00
66318083-794e-4e63-8478-0ec989486a19,2026-09-09T12:24:53.873493+00:00,2026-10-24,45,DEL,BOM,DEL,BOM,DEL-BOM,6E,IndiGo,,ECONOMY,,,0,135,5:00 PM,5:00 PM,,,,,,6914.0,INR,google_flights,https://www.google.com/travel/flights?q=Flights+to+BOM+from+DEL+on+2026-10-24,html_fetch:fast-flights,DEL-BOM_apw45_20260909T122453Z_c3f0bd4c7118.html.gz,c3f0bd4c7118fd2f2af5093702488014884d4fbbc50bb6483fcac322b5c260b2,DEL-BOM|2026-10-24|45|20260909T122453Z,c86cb63ec2beccca9215164c38c9e49003a4fc3480a9d3365814a37e849eee84,NORMALIZED,PENDING,"[""fare_components_unavailable_from_source""]",H45,CANDIDATE,TOTAL_ONLY,2026-09-09 12:24:53.873493+00:00
a5793d0f-f973-4785-a48b-f694fcb4e4a1,2026-09-09T12:24:53.873493+00:00,2026-10-24,45,DEL,BOM,DEL,BOM,DEL-BOM,6E,IndiGo,,ECONOMY,,,0,135,6:00 PM,6:00 PM,,,,,,6914.0,INR,google_flights,https://www.google.com/travel/flights?q=Flights+to+BOM+from+DEL+on+2026-10-24,html_fetch:fast-flights,DEL-BOM_apw45_20260909T122453Z_c3f0bd4c7118.html.gz,c3f0bd4c7118fd2f2af5093702488014884d4fbbc50bb6483fcac322b5c260b2,DEL-BOM|2026-10-24|45|20260909T122453Z,f75492bb13cf653e1e0bc5786229fcc7b46166caea53f5442b5befe6be4c246b,NORMALIZED,PENDING,"[""fare_components_unavailable_from_source""]",H45,CANDIDATE,TOTAL_ONLY,2026-09-09 12:24:53.873493+00:00
59941f7e-8c73-401e-a0bc-49c64699f99e,2026-09-09T12:24:53.873493+00:00,2026-10-24,45,DEL,BOM,DEL,BOM,DEL-BOM,6E,IndiGo,,ECONOMY,,,0,135,8:45 PM,8:45 PM,,,,,,6914.0,INR,google_flights,https://www.google.com/travel/flights?q=Flights+to+BOM+from+DEL+on+2026-10-24,html_fetch:fast-flights,DEL-BOM_apw45_20260909T122453Z_c3f0bd4c7118.html.gz,c3f0bd4c7118fd2f2af5093702488014884d4fbbc50bb6483fcac322b5c260b2,DEL-BOM|2026-10-24|45|20260909T122453Z,8f5dccbb0c1deffafc5a606b5d64839511f6bc1999d7f0b9e6e664f7741a0225,NORMALIZED,PENDING,"[""fare_components_unavailable_from_source""]",H45,CANDIDATE,TOTAL_ONLY,2026-09-09 12:24:53.873493+00:00
9033e8b5-0704-456a-a5aa-baca8f68ca9a,2026-09-09T12:24:53.873493+00:00,2026-10-24,45,DEL,BOM,DEL,BOM,DEL-BOM,6E,IndiGo,,ECONOMY,,,0,140,9:45 PM,9:45 PM,,,,,,6914.0,INR,google_flights,https://www.google.com/travel/flights?q=Flights+to+BOM+from+DEL+on+2026-10-24,html_fetch:fast-flights,DEL-BOM_apw45_20260909T122453Z_c3f0bd4c7118.html.gz,c3f0bd4c7118fd2f2af5093702488014884d4fbbc50bb6483fcac322b5c260b2,DEL-BOM|2026-10-24|45|20260909T122453Z,94b30a59da912e65d7632291e8039a8c657504733703307fdeb8ea3e4b2e9f28,NORMALIZED,PENDING,"[""fare_components_unavailable_from_source""]",H45,CANDIDATE,TOTAL_ONLY,2026-09-09 12:24:53.873493+00:00
e06255e9-072b-46f8-8051-977bd9baea36,2026-09-09T12:24:53.873493+00:00,2026-10-24,45,DEL,BOM,DEL,BOM,DEL-BOM,6E,IndiGo,,ECONOMY,,,0,140,10:45 PM,10:45 PM,,,,,,6914.0,INR,google_flights,https://www.google.com/travel/flights?q=Flights+to+BOM+from+DEL+on+2026-10-24,html_fetch:fast-flights,DEL-BOM_apw45_20260909T122453Z_c3f0bd4c7118.html.gz,c3f0bd4c7118fd2f2af5093702488014884d4fbbc50bb6483fcac322b5c260b2,DEL-BOM|2026-10-24|45|20260909T122453Z,812f8d9eda65750e243c7495b23ddfebcf1c34287543d93fcb9586a844057739,NORMALIZED,PENDING,"[""fare_components_unavailable_from_source""]",H45,CANDIDATE,TOTAL_ONLY,2026-09-09 12:24:53.873493+00:00
7a50aa33-9322-40d5-aedc-50a9ebe429dc,2026-09-09T12:24:53.873493+00:00,2026-10-24,45,DEL,BOM,DEL,BOM,DEL-BOM,6E,IndiGo,,ECONOMY,,,0,135,11:30 PM,11:30 PM,,,,,,6914.0,INR,google_flights,https://www.google.com/travel/flights?q=Flights+to+BOM+from+DEL+on+2026-10-24,html_fetch:fast-flights,DEL-BOM_apw45_20260909T122453Z_c3f0bd4c7118.html.gz,c3f0bd4c7118fd2f2af5093702488014884d4fbbc50bb6483fcac322b5c260b2,DEL-BOM|2026-10-24|45|20260909T122453Z,efd223b48645c52f331f552cbc2fd3f1ed85bcd3c42d69fb26a74dcef4f03e1f,NORMALIZED,PENDING,"[""fare_components_unavailable_from_source""]",H45,CANDIDATE,TOTAL_ONLY,2026-09-09 12:24:53.873493+00:00
bde63e29-4b0b-4f05-8855-db721762b271,2026-09-09T12:24:53.873493+00:00,2026-10-24,45,DEL,BOM,DEL,BOM,DEL-BOM,6E,IndiGo,,ECONOMY,,,0,145,7:00 PM,7:00 PM,,,,,,7064.0,INR,google_flights,https://www.google.com/travel/flights?q=Flights+to+BOM+from+DEL+on+2026-10-24,html_fetch:fast-flights,DEL-BOM_apw45_20260909T122453Z_c3f0bd4c7118.html.gz,c3f0bd4c7118fd2f2af5093702488014884d4fbbc50bb6483fcac322b5c260b2,DEL-BOM|2026-10-24|45|20260909T122453Z,552af1a28504f83d96141703365ff3523c141e8df4eddfff68311dc47c74d686,NORMALIZED,PENDING,"[""fare_components_unavailable_from_source""]",H45,CANDIDATE,TOTAL_ONLY,2026-09-09 12:24:53.873493+00:00
6c0e3835-42a0-4fe8-8bea-f948629772ea,2026-09-09T12:24:53.873493+00:00,2026-10-24,45,DEL,BOM,DEL,BOM,DEL-BOM,6E,IndiGo,,ECONOMY,,,0,130,8:00 PM,8:00 PM,,,,,,7064.0,INR,google_flights,https://www.google.com/travel/flights?q=Flights+to+BOM+from+DEL+on+2026-10-24,html_fetch:fast-flights,DEL-BOM_apw45_20260909T122453Z_c3f0bd4c7118.html.gz,c3f0bd4c7118fd2f2af5093702488014884d4fbbc50bb6483fcac322b5c260b2,DEL-BOM|2026-10-24|45|20260909T122453Z,a5382bac90cf6430e500d9eb44afdeff14f11982b3e906e9e59e178ea350e445,NORMALIZED,PENDING,"[""fare_components_unavailable_from_source""]",H45,CANDIDATE,TOTAL_ONLY,2026-09-09 12:24:53.873493+00:00
ebd84617-63fa-4a55-9bce-94c99ae95dea,2026-09-09T12:24:53.873493+00:00,2026-10-24,45,DEL,BOM,DEL,BOM,DEL-BOM,QP,Akasa Air,,ECONOMY,,,0,140,4:00 PM,4:00 PM,,,,,,7201.0,INR,google_flights,https://www.google.com/travel/flights?q=Flights+to+BOM+from+DEL+on+2026-10-24,html_fetch:fast-flights,DEL-BOM_apw45_20260909T122453Z_c3f0bd4c7118.html.gz,c3f0bd4c7118fd2f2af5093702488014884d4fbbc50bb6483fcac322b5c260b2,DEL-BOM|2026-10-24|45|20260909T122453Z,f68a84a0bd66d44f5e492af5be58fcf71e364820bf9480d92c4681b53ebe8552,NORMALIZED,PENDING,"[""fare_components_unavailable_from_source""]",H45,CANDIDATE,TOTAL_ONLY,2026-09-09 12:24:53.873493+00:00
4b59b51e-ef97-4f78-817b-20534a9da71a,2026-09-09T12:24:53.873493+00:00,2026-10-24,45,DEL,BOM,DEL,BOM,DEL-BOM,AI,Air India,,ECONOMY,,,0,140,6:10 PM,6:10 PM,,,,,,7261.0,INR,google_flights,https://www.google.com/travel/flights?q=Flights+to+BOM+from+DEL+on+2026-10-24,html_fetch:fast-flights,DEL-BOM_apw45_20260909T122453Z_c3f0bd4c7118.html.gz,c3f0bd4c7118fd2f2af5093702488014884d4fbbc50bb6483fcac322b5c260b2,DEL-BOM|2026-10-24|45|20260909T122453Z,861d6e3b6d81481bae8814f2ee7abc440e40a5c389e99900207488117944b2d2,NORMALIZED,PENDING,"[""fare_components_unavailable_from_source""]",H45,CANDIDATE,TOTAL_ONLY,2026-09-09 12:24:53.873493+00:00
3ea97b43-ef61-450d-89cc-9368281c93f1,2026-09-09T12:24:53.873493+00:00,2026-10-24,45,DEL,BOM,DEL,BOM,DEL-BOM,QP,Akasa Air,,ECONOMY,,,0,145,8:40 AM,8:40 AM,,,,,,7327.0,INR,google_flights,https://www.google.com/travel/flights?q=Flights+to+BOM+from+DEL+on+2026-10-24,html_fetch:fast-flights,DEL-BOM_apw45_20260909T122453Z_c3f0bd4c7118.html.gz,c3f0bd4c7118fd2f2af5093702488014884d4fbbc50bb6483fcac322b5c260b2,DEL-BOM|2026-10-24|45|20260909T122453Z,bf7ceabb6f04220cfc08f0bfd4ef8bf8758ff3efea031c8f74e4d2b316a2d966,NORMALIZED,PENDING,"[""fare_components_unavailable_from_source""]",H45,CANDIDATE,TOTAL_ONLY,2026-09-09 12:24:53.873493+00:00
b6f0f0f6-41b2-457d-8cab-d4a933c6a35c,2026-09-09T12:24:53.873493+00:00,2026-10-24,45,DEL,BOM,DEL,BOM,DEL-BOM,QP,Akasa Air,,ECONOMY,,,0,140,10:00 AM,10:00 AM,,,,,,7453.0,INR,google_flights,https://www.google.com/travel/flights?q=Flights+to+BOM+from+DEL+on+2026-10-24,html_fetch:fast-flights,DEL-BOM_apw45_20260909T122453Z_c3f0bd4c7118.html.gz,c3f0bd4c7118fd2f2af5093702488014884d4fbbc50bb6483fcac322b5c260b2,DEL-BOM|2026-10-24|45|20260909T122453Z,2826effa55b9746b82c15415033981e8d81dc31f4fd7ca7c339e502ee5afaf96,NORMALIZED,PENDING,"[""fare_components_unavailable_from_source""]",H45,CANDIDATE,TOTAL_ONLY,2026-09-09 12:24:53.873493+00:00
e43caf46-ea5e-4a72-80a9-361fb3ecba92,2026-09-09T12:24:53.873493+00:00,2026-10-24,45,DEL,BOM,DEL,BOM,DEL-BOM,QP,Akasa Air,,ECONOMY,,,0,140,5:30 PM,5:30 PM,,,,,,7453.0,INR,google_flights,https://www.google.com/travel/flights?q=Flights+to+BOM+from+DEL+on+2026-10-24,html_fetch:fast-flights,DEL-BOM_apw45_20260909T122453Z_c3f0bd4c7118.html.gz,c3f0bd4c7118fd2f2af5093702488014884d4fbbc50bb6483fcac322b5c260b2,DEL-BOM|2026-10-24|45|20260909T122453Z,7dbb04b38fec1a7f37e7a45c529e75d02f88df9b1537e33a8425a27da1cbb6c6,NORMALIZED,PENDING,"[""fare_components_unavailable_from_source""]",H45,CANDIDATE,TOTAL_ONLY,2026-09-09 12:24:53.873493+00:00
f53857bf-b2f8-4aa4-a0d0-b5a8146dea44,2026-09-09T12:24:53.873493+00:00,2026-10-24,45,DEL,BOM,DEL,BOM,DEL-BOM,AI,Air India,,ECONOMY,,,0,145,7:30 PM,7:30 PM,,,,,,7711.0,INR,google_flights,https://www.google.com/travel/flights?q=Flights+to+BOM+from+DEL+on+2026-10-24,html_fetch:fast-flights,DEL-BOM_apw45_20260909T122453Z_c3f0bd4c7118.html.gz,c3f0bd4c7118fd2f2af5093702488014884d4fbbc50bb6483fcac322b5c260b2,DEL-BOM|2026-10-24|45|20260909T122453Z,51493d34fca51465e05c15f356b059d5290c5595dbb6c63cfd5be3ba40b50e0a,NORMALIZED,PENDING,"[""fare_components_unavailable_from_source""]",H45,CANDIDATE,TOTAL_ONLY,2026-09-09 12:24:53.873493+00:00
14711764-3bed-4b4d-9f9c-7b3fe730aa1d,2026-09-09T12:24:53.873493+00:00,2026-10-24,45,DEL,BOM,DEL,BOM,DEL-BOM,AI,Air India,,ECONOMY,,,0,145,11:00 PM,11:00 PM,,,,,,7837.0,INR,google_flights,https://www.google.com/travel/flights?q=Flights+to+BOM+from+DEL+on+2026-10-24,html_fetch:fast-flights,DEL-BOM_apw45_20260909T122453Z_c3f0bd4c7118.html.gz,c3f0bd4c7118fd2f2af5093702488014884d4fbbc50bb6483fcac322b5c260b2,DEL-BOM|2026-10-24|45|20260909T122453Z,139310bf55ecfad97db11c6abcfdd83246568f4da8136ead5e707f63523a084a,NORMALIZED,PENDING,"[""fare_components_unavailable_from_source""]",H45,CANDIDATE,TOTAL_ONLY,2026-09-09 12:24:53.873493+00:00
48218979-1586-4cfc-9d3f-d92cb5b269e6,2026-09-09T12:24:53.873493+00:00,2026-10-24,45,DEL,BOM,DEL,BOM,DEL-BOM,QP,Akasa Air,,ECONOMY,,,0,145,7:55 PM,7:55 PM,,,,,,7851.0,INR,google_flights,https://www.google.com/travel/flights?q=Flights+to+BOM+from+DEL+on+2026-10-24,html_fetch:fast-flights,DEL-BOM_apw45_20260909T122453Z_c3f0bd4c7118.html.gz,c3f0bd4c7118fd2f2af5093702488014884d4fbbc50bb6483fcac322b5c260b2,DEL-BOM|2026-10-24|45|20260909T122453Z,3e08b6e8ff2ca72c1877748625e89bcca4e111e0c4916acc3a0dff4af9c97efe,NORMALIZED,PENDING,"[""fare_components_unavailable_from_source""]",H45,CANDIDATE,TOTAL_ONLY,2026-09-09 12:24:53.873493+00:00
dd5603bb-ccff-4d0d-b8f5-7524ea245cdd,2026-09-09T12:24:53.873493+00:00,2026-10-24,45,DEL,BOM,DEL,BOM,DEL-BOM,AI,Air India,,ECONOMY,,,0,145,7:00 PM,7:00 PM,,,,,,7900.0,INR,google_flights,https://www.google.com/travel/flights?q=Flights+to+BOM+from+DEL+on+2026-10-24,html_fetch:fast-flights,DEL-BOM_apw45_20260909T122453Z_c3f0bd4c7118.html.gz,c3f0bd4c7118fd2f2af5093702488014884d4fbbc50bb6483fcac322b5c260b2,DEL-BOM|2026-10-24|45|20260909T122453Z,8c6fa514cbfdb32f74760fa47ae63d343d6e83f440329a2b901c5164c5b235e4,NORMALIZED,PENDING,"[""fare_components_unavailable_from_source""]",H45,CANDIDATE,TOTAL_ONLY,2026-09-09 12:24:53.873493+00:00
e2b5b7b5-132e-4203-9519-a4c93116219c,2026-09-09T12:24:53.873493+00:00,2026-10-24,45,DEL,BOM,DEL,BOM,DEL-BOM,AI,Air India,,ECONOMY,,,0,145,11:25 PM,11:25 PM,,,,,,8052.0,INR,google_flights,https://www.google.com/travel/flights?q=Flights+to+BOM+from+DEL+on+2026-10-24,html_fetch:fast-flights,DEL-BOM_apw45_20260909T122453Z_c3f0bd4c7118.html.gz,c3f0bd4c7118fd2f2af5093702488014884d4fbbc50bb6483fcac322b5c260b2,DEL-BOM|2026-10-24|45|20260909T122453Z,b11284e33d40242084dc027b53d3901bf62d6bfa56b56be3b87e134ab4a1c1d5,NORMALIZED,PENDING,"[""fare_components_unavailable_from_source""]",H45,CANDIDATE,TOTAL_ONLY,2026-09-09 12:24:53.873493+00:00
f017de36-9eb3-4d41-9b5e-76bc35e404bf,2026-09-09T12:24:56.687539+00:00,2026-11-08,60,DEL,BOM,DEL,BOM,DEL-BOM,6E,IndiGo,,ECONOMY,,,0,145,6:30 PM,6:30 PM,,,,,,7407.0,INR,google_flights,https://www.google.com/travel/flights?q=Flights+to+BOM+from+DEL+on+2026-11-08,html_fetch:fast-flights,DEL-BOM_apw60_20260909T122456Z_e2e357e26273.html.gz,e2e357e262739f14b0f6cdb8a7ab071ad48552e8fe1734897a20d0dd97ad816b,DEL-BOM|2026-11-08|60|20260909T122456Z,cef243901b19741e72e20fc2f7cb810a4b4790c4a6112801353a7055b5bdf939,NORMALIZED,PENDING,"[""fare_components_unavailable_from_source""]",H60,CANDIDATE,TOTAL_ONLY,2026-09-09 12:24:56.687539+00:00
38779c66-17f9-47b7-be76-b182f181b4db,2026-09-09T12:24:56.687539+00:00,2026-11-08,60,DEL,BOM,DEL,BOM,DEL-BOM,AI,Air India,,ECONOMY,,,0,150,8:40 PM,8:40 PM,,,,,,7656.0,INR,google_flights,https://www.google.com/travel/flights?q=Flights+to+BOM+from+DEL+on+2026-11-08,html_fetch:fast-flights,DEL-BOM_apw60_20260909T122456Z_e2e357e26273.html.gz,e2e357e262739f14b0f6cdb8a7ab071ad48552e8fe1734897a20d0dd97ad816b,DEL-BOM|2026-11-08|60|20260909T122456Z,33b8fddef910ae2ac552d9dad6f12d3cbce95e23d7e04c0ae944eddb2583c88b,NORMALIZED,PENDING,"[""fare_components_unavailable_from_source""]",H60,CANDIDATE,TOTAL_ONLY,2026-09-09 12:24:56.687539+00:00
8e8c4c53-8e58-4a6f-b708-b9e93086fca2,2026-09-09T12:24:56.687539+00:00,2026-11-08,60,DEL,BOM,DEL,BOM,DEL-BOM,QP,Akasa Air,,ECONOMY,,,0,140,4:00 PM,4:00 PM,,,,,,7851.0,INR,google_flights,https://www.google.com/travel/flights?q=Flights+to+BOM+from+DEL+on+2026-11-08,html_fetch:fast-flights,DEL-BOM_apw60_20260909T122456Z_e2e357e26273.html.gz,e2e357e262739f14b0f6cdb8a7ab071ad48552e8fe1734897a20d0dd97ad816b,DEL-BOM|2026-11-08|60|20260909T122456Z,3852e98f1e00bb7677f7bdcbbc7e9628c5ee778fa9767a2a857b3934281f9a1e,NORMALIZED,PENDING,"[""fare_components_unavailable_from_source""]",H60,CANDIDATE,TOTAL_ONLY,2026-09-09 12:24:56.687539+00:00
2dfd24b7-918a-4b39-b3e8-40f3d18378f3,2026-09-09T12:24:56.687539+00:00,2026-11-08,60,DEL,BOM,DEL,BOM,DEL-BOM,6E,IndiGo,,ECONOMY,,,1,280,5:30 AM,5:30 AM,,,,,,7015.0,INR,google_flights,https://www.google.com/travel/flights?q=Flights+to+BOM+from+DEL+on+2026-11-08,html_fetch:fast-flights,DEL-BOM_apw60_20260909T122456Z_e2e357e26273.html.gz,e2e357e262739f14b0f6cdb8a7ab071ad48552e8fe1734897a20d0dd97ad816b,DEL-BOM|2026-11-08|60|20260909T122456Z,ee06f30026f1a84f544f0952282fc16a4bd065dacfa424e51d72eeab71bc72a4,NORMALIZED,PENDING,"[""fare_components_unavailable_from_source""]",H60,CANDIDATE,TOTAL_ONLY,2026-09-09 12:24:56.687539+00:00
361285ba-ace9-49cf-a707-24fbee9aa901,2026-09-09T12:24:56.687539+00:00,2026-11-08,60,DEL,BOM,DEL,BOM,DEL-BOM,6E,IndiGo,,ECONOMY,,,1,295,7:05 AM,7:05 AM,,,,,,7015.0,INR,google_flights,https://www.google.com/travel/flights?q=Flights+to+BOM+from+DEL+on+2026-11-08,html_fetch:fast-flights,DEL-BOM_apw60_20260909T122456Z_e2e357e26273.html.gz,e2e357e262739f14b0f6cdb8a7ab071ad48552e8fe1734897a20d0dd97ad816b,DEL-BOM|2026-11-08|60|20260909T122456Z,6ae35c143c87812a809deaaca13cab9ede5508135841a21193e75cd594951095,NORMALIZED,PENDING,"[""fare_components_unavailable_from_source""]",H60,CANDIDATE,TOTAL_ONLY,2026-09-09 12:24:56.687539+00:00
d2eb6f5d-a9f7-42cd-a0e0-ce75d6b92d1c,2026-09-09T12:24:56.687539+00:00,2026-11-08,60,DEL,BOM,DEL,BOM,DEL-BOM,6E,IndiGo,,ECONOMY,,,0,145,3:30 PM,3:30 PM,,,,,,7407.0,INR,google_flights,https://www.google.com/travel/flights?q=Flights+to+BOM+from+DEL+on+2026-11-08,html_fetch:fast-flights,DEL-BOM_apw60_20260909T122456Z_e2e357e26273.html.gz,e2e357e262739f14b0f6cdb8a7ab071ad48552e8fe1734897a20d0dd97ad816b,DEL-BOM|2026-11-08|60|20260909T122456Z,cc5277e39ce219b917efaa49d4ada48862c3737a137d3adca259fd064d1bdad1,NORMALIZED,PENDING,"[""fare_components_unavailable_from_source""]",H60,CANDIDATE,TOTAL_ONLY,2026-09-09 12:24:56.687539+00:00
f1a4cb9e-77ab-4f19-b527-1fbf0fdb3b01,2026-09-09T12:24:56.687539+00:00,2026-11-08,60,DEL,BOM,DEL,BOM,DEL-BOM,6E,IndiGo,,ECONOMY,,,0,145,4:15 PM,4:15 PM,,,,,,7407.0,INR,google_flights,https://www.google.com/travel/flights?q=Flights+to+BOM+from+DEL+on+2026-11-08,html_fetch:fast-flights,DEL-BOM_apw60_20260909T122456Z_e2e357e26273.html.gz,e2e357e262739f14b0f6cdb8a7ab071ad48552e8fe1734897a20d0dd97ad816b,DEL-BOM|2026-11-08|60|20260909T122456Z,140a7f3309367120fb165758c06825d4a58c522f7b08378ae2220ebe98666cdc,NORMALIZED,PENDING,"[""fare_components_unavailable_from_source""]",H60,CANDIDATE,TOTAL_ONLY,2026-09-09 12:24:56.687539+00:00
a321d444-ebfa-49cc-b3f6-61c55e731f50,2026-09-09T12:24:56.687539+00:00,2026-11-08,60,DEL,BOM,DEL,BOM,DEL-BOM,6E,IndiGo,,ECONOMY,,,0,145,5:00 PM,5:00 PM,,,,,,7407.0,INR,google_flights,https://www.google.com/travel/flights?q=Flights+to+BOM+from+DEL+on+2026-11-08,html_fetch:fast-flights,DEL-BOM_apw60_20260909T122456Z_e2e357e26273.html.gz,e2e357e262739f14b0f6cdb8a7ab071ad48552e8fe1734897a20d0dd97ad816b,DEL-BOM|2026-11-08|60|20260909T122456Z,6c06f09ea10d19a0f43c6011a730e734cde952351c5efafd481e59e80e6ea086,NORMALIZED,PENDING,"[""fare_components_unavailable_from_source""]",H60,CANDIDATE,TOTAL_ONLY,2026-09-09 12:24:56.687539+00:00
8e666589-8c7c-4bc6-9de4-5e572424be7c,2026-09-09T12:24:56.687539+00:00,2026-11-08,60,DEL,BOM,DEL,BOM,DEL-BOM,6E,IndiGo,,ECONOMY,,,0,145,5:45 PM,5:45 PM,,,,,,7407.0,INR,google_flights,https://www.google.com/travel/flights?q=Flights+to+BOM+from+DEL+on+2026-11-08,html_fetch:fast-flights,DEL-BOM_apw60_20260909T122456Z_e2e357e26273.html.gz,e2e357e262739f14b0f6cdb8a7ab071ad48552e8fe1734897a20d0dd97ad816b,DEL-BOM|2026-11-08|60|20260909T122456Z,a77d1e1b87cf2c05a6e602952613513f9be430cfdd2c97d905d88296eef88bdf,NORMALIZED,PENDING,"[""fare_components_unavailable_from_source""]",H60,CANDIDATE,TOTAL_ONLY,2026-09-09 12:24:56.687539+00:00
d26dfb50-90cd-4594-85f7-1783fb75ff08,2026-09-09T12:24:56.687539+00:00,2026-11-08,60,DEL,BOM,DEL,BOM,DEL-BOM,6E,IndiGo,,ECONOMY,,,0,145,7:15 PM,7:15 PM,,,,,,7407.0,INR,google_flights,https://www.google.com/travel/flights?q=Flights+to+BOM+from+DEL+on+2026-11-08,html_fetch:fast-flights,DEL-BOM_apw60_20260909T122456Z_e2e357e26273.html.gz,e2e357e262739f14b0f6cdb8a7ab071ad48552e8fe1734897a20d0dd97ad816b,DEL-BOM|2026-11-08|60|20260909T122456Z,aa58041eca473083675ba1d5f606a1c0859ab10f8bcb54abec6631bf15252618,NORMALIZED,PENDING,"[""fare_components_unavailable_from_source""]",H60,CANDIDATE,TOTAL_ONLY,2026-09-09 12:24:56.687539+00:00
3f377e06-5056-47b0-b78c-3425d2dcefe8,2026-09-09T12:24:56.687539+00:00,2026-11-08,60,DEL,BOM,DEL,BOM,DEL-BOM,6E,IndiGo,,ECONOMY,,,0,145,8:00 PM,8:00 PM,,,,,,7407.0,INR,google_flights,https://www.google.com/travel/flights?q=Flights+to+BOM+from+DEL+on+2026-11-08,html_fetch:fast-flights,DEL-BOM_apw60_20260909T122456Z_e2e357e26273.html.gz,e2e357e262739f14b0f6cdb8a7ab071ad48552e8fe1734897a20d0dd97ad816b,DEL-BOM|2026-11-08|60|20260909T122456Z,303b85280e1509fbf439471c9dd450700b26bc8c8fca020f4bc33f74e53920a5,NORMALIZED,PENDING,"[""fare_components_unavailable_from_source""]",H60,CANDIDATE,TOTAL_ONLY,2026-09-09 12:24:56.687539+00:00
f2c8cfe1-8220-4b34-b04b-1ec6b6b6881d,2026-09-09T12:24:56.687539+00:00,2026-11-08,60,DEL,BOM,DEL,BOM,DEL-BOM,6E,IndiGo,,ECONOMY,,,0,145,9:00 PM,9:00 PM,,,,,,7407.0,INR,google_flights,https://www.google.com/travel/flights?q=Flights+to+BOM+from+DEL+on+2026-11-08,html_fetch:fast-flights,DEL-BOM_apw60_20260909T122456Z_e2e357e26273.html.gz,e2e357e262739f14b0f6cdb8a7ab071ad48552e8fe1734897a20d0dd97ad816b,DEL-BOM|2026-11-08|60|20260909T122456Z,b3cf3b296ea3fdd46687ea874a0e9615ead68d4212a1807781eb3c7984998ef6,NORMALIZED,PENDING,"[""fare_components_unavailable_from_source""]",H60,CANDIDATE,TOTAL_ONLY,2026-09-09 12:24:56.687539+00:00
d86e4c40-9d6b-44fd-8965-0338250707f9,2026-09-09T12:24:56.687539+00:00,2026-11-08,60,DEL,BOM,DEL,BOM,DEL-BOM,6E,IndiGo,,ECONOMY,,,0,145,10:00 PM,10:00 PM,,,,,,7407.0,INR,google_flights,https://www.google.com/travel/flights?q=Flights+to+BOM+from+DEL+on+2026-11-08,html_fetch:fast-flights,DEL-BOM_apw60_20260909T122456Z_e2e357e26273.html.gz,e2e357e262739f14b0f6cdb8a7ab071ad48552e8fe1734897a20d0dd97ad816b,DEL-BOM|2026-11-08|60|20260909T122456Z,61e46d05963b5da612eef84c666cbe2a63ec733233237b8a37454f56e0566daa,NORMALIZED,PENDING,"[""fare_components_unavailable_from_source""]",H60,CANDIDATE,TOTAL_ONLY,2026-09-09 12:24:56.687539+00:00
fc2ae8dd-222d-4da3-9b06-7b773a2cd006,2026-09-09T12:24:56.687539+00:00,2026-11-08,60,DEL,BOM,DEL,BOM,DEL-BOM,6E,IndiGo,,ECONOMY,,,0,145,11:00 PM,11:00 PM,,,,,,7407.0,INR,google_flights,https://www.google.com/travel/flights?q=Flights+to+BOM+from+DEL+on+2026-11-08,html_fetch:fast-flights,DEL-BOM_apw60_20260909T122456Z_e2e357e26273.html.gz,e2e357e262739f14b0f6cdb8a7ab071ad48552e8fe1734897a20d0dd97ad816b,DEL-BOM|2026-11-08|60|20260909T122456Z,d0450a9e1349081b09652f02c2f7387df567a0445e30549e42c5669da8e5b06e,NORMALIZED,PENDING,"[""fare_components_unavailable_from_source""]",H60,CANDIDATE,TOTAL_ONLY,2026-09-09 12:24:56.687539+00:00
8bae2ef3-3db1-4f76-92e7-c8d4f3937347,2026-09-09T12:24:56.687539+00:00,2026-11-08,60,DEL,BOM,DEL,BOM,DEL-BOM,AI,Air India,,ECONOMY,,,0,150,8:45 AM,8:45 AM,,,,,,7656.0,INR,google_flights,https://www.google.com/travel/flights?q=Flights+to+BOM+from+DEL+on+2026-11-08,html_fetch:fast-flights,DEL-BOM_apw60_20260909T122456Z_e2e357e26273.html.gz,e2e357e262739f14b0f6cdb8a7ab071ad48552e8fe1734897a20d0dd97ad816b,DEL-BOM|2026-11-08|60|20260909T122456Z,5bf93a34435f9998ba10554ade31eced46765fac112b7bed5eedc86358cb30f1,NORMALIZED,PENDING,"[""fare_components_unavailable_from_source""]",H60,CANDIDATE,TOTAL_ONLY,2026-09-09 12:24:56.687539+00:00
be800eb1-3ef4-4413-b04f-f4e41fc8e5a6,2026-09-09T12:24:56.687539+00:00,2026-11-08,60,DEL,BOM,DEL,BOM,DEL-BOM,QP,Akasa Air,,ECONOMY,,,0,140,10:00 AM,10:00 AM,,,,,,7851.0,INR,google_flights,https://www.google.com/travel/flights?q=Flights+to+BOM+from+DEL+on+2026-11-08,html_fetch:fast-flights,DEL-BOM_apw60_20260909T122456Z_e2e357e26273.html.gz,e2e357e262739f14b0f6cdb8a7ab071ad48552e8fe1734897a20d0dd97ad816b,DEL-BOM|2026-11-08|60|20260909T122456Z,c0c24997514e76d87ad65e76d6f5a745b8cb32487831acf4100f9de67d058d9d,NORMALIZED,PENDING,"[""fare_components_unavailable_from_source""]",H60,CANDIDATE,TOTAL_ONLY,2026-09-09 12:24:56.687539+00:00
1c524ae6-07f4-4191-9352-e0cbac7cbee1,2026-09-09T12:24:56.687539+00:00,2026-11-08,60,DEL,BOM,DEL,BOM,DEL-BOM,QP,Akasa Air,,ECONOMY,,,0,140,5:30 PM,5:30 PM,,,,,,7851.0,INR,google_flights,https://www.google.com/travel/flights?q=Flights+to+BOM+from+DEL+on+2026-11-08,html_fetch:fast-flights,DEL-BOM_apw60_20260909T122456Z_e2e357e26273.html.gz,e2e357e262739f14b0f6cdb8a7ab071ad48552e8fe1734897a20d0dd97ad816b,DEL-BOM|2026-11-08|60|20260909T122456Z,be8abd25f94768895bf9a350cf545177f942b1ea052cd60ad4c65de1770a3d53,NORMALIZED,PENDING,"[""fare_components_unavailable_from_source""]",H60,CANDIDATE,TOTAL_ONLY,2026-09-09 12:24:56.687539+00:00
71d48fc6-9894-48bd-8056-6a745b159f1e,2026-09-09T12:24:56.687539+00:00,2026-11-08,60,DEL,BOM,DEL,BOM,DEL-BOM,QP,Akasa Air,,ECONOMY,,,0,135,9:45 PM,9:45 PM,,,,,,7988.0,INR,google_flights,https://www.google.com/travel/flights?q=Flights+to+BOM+from+DEL+on+2026-11-08,html_fetch:fast-flights,DEL-BOM_apw60_20260909T122456Z_e2e357e26273.html.gz,e2e357e262739f14b0f6cdb8a7ab071ad48552e8fe1734897a20d0dd97ad816b,DEL-BOM|2026-11-08|60|20260909T122456Z,db098b2c810f6cbbbb680a0dcb516461319b0444083e65d6c26fc030d3c7939b,NORMALIZED,PENDING,"[""fare_components_unavailable_from_source""]",H60,CANDIDATE,TOTAL_ONLY,2026-09-09 12:24:56.687539+00:00
09711a62-c592-4754-a217-1d9da8ffb55f,2026-09-09T12:24:56.687539+00:00,2026-11-08,60,DEL,BOM,DEL,BOM,DEL-BOM,6E,IndiGo,,ECONOMY,,,0,145,3:30 AM,3:30 AM,,,,,,8195.0,INR,google_flights,https://www.google.com/travel/flights?q=Flights+to+BOM+from+DEL+on+2026-11-08,html_fetch:fast-flights,DEL-BOM_apw60_20260909T122456Z_e2e357e26273.html.gz,e2e357e262739f14b0f6cdb8a7ab071ad48552e8fe1734897a20d0dd97ad816b,DEL-BOM|2026-11-08|60|20260909T122456Z,9ad09f41dfb99ca674a53caacefa1c6ba1116ac45e4f7482d929e2cf6caf0eaf,NORMALIZED,PENDING,"[""fare_components_unavailable_from_source""]",H60,CANDIDATE,TOTAL_ONLY,2026-09-09 12:24:56.687539+00:00
6ace0a4f-68df-40ad-8035-d49a11e1844d,2026-09-09T12:24:56.687539+00:00,2026-11-08,60,DEL,BOM,DEL,BOM,DEL-BOM,6E,IndiGo,,ECONOMY,,,0,145,5:00 AM,5:00 AM,,,,,,8195.0,INR,google_flights,https://www.google.com/travel/flights?q=Flights+to+BOM+from+DEL+on+2026-11-08,html_fetch:fast-flights,DEL-BOM_apw60_20260909T122456Z_e2e357e26273.html.gz,e2e357e262739f14b0f6cdb8a7ab071ad48552e8fe1734897a20d0dd97ad816b,DEL-BOM|2026-11-08|60|20260909T122456Z,32e7feafcfc06008d5040750c8d16bcf6f67d392e3d2cc40074f273cba4627be,NORMALIZED,PENDING,"[""fare_components_unavailable_from_source""]",H60,CANDIDATE,TOTAL_ONLY,2026-09-09 12:24:56.687539+00:00
06755f10-e6d5-44e1-8212-d4f8d92c9b95,2026-09-09T12:24:56.687539+00:00,2026-11-08,60,DEL,BOM,DEL,BOM,DEL-BOM,6E,IndiGo,,ECONOMY,,,0,145,6:05 AM,6:05 AM,,,,,,8195.0,INR,google_flights,https://www.google.com/travel/flights?q=Flights+to+BOM+from+DEL+on+2026-11-08,html_fetch:fast-flights,DEL-BOM_apw60_20260909T122456Z_e2e357e26273.html.gz,e2e357e262739f14b0f6cdb8a7ab071ad48552e8fe1734897a20d0dd97ad816b,DEL-BOM|2026-11-08|60|20260909T122456Z,a29318d561aa6ba8545d2fc3692020bd7ad3c68ee6a10b0525bc0965cff0b6c9,NORMALIZED,PENDING,"[""fare_components_unavailable_from_source""]",H60,CANDIDATE,TOTAL_ONLY,2026-09-09 12:24:56.687539+00:00
8b7e9d36-3929-4548-bc99-df093529fd57,2026-09-09T12:24:56.687539+00:00,2026-11-08,60,DEL,BOM,DEL,BOM,DEL-BOM,6E,IndiGo,,ECONOMY,,,0,145,7:00 AM,7:00 AM,,,,,,8195.0,INR,google_flights,https://www.google.com/travel/flights?q=Flights+to+BOM+from+DEL+on+2026-11-08,html_fetch:fast-flights,DEL-BOM_apw60_20260909T122456Z_e2e357e26273.html.gz,e2e357e262739f14b0f6cdb8a7ab071ad48552e8fe1734897a20d0dd97ad816b,DEL-BOM|2026-11-08|60|20260909T122456Z,4dab66d937dc72494da51d4c0ac98f354af9453fe14b779de13b8569c46b82b6,NORMALIZED,PENDING,"[""fare_components_unavailable_from_source""]",H60,CANDIDATE,TOTAL_ONLY,2026-09-09 12:24:56.687539+00:00
5f61eca7-7075-455e-96ce-a4180dd49ce1,2026-09-09T12:24:56.687539+00:00,2026-11-08,60,DEL,BOM,DEL,BOM,DEL-BOM,6E,IndiGo,,ECONOMY,,,0,145,8:00 AM,8:00 AM,,,,,,8195.0,INR,google_flights,https://www.google.com/travel/flights?q=Flights+to+BOM+from+DEL+on+2026-11-08,html_fetch:fast-flights,DEL-BOM_apw60_20260909T122456Z_e2e357e26273.html.gz,e2e357e262739f14b0f6cdb8a7ab071ad48552e8fe1734897a20d0dd97ad816b,DEL-BOM|2026-11-08|60|20260909T122456Z,1773d2819c43304ebad8a3ea4ae1acec193954737f1c25c8ea8f55c8b1bbeaa9,NORMALIZED,PENDING,"[""fare_components_unavailable_from_source""]",H60,CANDIDATE,TOTAL_ONLY,2026-09-09 12:24:56.687539+00:00
e8b4e374-4591-43e4-885f-b30a9f441f93,2026-09-09T12:24:56.687539+00:00,2026-11-08,60,DEL,BOM,DEL,BOM,DEL-BOM,6E,IndiGo,,ECONOMY,,,0,145,8:45 AM,8:45 AM,,,,,,8195.0,INR,google_flights,https://www.google.com/travel/flights?q=Flights+to+BOM+from+DEL+on+2026-11-08,html_fetch:fast-flights,DEL-BOM_apw60_20260909T122456Z_e2e357e26273.html.gz,e2e357e262739f14b0f6cdb8a7ab071ad48552e8fe1734897a20d0dd97ad816b,DEL-BOM|2026-11-08|60|20260909T122456Z,5b6c08b5e22368b698014a4b47f66b8c31e89b78533d5c1b1d9de87f06969cc1,NORMALIZED,PENDING,"[""fare_components_unavailable_from_source""]",H60,CANDIDATE,TOTAL_ONLY,2026-09-09 12:24:56.687539+00:00
49c0a2c6-521e-4286-bd8c-7b745784b4b2,2026-09-09T12:24:56.687539+00:00,2026-11-08,60,DEL,BOM,DEL,BOM,DEL-BOM,6E,IndiGo,,ECONOMY,,,0,145,9:30 AM,9:30 AM,,,,,,8195.0,INR,google_flights,https://www.google.com/travel/flights?q=Flights+to+BOM+from+DEL+on+2026-11-08,html_fetch:fast-flights,DEL-BOM_apw60_20260909T122456Z_e2e357e26273.html.gz,e2e357e262739f14b0f6cdb8a7ab071ad48552e8fe1734897a20d0dd97ad816b,DEL-BOM|2026-11-08|60|20260909T122456Z,09ae16aea21046a412c819f722e4a1e43598ce0b0f50d447614456280a094084,NORMALIZED,PENDING,"[""fare_components_unavailable_from_source""]",H60,CANDIDATE,TOTAL_ONLY,2026-09-09 12:24:56.687539+00:00
1d6128c0-cd17-4e4d-9bc6-554b443a89cf,2026-09-09T12:24:56.687539+00:00,2026-11-08,60,DEL,BOM,DEL,BOM,DEL-BOM,6E,IndiGo,,ECONOMY,,,0,145,10:15 AM,10:15 AM,,,,,,8195.0,INR,google_flights,https://www.google.com/travel/flights?q=Flights+to+BOM+from+DEL+on+2026-11-08,html_fetch:fast-flights,DEL-BOM_apw60_20260909T122456Z_e2e357e26273.html.gz,e2e357e262739f14b0f6cdb8a7ab071ad48552e8fe1734897a20d0dd97ad816b,DEL-BOM|2026-11-08|60|20260909T122456Z,fdcdf607b2a2b6a84474201c060086394d58867cdc5d317f618e2270bc279d20,NORMALIZED,PENDING,"[""fare_components_unavailable_from_source""]",H60,CANDIDATE,TOTAL_ONLY,2026-09-09 12:24:56.687539+00:00
bf46a0f8-50f0-4055-bb69-b15aab014acb,2026-09-09T12:24:56.687539+00:00,2026-11-08,60,DEL,BOM,DEL,BOM,DEL-BOM,6E,IndiGo,,ECONOMY,,,0,145,11:00 AM,11:00 AM,,,,,,8195.0,INR,google_flights,https://www.google.com/travel/flights?q=Flights+to+BOM+from+DEL+on+2026-11-08,html_fetch:fast-flights,DEL-BOM_apw60_20260909T122456Z_e2e357e26273.html.gz,e2e357e262739f14b0f6cdb8a7ab071ad48552e8fe1734897a20d0dd97ad816b,DEL-BOM|2026-11-08|60|20260909T122456Z,69134c94ad1286d840391acd95818857f38939be5a80f7d4156551afdcc10286,NORMALIZED,PENDING,"[""fare_components_unavailable_from_source""]",H60,CANDIDATE,TOTAL_ONLY,2026-09-09 12:24:56.687539+00:00
e6901cc6-fbe6-4c01-9008-165526eb480b,2026-09-09T12:24:56.687539+00:00,2026-11-08,60,DEL,BOM,DEL,BOM,DEL-BOM,6E,IndiGo,,ECONOMY,,,0,150,11:45 AM,11:45 AM,,,,,,8195.0,INR,google_flights,https://www.google.com/travel/flights?q=Flights+to+BOM+from+DEL+on+2026-11-08,html_fetch:fast-flights,DEL-BOM_apw60_20260909T122456Z_e2e357e26273.html.gz,e2e357e262739f14b0f6cdb8a7ab071ad48552e8fe1734897a20d0dd97ad816b,DEL-BOM|2026-11-08|60|20260909T122456Z,525c3c7f32a491726dbe9d41c1ceb2782915a240992dc860bce3d6d78c72c882,NORMALIZED,PENDING,"[""fare_components_unavailable_from_source""]",H60,CANDIDATE,TOTAL_ONLY,2026-09-09 12:24:56.687539+00:00
e23e4780-b64d-4f1d-a0de-1a441ab6266d,2026-09-09T12:24:56.687539+00:00,2026-11-08,60,DEL,BOM,DEL,BOM,DEL-BOM,6E,IndiGo,,ECONOMY,,,0,145,12:30 PM,12:30 PM,,,,,,8195.0,INR,google_flights,https://www.google.com/travel/flights?q=Flights+to+BOM+from+DEL+on+2026-11-08,html_fetch:fast-flights,DEL-BOM_apw60_20260909T122456Z_e2e357e26273.html.gz,e2e357e262739f14b0f6cdb8a7ab071ad48552e8fe1734897a20d0dd97ad816b,DEL-BOM|2026-11-08|60|20260909T122456Z,80a30e2e1eb340ac7a5fa2cde4566eb47397f7cadeead3d0632a1759546631f7,NORMALIZED,PENDING,"[""fare_components_unavailable_from_source""]",H60,CANDIDATE,TOTAL_ONLY,2026-09-09 12:24:56.687539+00:00
7b9db97d-0824-4a1c-96f0-bfb2cc07608f,2026-09-09T12:24:56.687539+00:00,2026-11-08,60,DEL,BOM,DEL,BOM,DEL-BOM,6E,IndiGo,,ECONOMY,,,0,145,1:15 PM,1:15 PM,,,,,,8195.0,INR,google_flights,https://www.google.com/travel/flights?q=Flights+to+BOM+from+DEL+on+2026-11-08,html_fetch:fast-flights,DEL-BOM_apw60_20260909T122456Z_e2e357e26273.html.gz,e2e357e262739f14b0f6cdb8a7ab071ad48552e8fe1734897a20d0dd97ad816b,DEL-BOM|2026-11-08|60|20260909T122456Z,0ae453703b4ae99775c5bda1ec3143e7892a32773d3aed7300f030df70f614c3,NORMALIZED,PENDING,"[""fare_components_unavailable_from_source""]",H60,CANDIDATE,TOTAL_ONLY,2026-09-09 12:24:56.687539+00:00
38db5318-9ad1-4a9a-b32b-7cbc2303e2bb,2026-09-09T12:24:56.687539+00:00,2026-11-08,60,DEL,BOM,DEL,BOM,DEL-BOM,6E,IndiGo,,ECONOMY,,,0,145,2:00 PM,2:00 PM,,,,,,8195.0,INR,google_flights,https://www.google.com/travel/flights?q=Flights+to+BOM+from+DEL+on+2026-11-08,html_fetch:fast-flights,DEL-BOM_apw60_20260909T122456Z_e2e357e26273.html.gz,e2e357e262739f14b0f6cdb8a7ab071ad48552e8fe1734897a20d0dd97ad816b,DEL-BOM|2026-11-08|60|20260909T122456Z,8fb547add9519b59f6a31bd82bd9d26ec90ec8cd2728ec74d4e1a1e56da072e4,NORMALIZED,PENDING,"[""fare_components_unavailable_from_source""]",H60,CANDIDATE,TOTAL_ONLY,2026-09-09 12:24:56.687539+00:00
c0946fda-baf0-41b9-a53b-140010423c0d,2026-09-09T12:24:56.687539+00:00,2026-11-08,60,DEL,BOM,DEL,BOM,DEL-BOM,6E,IndiGo,,ECONOMY,,,0,145,2:45 PM,2:45 PM,,,,,,8195.0,INR,google_flights,https://www.google.com/travel/flights?q=Flights+to+BOM+from+DEL+on+2026-11-08,html_fetch:fast-flights,DEL-BOM_apw60_20260909T122456Z_e2e357e26273.html.gz,e2e357e262739f14b0f6cdb8a7ab071ad48552e8fe1734897a20d0dd97ad816b,DEL-BOM|2026-11-08|60|20260909T122456Z,ca5bf0a76aad52bb2c5bef84bf7507eb369e6b92d6bb2b5dafbff460ae6d53a0,NORMALIZED,PENDING,"[""fare_components_unavailable_from_source""]",H60,CANDIDATE,TOTAL_ONLY,2026-09-09 12:24:56.687539+00:00
2f957c3c-67a6-4c88-bded-9da7d0877bdb,2026-09-09T12:24:56.687539+00:00,2026-11-08,60,DEL,BOM,DEL,BOM,DEL-BOM,SG,SpiceJet,,ECONOMY,,,0,140,5:45 AM,5:45 AM,,,,,,9878.0,INR,google_flights,https://www.google.com/travel/flights?q=Flights+to+BOM+from+DEL+on+2026-11-08,html_fetch:fast-flights,DEL-BOM_apw60_20260909T122456Z_e2e357e26273.html.gz,e2e357e262739f14b0f6cdb8a7ab071ad48552e8fe1734897a20d0dd97ad816b,DEL-BOM|2026-11-08|60|20260909T122456Z,08d20c3a17df1556a2c84384f5f6416a9e66e943aee97ace475c2299b5c29897,NORMALIZED,PENDING,"[""fare_components_unavailable_from_source""]",H60,CANDIDATE,TOTAL_ONLY,2026-09-09 12:24:56.687539+00:00
e73dc5e6-23fc-4ff5-86bd-1f480e3e5576,2026-09-09T12:24:56.687539+00:00,2026-11-08,60,DEL,BOM,DEL,BOM,DEL-BOM,SG,SpiceJet,,ECONOMY,,,0,135,6:30 AM,6:30 AM,,,,,,9878.0,INR,google_flights,https://www.google.com/travel/flights?q=Flights+to+BOM+from+DEL+on+2026-11-08,html_fetch:fast-flights,DEL-BOM_apw60_20260909T122456Z_e2e357e26273.html.gz,e2e357e262739f14b0f6cdb8a7ab071ad48552e8fe1734897a20d0dd97ad816b,DEL-BOM|2026-11-08|60|20260909T122456Z,c9a71522b8bed99be18951d0e13623bad607a21841b96c42285ad1a08be9d9d7,NORMALIZED,PENDING,"[""fare_components_unavailable_from_source""]",H60,CANDIDATE,TOTAL_ONLY,2026-09-09 12:24:56.687539+00:00
271ab0f7-cd55-4b3e-86e0-e79fc8812e7c,2026-09-09T12:24:56.687539+00:00,2026-11-08,60,DEL,BOM,DEL,BOM,DEL-BOM,SG,SpiceJet,,ECONOMY,,,0,135,7:00 AM,7:00 AM,,,,,,9878.0,INR,google_flights,https://www.google.com/travel/flights?q=Flights+to+BOM+from+DEL+on+2026-11-08,html_fetch:fast-flights,DEL-BOM_apw60_20260909T122456Z_e2e357e26273.html.gz,e2e357e262739f14b0f6cdb8a7ab071ad48552e8fe1734897a20d0dd97ad816b,DEL-BOM|2026-11-08|60|20260909T122456Z,942c8fbc82d6805016ed731e8cdadd331d6df268cfabe7cf8842bd3fade4fd47,NORMALIZED,PENDING,"[""fare_components_unavailable_from_source""]",H60,CANDIDATE,TOTAL_ONLY,2026-09-09 12:24:56.687539+00:00
2fe172d6-d077-4b11-bf2b-6168f766a010,2026-09-09T12:24:56.687539+00:00,2026-11-08,60,DEL,BOM,DEL,BOM,DEL-BOM,SG,SpiceJet,,ECONOMY,,,0,140,9:30 AM,9:30 AM,,,,,,9878.0,INR,google_flights,https://www.google.com/travel/flights?q=Flights+to+BOM+from+DEL+on+2026-11-08,html_fetch:fast-flights,DEL-BOM_apw60_20260909T122456Z_e2e357e26273.html.gz,e2e357e262739f14b0f6cdb8a7ab071ad48552e8fe1734897a20d0dd97ad816b,DEL-BOM|2026-11-08|60|20260909T122456Z,e5bfe8d89e7bdeb2f05f03aad079349f1a9fa08962be9d39ddb04da1fdd2c70f,NORMALIZED,PENDING,"[""fare_components_unavailable_from_source""]",H60,CANDIDATE,TOTAL_ONLY,2026-09-09 12:24:56.687539+00:00
d51bd5e7-7773-4c53-b8c8-046fd8aac17e,2026-09-09T12:24:56.687539+00:00,2026-11-08,60,DEL,BOM,DEL,BOM,DEL-BOM,SG,SpiceJet,,ECONOMY,,,0,135,5:10 PM,5:10 PM,,,,,,9878.0,INR,google_flights,https://www.google.com/travel/flights?q=Flights+to+BOM+from+DEL+on+2026-11-08,html_fetch:fast-flights,DEL-BOM_apw60_20260909T122456Z_e2e357e26273.html.gz,e2e357e262739f14b0f6cdb8a7ab071ad48552e8fe1734897a20d0dd97ad816b,DEL-BOM|2026-11-08|60|20260909T122456Z,3ef9d6e388b289d7048ef2c756d64dcc65dfb38ecadcb0b6c565d894f2f9d652,NORMALIZED,PENDING,"[""fare_components_unavailable_from_source""]",H60,CANDIDATE,TOTAL_ONLY,2026-09-09 12:24:56.687539+00:00
21afc8db-e654-4abb-9a97-6d63b049628b,2026-09-09T12:24:56.687539+00:00,2026-11-08,60,DEL,BOM,DEL,BOM,DEL-BOM,SG,SpiceJet,,ECONOMY,,,0,130,7:00 PM,7:00 PM,,,,,,9878.0,INR,google_flights,https://www.google.com/travel/flights?q=Flights+to+BOM+from+DEL+on+2026-11-08,html_fetch:fast-flights,DEL-BOM_apw60_20260909T122456Z_e2e357e26273.html.gz,e2e357e262739f14b0f6cdb8a7ab071ad48552e8fe1734897a20d0dd97ad816b,DEL-BOM|2026-11-08|60|20260909T122456Z,598bccb57439241ae817862ea92010dca58ecd069bb5615e4a455b275fc5e5d0,NORMALIZED,PENDING,"[""fare_components_unavailable_from_source""]",H60,CANDIDATE,TOTAL_ONLY,2026-09-09 12:24:56.687539+00:00
558dbbee-a17d-4f95-a6f3-48162dd0e91d,2026-09-09T12:24:59.589910+00:00,2026-09-30,21,BOM,DEL,BOM,DEL,BOM-DEL,6E,IndiGo,,ECONOMY,,,0,135,9:00 AM,9:00 AM,,,,,,6457.0,INR,google_flights,https://www.google.com/travel/flights?q=Flights+to+DEL+from+BOM+on+2026-09-30,html_fetch:fast-flights,BOM-DEL_apw21_20260909T122459Z_83cc9e3d4b5d.html.gz,83cc9e3d4b5dfc16c36644630c521e4a2576aa7fbcb96948bbcad84658199460,BOM-DEL|2026-09-30|21|20260909T122459Z,efc2e7403a91a242fc87c95a4e409f8f0013914785da17f9de5c350e2eb924a0,NORMALIZED,PENDING,"[""fare_components_unavailable_from_source""]",H21,CANDIDATE,TOTAL_ONLY,2026-09-09 12:24:59.589910+00:00
f84ef73f-19b6-4905-a246-9363c797a428,2026-09-09T12:24:59.589910+00:00,2026-09-30,21,BOM,DEL,BOM,DEL,BOM-DEL,AI,Air India,,ECONOMY,,,0,135,8:55 AM,8:55 AM,,,,,,6603.0,INR,google_flights,https://www.google.com/travel/flights?q=Flights+to+DEL+from+BOM+on+2026-09-30,html_fetch:fast-flights,BOM-DEL_apw21_20260909T122459Z_83cc9e3d4b5d.html.gz,83cc9e3d4b5dfc16c36644630c521e4a2576aa7fbcb96948bbcad84658199460,BOM-DEL|2026-09-30|21|20260909T122459Z,490aceb435804a5a46520d539d9395fa80ce93ac0b8928971f469abc6a9a2051,NORMALIZED,PENDING,"[""fare_components_unavailable_from_source""]",H21,CANDIDATE,TOTAL_ONLY,2026-09-09 12:24:59.589910+00:00
d4265e82-d111-48e4-9df9-0b282999c0af,2026-09-09T12:24:59.589910+00:00,2026-09-30,21,BOM,DEL,BOM,DEL,BOM-DEL,QP,Akasa Air,,ECONOMY,,,0,135,5:25 AM,5:25 AM,,,,,,6873.0,INR,google_flights,https://www.google.com/travel/flights?q=Flights+to+DEL+from+BOM+on+2026-09-30,html_fetch:fast-flights,BOM-DEL_apw21_20260909T122459Z_83cc9e3d4b5d.html.gz,83cc9e3d4b5dfc16c36644630c521e4a2576aa7fbcb96948bbcad84658199460,BOM-DEL|2026-09-30|21|20260909T122459Z,14bb07e5e70baf8a32fa0eab23d72a6c7dab989b9b40df73f88466043e2aa411,NORMALIZED,PENDING,"[""fare_components_unavailable_from_source""]",H21,CANDIDATE,TOTAL_ONLY,2026-09-09 12:24:59.589910+00:00
49388752-09e0-42ee-83af-9161e946cd25,2026-09-09T12:24:59.589910+00:00,2026-09-30,21,BOM,DEL,BOM,DEL,BOM-DEL,6E,IndiGo,,ECONOMY,,,0,130,5:00 AM,5:00 AM,,,,,,6457.0,INR,google_flights,https://www.google.com/travel/flights?q=Flights+to+DEL+from+BOM+on+2026-09-30,html_fetch:fast-flights,BOM-DEL_apw21_20260909T122459Z_83cc9e3d4b5d.html.gz,83cc9e3d4b5dfc16c36644630c521e4a2576aa7fbcb96948bbcad84658199460,BOM-DEL|2026-09-30|21|20260909T122459Z,0a15cc6d0b2f6874ca50425d349156ed64ecf0430b8e4d4883a8a4778feb8023,NORMALIZED,PENDING,"[""fare_components_unavailable_from_source""]",H21,CANDIDATE,TOTAL_ONLY,2026-09-09 12:24:59.589910+00:00
823e687b-4af6-4250-ab20-51e32dfd57ad,2026-09-09T12:24:59.589910+00:00,2026-09-30,21,BOM,DEL,BOM,DEL,BOM-DEL,6E,IndiGo,,ECONOMY,,,0,145,10:35 AM,10:35 AM,,,,,,6457.0,INR,google_flights,https://www.google.com/travel/flights?q=Flights+to+DEL+from+BOM+on+2026-09-30,html_fetch:fast-flights,BOM-DEL_apw21_20260909T122459Z_83cc9e3d4b5d.html.gz,83cc9e3d4b5dfc16c36644630c521e4a2576aa7fbcb96948bbcad84658199460,BOM-DEL|2026-09-30|21|20260909T122459Z,30c025fcc493fcbfa183e71ff1a16294c203bb79a9677a1b3ed5c28b58d237f1,NORMALIZED,PENDING,"[""fare_components_unavailable_from_source""]",H21,CANDIDATE,TOTAL_ONLY,2026-09-09 12:24:59.589910+00:00
3446c351-ee9c-4f00-8871-ca35a18cf035,2026-09-09T12:24:59.589910+00:00,2026-09-30,21,BOM,DEL,BOM,DEL,BOM-DEL,6E,IndiGo,,ECONOMY,,,0,135,11:30 AM,11:30 AM,,,,,,6457.0,INR,google_flights,https://www.google.com/travel/flights?q=Flights+to+DEL+from+BOM+on+2026-09-30,html_fetch:fast-flights,BOM-DEL_apw21_20260909T122459Z_83cc9e3d4b5d.html.gz,83cc9e3d4b5dfc16c36644630c521e4a2576aa7fbcb96948bbcad84658199460,BOM-DEL|2026-09-30|21|20260909T122459Z,cf5b2656b31e2e5d7ffa9089e3376e4c91efb8a34236b4fdffc6c95b207e9cc3,NORMALIZED,PENDING,"[""fare_components_unavailable_from_source""]",H21,CANDIDATE,TOTAL_ONLY,2026-09-09 12:24:59.589910+00:00
2ab83f6c-5f99-40e1-9fe3-5b0696ca662d,2026-09-09T12:24:59.589910+00:00,2026-09-30,21,BOM,DEL,BOM,DEL,BOM-DEL,6E,IndiGo,,ECONOMY,,,0,130,12:15 PM,12:15 PM,,,,,,6457.0,INR,google_flights,https://www.google.com/travel/flights?q=Flights+to+DEL+from+BOM+on+2026-09-30,html_fetch:fast-flights,BOM-DEL_apw21_20260909T122459Z_83cc9e3d4b5d.html.gz,83cc9e3d4b5dfc16c36644630c521e4a2576aa7fbcb96948bbcad84658199460,BOM-DEL|2026-09-30|21|20260909T122459Z,46b0d50bd3b3706999e5f5509997c4767bc56d16c2221dd7bb2b2dbd41522ffa,NORMALIZED,PENDING,"[""fare_components_unavailable_from_source""]",H21,CANDIDATE,TOTAL_ONLY,2026-09-09 12:24:59.589910+00:00
56f9845e-42d8-45ee-8cbe-00e50cc06f3c,2026-09-09T12:24:59.589910+00:00,2026-09-30,21,BOM,DEL,BOM,DEL,BOM-DEL,6E,IndiGo,,ECONOMY,,,0,135,1:00 PM,1:00 PM,,,,,,6457.0,INR,google_flights,https://www.google.com/travel/flights?q=Flights+to+DEL+from+BOM+on+2026-09-30,html_fetch:fast-flights,BOM-DEL_apw21_20260909T122459Z_83cc9e3d4b5d.html.gz,83cc9e3d4b5dfc16c36644630c521e4a2576aa7fbcb96948bbcad84658199460,BOM-DEL|2026-09-30|21|20260909T122459Z,053124e898d27992ef127349d66bbbe9331e028b6a80d3cc4b261a5215f9e370,NORMALIZED,PENDING,"[""fare_components_unavailable_from_source""]",H21,CANDIDATE,TOTAL_ONLY,2026-09-09 12:24:59.589910+00:00
833369cd-3530-4bc3-bf49-016be571eae4,2026-09-09T12:24:59.589910+00:00,2026-09-30,21,BOM,DEL,BOM,DEL,BOM-DEL,6E,IndiGo,,ECONOMY,,,0,135,2:00 PM,2:00 PM,,,,,,6457.0,INR,google_flights,https://www.google.com/travel/flights?q=Flights+to+DEL+from+BOM+on+2026-09-30,html_fetch:fast-flights,BOM-DEL_apw21_20260909T122459Z_83cc9e3d4b5d.html.gz,83cc9e3d4b5dfc16c36644630c521e4a2576aa7fbcb96948bbcad84658199460,BOM-DEL|2026-09-30|21|20260909T122459Z,a09f5533196e5d467a2995b55d5864174cd673fce7aee05f4995a433a35048ca,NORMALIZED,PENDING,"[""fare_components_unavailable_from_source""]",H21,CANDIDATE,TOTAL_ONLY,2026-09-09 12:24:59.589910+00:00
94334646-7fe2-42a5-a58a-3d837546bb0e,2026-09-09T12:24:59.589910+00:00,2026-09-30,21,BOM,DEL,BOM,DEL,BOM-DEL,6E,IndiGo,,ECONOMY,,,0,135,3:00 PM,3:00 PM,,,,,,6457.0,INR,google_flights,https://www.google.com/travel/flights?q=Flights+to+DEL+from+BOM+on+2026-09-30,html_fetch:fast-flights,BOM-DEL_apw21_20260909T122459Z_83cc9e3d4b5d.html.gz,83cc9e3d4b5dfc16c36644630c521e4a2576aa7fbcb96948bbcad84658199460,BOM-DEL|2026-09-30|21|20260909T122459Z,89eac9aefb67febb248cadeed35646784d4a60e02472798feb2588e7c498edab,NORMALIZED,PENDING,"[""fare_components_unavailable_from_source""]",H21,CANDIDATE,TOTAL_ONLY,2026-09-09 12:24:59.589910+00:00
71fe5df0-fe51-403a-be39-95f6d33dc750,2026-09-09T12:24:59.589910+00:00,2026-09-30,21,BOM,DEL,BOM,DEL,BOM-DEL,6E,IndiGo,,ECONOMY,,,0,135,4:00 PM,4:00 PM,,,,,,6457.0,INR,google_flights,https://www.google.com/travel/flights?q=Flights+to+DEL+from+BOM+on+2026-09-30,html_fetch:fast-flights,BOM-DEL_apw21_20260909T122459Z_83cc9e3d4b5d.html.gz,83cc9e3d4b5dfc16c36644630c521e4a2576aa7fbcb96948bbcad84658199460,BOM-DEL|2026-09-30|21|20260909T122459Z,dc284734850e0e5d9f36c0f04e9a118762c79489c6090ebc960b7b06de91ab76,NORMALIZED,PENDING,"[""fare_components_unavailable_from_source""]",H21,CANDIDATE,TOTAL_ONLY,2026-09-09 12:24:59.589910+00:00
56c5209b-8954-489c-b9fa-10b40fa5dbe1,2026-09-09T12:24:59.589910+00:00,2026-09-30,21,BOM,DEL,BOM,DEL,BOM-DEL,6E,IndiGo,,ECONOMY,,,0,130,4:45 PM,4:45 PM,,,,,,6457.0,INR,google_flights,https://www.google.com/travel/flights?q=Flights+to+DEL+from+BOM+on+2026-09-30,html_fetch:fast-flights,BOM-DEL_apw21_20260909T122459Z_83cc9e3d4b5d.html.gz,83cc9e3d4b5dfc16c36644630c521e4a2576aa7fbcb96948bbcad84658199460,BOM-DEL|2026-09-30|21|20260909T122459Z,83e302fd92615375190c1fcd2c9f61fecbd6b774240c0674aceb1de1dfbd03e4,NORMALIZED,PENDING,"[""fare_components_unavailable_from_source""]",H21,CANDIDATE,TOTAL_ONLY,2026-09-09 12:24:59.589910+00:00
0623fd5b-1149-48d0-983f-6cced0573310,2026-09-09T12:24:59.589910+00:00,2026-09-30,21,BOM,DEL,BOM,DEL,BOM-DEL,6E,IndiGo,,ECONOMY,,,0,145,5:20 PM,5:20 PM,,,,,,6457.0,INR,google_flights,https://www.google.com/travel/flights?q=Flights+to+DEL+from+BOM+on+2026-09-30,html_fetch:fast-flights,BOM-DEL_apw21_20260909T122459Z_83cc9e3d4b5d.html.gz,83cc9e3d4b5dfc16c36644630c521e4a2576aa7fbcb96948bbcad84658199460,BOM-DEL|2026-09-30|21|20260909T122459Z,cf6ecfa115eebecb53bd965c6ab759069873a2d891c3b2bcb1fba4036a78caf3,NORMALIZED,PENDING,"[""fare_components_unavailable_from_source""]",H21,CANDIDATE,TOTAL_ONLY,2026-09-09 12:24:59.589910+00:00
899dbbfd-34f4-4643-af76-d08b7f2ab817,2026-09-09T12:24:59.589910+00:00,2026-09-30,21,BOM,DEL,BOM,DEL,BOM-DEL,6E,IndiGo,,ECONOMY,,,0,130,6:00 AM,6:00 AM,,,,,,6615.0,INR,google_flights,https://www.google.com/travel/flights?q=Flights+to+DEL+from+BOM+on+2026-09-30,html_fetch:fast-flights,BOM-DEL_apw21_20260909T122459Z_83cc9e3d4b5d.html.gz,83cc9e3d4b5dfc16c36644630c521e4a2576aa7fbcb96948bbcad84658199460,BOM-DEL|2026-09-30|21|20260909T122459Z,25980ab9df4edba236caf026fdb2fc33a391c1472c6d08b1b5384145149c38b4,NORMALIZED,PENDING,"[""fare_components_unavailable_from_source""]",H21,CANDIDATE,TOTAL_ONLY,2026-09-09 12:24:59.589910+00:00
88406812-c428-4e35-a2e9-4ccdd9f420fc,2026-09-09T12:24:59.589910+00:00,2026-09-30,21,BOM,DEL,BOM,DEL,BOM-DEL,6E,IndiGo,,ECONOMY,,,0,130,7:00 AM,7:00 AM,,,,,,6825.0,INR,google_flights,https://www.google.com/travel/flights?q=Flights+to+DEL+from+BOM+on+2026-09-30,html_fetch:fast-flights,BOM-DEL_apw21_20260909T122459Z_83cc9e3d4b5d.html.gz,83cc9e3d4b5dfc16c36644630c521e4a2576aa7fbcb96948bbcad84658199460,BOM-DEL|2026-09-30|21|20260909T122459Z,4f9089d0062b615d1abc727ecc719c47e80328f434d5340a8a831bf20e21619b,NORMALIZED,PENDING,"[""fare_components_unavailable_from_source""]",H21,CANDIDATE,TOTAL_ONLY,2026-09-09 12:24:59.589910+00:00
78307108-914f-4f64-b795-e9b7abc72171,2026-09-09T12:24:59.589910+00:00,2026-09-30,21,BOM,DEL,BOM,DEL,BOM-DEL,6E,IndiGo,,ECONOMY,,,0,150,10:00 AM,10:00 AM,,,,,,6825.0,INR,google_flights,https://www.google.com/travel/flights?q=Flights+to+DEL+from+BOM+on+2026-09-30,html_fetch:fast-flights,BOM-DEL_apw21_20260909T122459Z_83cc9e3d4b5d.html.gz,83cc9e3d4b5dfc16c36644630c521e4a2576aa7fbcb96948bbcad84658199460,BOM-DEL|2026-09-30|21|20260909T122459Z,ae5cee361158e3959ecbf31f259ba87c3f5caeae3de16d69375a040b409e3cd0,NORMALIZED,PENDING,"[""fare_components_unavailable_from_source""]",H21,CANDIDATE,TOTAL_ONLY,2026-09-09 12:24:59.589910+00:00
97dc81a4-eafe-4bc3-8b2d-31fccde3a638,2026-09-09T12:24:59.589910+00:00,2026-09-30,21,BOM,DEL,BOM,DEL,BOM-DEL,QP,Akasa Air,,ECONOMY,,,0,145,10:20 AM,10:20 AM,,,,,,6873.0,INR,google_flights,https://www.google.com/travel/flights?q=Flights+to+DEL+from+BOM+on+2026-09-30,html_fetch:fast-flights,BOM-DEL_apw21_20260909T122459Z_83cc9e3d4b5d.html.gz,83cc9e3d4b5dfc16c36644630c521e4a2576aa7fbcb96948bbcad84658199460,BOM-DEL|2026-09-30|21|20260909T122459Z,1da21e75e0f2267a0f92f3cbcc22ac17f0ab9c38031a9be5e353b77718c2ce83,NORMALIZED,PENDING,"[""fare_components_unavailable_from_source""]",H21,CANDIDATE,TOTAL_ONLY,2026-09-09 12:24:59.589910+00:00
62348a20-b56f-4591-b8b5-c7adfcd72967,2026-09-09T12:24:59.589910+00:00,2026-09-30,21,BOM,DEL,BOM,DEL,BOM-DEL,QP,Akasa Air,,ECONOMY,,,0,150,11:50 AM,11:50 AM,,,,,,6873.0,INR,google_flights,https://www.google.com/travel/flights?q=Flights+to+DEL+from+BOM+on+2026-09-30,html_fetch:fast-flights,BOM-DEL_apw21_20260909T122459Z_83cc9e3d4b5d.html.gz,83cc9e3d4b5dfc16c36644630c521e4a2576aa7fbcb96948bbcad84658199460,BOM-DEL|2026-09-30|21|20260909T122459Z,8519b301c8a20cc65d2076c8999535f918f2ec02c9ed78ecf7f557694a62444c,NORMALIZED,PENDING,"[""fare_components_unavailable_from_source""]",H21,CANDIDATE,TOTAL_ONLY,2026-09-09 12:24:59.589910+00:00
10c96839-2848-4863-89fa-87eea8bec5d2,2026-09-09T12:24:59.589910+00:00,2026-09-30,21,BOM,DEL,BOM,DEL,BOM-DEL,QP,Akasa Air,,ECONOMY,,,0,140,2:30 PM,2:30 PM,,,,,,6873.0,INR,google_flights,https://www.google.com/travel/flights?q=Flights+to+DEL+from+BOM+on+2026-09-30,html_fetch:fast-flights,BOM-DEL_apw21_20260909T122459Z_83cc9e3d4b5d.html.gz,83cc9e3d4b5dfc16c36644630c521e4a2576aa7fbcb96948bbcad84658199460,BOM-DEL|2026-09-30|21|20260909T122459Z,d018921fb8147f9e73838f09c804697e9df1dbe345c3e871718050d339cc7a14,NORMALIZED,PENDING,"[""fare_components_unavailable_from_source""]",H21,CANDIDATE,TOTAL_ONLY,2026-09-09 12:24:59.589910+00:00
4b358581-9e51-4aac-8d39-3da3132a1896,2026-09-09T12:24:59.589910+00:00,2026-09-30,21,BOM,DEL,BOM,DEL,BOM-DEL,QP,Akasa Air,,ECONOMY,,,0,145,4:50 PM,4:50 PM,,,,,,6873.0,INR,google_flights,https://www.google.com/travel/flights?q=Flights+to+DEL+from+BOM+on+2026-09-30,html_fetch:fast-flights,BOM-DEL_apw21_20260909T122459Z_83cc9e3d4b5d.html.gz,83cc9e3d4b5dfc16c36644630c521e4a2576aa7fbcb96948bbcad84658199460,BOM-DEL|2026-09-30|21|20260909T122459Z,2697c418882352ecbe5dddb8fa7eff3fb1e3fcfb3e54cc141963e1ee3630f7dc,NORMALIZED,PENDING,"[""fare_components_unavailable_from_source""]",H21,CANDIDATE,TOTAL_ONLY,2026-09-09 12:24:59.589910+00:00
8b211efd-2eb1-4e8a-9449-7302b7a41999,2026-09-09T12:24:59.589910+00:00,2026-09-30,21,BOM,DEL,BOM,DEL,BOM-DEL,AI,Air India,,ECONOMY,,,0,135,7:30 AM,7:30 AM,,,,,,6982.0,INR,google_flights,https://www.google.com/travel/flights?q=Flights+to+DEL+from+BOM+on+2026-09-30,html_fetch:fast-flights,BOM-DEL_apw21_20260909T122459Z_83cc9e3d4b5d.html.gz,83cc9e3d4b5dfc16c36644630c521e4a2576aa7fbcb96948bbcad84658199460,BOM-DEL|2026-09-30|21|20260909T122459Z,74e35dd8918cf8f17ee6e1e7a2e09fe6e34b92013bf62c6e6c4dd0e2024eec1f,NORMALIZED,PENDING,"[""fare_components_unavailable_from_source""]",H21,CANDIDATE,TOTAL_ONLY,2026-09-09 12:24:59.589910+00:00
5877977a-8701-4df5-80c4-aacd1731f6fa,2026-09-09T12:24:59.589910+00:00,2026-09-30,21,BOM,DEL,BOM,DEL,BOM-DEL,AI,Air India,,ECONOMY,,,0,140,10:00 AM,10:00 AM,,,,,,6982.0,INR,google_flights,https://www.google.com/travel/flights?q=Flights+to+DEL+from+BOM+on+2026-09-30,html_fetch:fast-flights,BOM-DEL_apw21_20260909T122459Z_83cc9e3d4b5d.html.gz,83cc9e3d4b5dfc16c36644630c521e4a2576aa7fbcb96948bbcad84658199460,BOM-DEL|2026-09-30|21|20260909T122459Z,b42de896d233340b48bb97e8d9134ff79ed88f256f9724ac32da6ddc655ccc04,NORMALIZED,PENDING,"[""fare_components_unavailable_from_source""]",H21,CANDIDATE,TOTAL_ONLY,2026-09-09 12:24:59.589910+00:00
5606b319-4846-48a2-9335-32df86d8e37a,2026-09-09T12:24:59.589910+00:00,2026-09-30,21,BOM,DEL,BOM,DEL,BOM-DEL,AI,Air India,,ECONOMY,,,0,140,8:30 PM,8:30 PM,,,,,,6982.0,INR,google_flights,https://www.google.com/travel/flights?q=Flights+to+DEL+from+BOM+on+2026-09-30,html_fetch:fast-flights,BOM-DEL_apw21_20260909T122459Z_83cc9e3d4b5d.html.gz,83cc9e3d4b5dfc16c36644630c521e4a2576aa7fbcb96948bbcad84658199460,BOM-DEL|2026-09-30|21|20260909T122459Z,afc530d74337c46aa9d5742b57ce77b69071577d5a461b3a07c95573c8a1cd88,NORMALIZED,PENDING,"[""fare_components_unavailable_from_source""]",H21,CANDIDATE,TOTAL_ONLY,2026-09-09 12:24:59.589910+00:00
d5fabd03-df7a-4015-a58b-628d8bcab438,2026-09-09T12:24:59.589910+00:00,2026-09-30,21,BOM,DEL,BOM,DEL,BOM-DEL,QP,Akasa Air,,ECONOMY,,,0,140,6:55 PM,6:55 PM,,,,,,6991.0,INR,google_flights,https://www.google.com/travel/flights?q=Flights+to+DEL+from+BOM+on+2026-09-30,html_fetch:fast-flights,BOM-DEL_apw21_20260909T122459Z_83cc9e3d4b5d.html.gz,83cc9e3d4b5dfc16c36644630c521e4a2576aa7fbcb96948bbcad84658199460,BOM-DEL|2026-09-30|21|20260909T122459Z,0679116174032922fb993b734ab13bc1bd9cf504c1f1d15b44f2a1a04e9e75de,NORMALIZED,PENDING,"[""fare_components_unavailable_from_source""]",H21,CANDIDATE,TOTAL_ONLY,2026-09-09 12:24:59.589910+00:00
604d5b27-7c95-4512-9ca8-8ce7d265c67c,2026-09-09T12:24:59.589910+00:00,2026-09-30,21,BOM,DEL,BOM,DEL,BOM-DEL,AI,Air India,,ECONOMY,,,0,140,4:45 PM,4:45 PM,,,,,,7021.0,INR,google_flights,https://www.google.com/travel/flights?q=Flights+to+DEL+from+BOM+on+2026-09-30,html_fetch:fast-flights,BOM-DEL_apw21_20260909T122459Z_83cc9e3d4b5d.html.gz,83cc9e3d4b5dfc16c36644630c521e4a2576aa7fbcb96948bbcad84658199460,BOM-DEL|2026-09-30|21|20260909T122459Z,40ba4aa8c23f61bfdf2d82d5ab9cec893466bd318442e6f37462ef8af4e923a8,NORMALIZED,PENDING,"[""fare_components_unavailable_from_source""]",H21,CANDIDATE,TOTAL_ONLY,2026-09-09 12:24:59.589910+00:00
12982547-802a-48f9-a572-bafcf9bd2d16,2026-09-09T12:24:59.589910+00:00,2026-09-30,21,BOM,DEL,BOM,DEL,BOM-DEL,6E,IndiGo,,ECONOMY,,,0,135,6:15 PM,6:15 PM,,,,,,7087.0,INR,google_flights,https://www.google.com/travel/flights?q=Flights+to+DEL+from+BOM+on+2026-09-30,html_fetch:fast-flights,BOM-DEL_apw21_20260909T122459Z_83cc9e3d4b5d.html.gz,83cc9e3d4b5dfc16c36644630c521e4a2576aa7fbcb96948bbcad84658199460,BOM-DEL|2026-09-30|21|20260909T122459Z,c0f70363d18314aec5b60bf02944e40eb42d8738fdcb42b9e29bb65d8cda7b7f,NORMALIZED,PENDING,"[""fare_components_unavailable_from_source""]",H21,CANDIDATE,TOTAL_ONLY,2026-09-09 12:24:59.589910+00:00
23a047eb-4e15-4880-8e0d-47a6876939b2,2026-09-09T12:24:59.589910+00:00,2026-09-30,21,BOM,DEL,BOM,DEL,BOM-DEL,6E,IndiGo,,ECONOMY,,,0,130,7:45 PM,7:45 PM,,,,,,7087.0,INR,google_flights,https://www.google.com/travel/flights?q=Flights+to+DEL+from+BOM+on+2026-09-30,html_fetch:fast-flights,BOM-DEL_apw21_20260909T122459Z_83cc9e3d4b5d.html.gz,83cc9e3d4b5dfc16c36644630c521e4a2576aa7fbcb96948bbcad84658199460,BOM-DEL|2026-09-30|21|20260909T122459Z,5af3c25037c72c3b1ac25703181de4efe84e341d7089c4d85c2c4d79908c1b9d,NORMALIZED,PENDING,"[""fare_components_unavailable_from_source""]",H21,CANDIDATE,TOTAL_ONLY,2026-09-09 12:24:59.589910+00:00
e4e4d92d-d639-421e-80c9-537b16718f19,2026-09-09T12:24:59.589910+00:00,2026-09-30,21,BOM,DEL,BOM,DEL,BOM-DEL,6E,IndiGo,,ECONOMY,,,0,145,8:20 PM,8:20 PM,,,,,,7087.0,INR,google_flights,https://www.google.com/travel/flights?q=Flights+to+DEL+from+BOM+on+2026-09-30,html_fetch:fast-flights,BOM-DEL_apw21_20260909T122459Z_83cc9e3d4b5d.html.gz,83cc9e3d4b5dfc16c36644630c521e4a2576aa7fbcb96948bbcad84658199460,BOM-DEL|2026-09-30|21|20260909T122459Z,5845720200792adb0572e441f6aa9f1dc8f62ad6938f64ae0b6342e87d18bd59,NORMALIZED,PENDING,"[""fare_components_unavailable_from_source""]",H21,CANDIDATE,TOTAL_ONLY,2026-09-09 12:24:59.589910+00:00
65973edd-1132-4077-acfb-837814cf4ab1,2026-09-09T12:24:59.589910+00:00,2026-09-30,21,BOM,DEL,BOM,DEL,BOM-DEL,6E,IndiGo,,ECONOMY,,,0,135,9:15 PM,9:15 PM,,,,,,7087.0,INR,google_flights,https://www.google.com/travel/flights?q=Flights+to+DEL+from+BOM+on+2026-09-30,html_fetch:fast-flights,BOM-DEL_apw21_20260909T122459Z_83cc9e3d4b5d.html.gz,83cc9e3d4b5dfc16c36644630c521e4a2576aa7fbcb96948bbcad84658199460,BOM-DEL|2026-09-30|21|20260909T122459Z,f81e77e3421c47d9b20308ddc2c5ed9405e9e2ad07ac871dca673bf5a84d880a,NORMALIZED,PENDING,"[""fare_components_unavailable_from_source""]",H21,CANDIDATE,TOTAL_ONLY,2026-09-09 12:24:59.589910+00:00
9908b2d5-cd60-41c1-9838-d395667c4b87,2026-09-09T12:24:59.589910+00:00,2026-09-30,21,BOM,DEL,BOM,DEL,BOM-DEL,6E,IndiGo,,ECONOMY,,,0,135,10:15 PM,10:15 PM,,,,,,7087.0,INR,google_flights,https://www.google.com/travel/flights?q=Flights+to+DEL+from+BOM+on+2026-09-30,html_fetch:fast-flights,BOM-DEL_apw21_20260909T122459Z_83cc9e3d4b5d.html.gz,83cc9e3d4b5dfc16c36644630c521e4a2576aa7fbcb96948bbcad84658199460,BOM-DEL|2026-09-30|21|20260909T122459Z,da32f8d6db7eca9e412746f5cc90c43b73679cdde4f01e9ee78f0d72629e7232,NORMALIZED,PENDING,"[""fare_components_unavailable_from_source""]",H21,CANDIDATE,TOTAL_ONLY,2026-09-09 12:24:59.589910+00:00
3d456062-ee78-4150-9faa-8ad744175632,2026-09-09T12:24:59.589910+00:00,2026-09-30,21,BOM,DEL,BOM,DEL,BOM-DEL,QP,Akasa Air,,ECONOMY,,,0,140,7:00 AM,7:00 AM,,,,,,7111.0,INR,google_flights,https://www.google.com/travel/flights?q=Flights+to+DEL+from+BOM+on+2026-09-30,html_fetch:fast-flights,BOM-DEL_apw21_20260909T122459Z_83cc9e3d4b5d.html.gz,83cc9e3d4b5dfc16c36644630c521e4a2576aa7fbcb96948bbcad84658199460,BOM-DEL|2026-09-30|21|20260909T122459Z,43b3459ce6bfd9b9532d365b9b58657fbdcba7a0753a318886057ba2af54437b,NORMALIZED,PENDING,"[""fare_components_unavailable_from_source""]",H21,CANDIDATE,TOTAL_ONLY,2026-09-09 12:24:59.589910+00:00
2a8c2c48-67fe-4163-ba6d-d92eadaa42e5,2026-09-09T12:24:59.589910+00:00,2026-09-30,21,BOM,DEL,BOM,DEL,BOM-DEL,AI,Air India,,ECONOMY,,,0,140,9:30 AM,9:30 AM,,,,,,7155.0,INR,google_flights,https://www.google.com/travel/flights?q=Flights+to+DEL+from+BOM+on+2026-09-30,html_fetch:fast-flights,BOM-DEL_apw21_20260909T122459Z_83cc9e3d4b5d.html.gz,83cc9e3d4b5dfc16c36644630c521e4a2576aa7fbcb96948bbcad84658199460,BOM-DEL|2026-09-30|21|20260909T122459Z,2d1723d5ef4838370cf19881fe824a940249d23d59f84e73fc8e362a67417f81,NORMALIZED,PENDING,"[""fare_components_unavailable_from_source""]",H21,CANDIDATE,TOTAL_ONLY,2026-09-09 12:24:59.589910+00:00
f1a110d0-e91a-43a5-bab9-e29357d36104,2026-09-09T12:24:59.589910+00:00,2026-09-30,21,BOM,DEL,BOM,DEL,BOM-DEL,AI,Air India,,ECONOMY,,,0,140,8:00 PM,8:00 PM,,,,,,7155.0,INR,google_flights,https://www.google.com/travel/flights?q=Flights+to+DEL+from+BOM+on+2026-09-30,html_fetch:fast-flights,BOM-DEL_apw21_20260909T122459Z_83cc9e3d4b5d.html.gz,83cc9e3d4b5dfc16c36644630c521e4a2576aa7fbcb96948bbcad84658199460,BOM-DEL|2026-09-30|21|20260909T122459Z,96fb705925c079d7795debd4092548aead1e63b65a0e835144ae5341c667ec66,NORMALIZED,PENDING,"[""fare_components_unavailable_from_source""]",H21,CANDIDATE,TOTAL_ONLY,2026-09-09 12:24:59.589910+00:00
69a5f84e-7643-40ff-90d3-fc2b2ae7c03d,2026-09-09T12:24:59.589910+00:00,2026-09-30,21,BOM,DEL,BOM,DEL,BOM-DEL,AI,Air India,,ECONOMY,,,0,135,7:00 AM,7:00 AM,,,,,,7213.0,INR,google_flights,https://www.google.com/travel/flights?q=Flights+to+DEL+from+BOM+on+2026-09-30,html_fetch:fast-flights,BOM-DEL_apw21_20260909T122459Z_83cc9e3d4b5d.html.gz,83cc9e3d4b5dfc16c36644630c521e4a2576aa7fbcb96948bbcad84658199460,BOM-DEL|2026-09-30|21|20260909T122459Z,2f661477a90805c6f3a38b6b3f76778814d9a7a553b6bacc2f2c9a44102152e0,NORMALIZED,PENDING,"[""fare_components_unavailable_from_source""]",H21,CANDIDATE,TOTAL_ONLY,2026-09-09 12:24:59.589910+00:00
8792d9cd-694a-4cba-93d8-0feb68d826b7,2026-09-09T12:24:59.589910+00:00,2026-09-30,21,BOM,DEL,BOM,DEL,BOM-DEL,6E,IndiGo,,ECONOMY,,,0,135,7:00 PM,7:00 PM,,,,,,7402.0,INR,google_flights,https://www.google.com/travel/flights?q=Flights+to+DEL+from+BOM+on+2026-09-30,html_fetch:fast-flights,BOM-DEL_apw21_20260909T122459Z_83cc9e3d4b5d.html.gz,83cc9e3d4b5dfc16c36644630c521e4a2576aa7fbcb96948bbcad84658199460,BOM-DEL|2026-09-30|21|20260909T122459Z,b6daa3b223db3b55255d760f926bc2b0d2e40308dcd59d410a1b6c02075a0990,NORMALIZED,PENDING,"[""fare_components_unavailable_from_source""]",H21,CANDIDATE,TOTAL_ONLY,2026-09-09 12:24:59.589910+00:00
bb332dae-e985-49b2-8dc6-6793d82e10fd,2026-09-09T12:24:59.589910+00:00,2026-09-30,21,BOM,DEL,BOM,DEL,BOM-DEL,AI,Air India,,ECONOMY,,,0,145,4:35 PM,4:35 PM,,,,,,7423.0,INR,google_flights,https://www.google.com/travel/flights?q=Flights+to+DEL+from+BOM+on+2026-09-30,html_fetch:fast-flights,BOM-DEL_apw21_20260909T122459Z_83cc9e3d4b5d.html.gz,83cc9e3d4b5dfc16c36644630c521e4a2576aa7fbcb96948bbcad84658199460,BOM-DEL|2026-09-30|21|20260909T122459Z,1e96537fa4b00d84dc94028511ca5838927d4f006fdeffdc93efa11264bae045,NORMALIZED,PENDING,"[""fare_components_unavailable_from_source""]",H21,CANDIDATE,TOTAL_ONLY,2026-09-09 12:24:59.589910+00:00
b39f3632-025f-4286-b29e-932a7b2985d3,2026-09-09T12:24:59.589910+00:00,2026-09-30,21,BOM,DEL,BOM,DEL,BOM-DEL,AI,Air India,,ECONOMY,,,0,135,9:30 PM,9:30 PM,,,,,,7559.0,INR,google_flights,https://www.google.com/travel/flights?q=Flights+to+DEL+from+BOM+on+2026-09-30,html_fetch:fast-flights,BOM-DEL_apw21_20260909T122459Z_83cc9e3d4b5d.html.gz,83cc9e3d4b5dfc16c36644630c521e4a2576aa7fbcb96948bbcad84658199460,BOM-DEL|2026-09-30|21|20260909T122459Z,7acda15737e560e455788a24202556895dbae8409cb17683cbc40224250674e1,NORMALIZED,PENDING,"[""fare_components_unavailable_from_source""]",H21,CANDIDATE,TOTAL_ONLY,2026-09-09 12:24:59.589910+00:00
99f67d10-c15c-49bf-8451-03114bccad31,2026-09-09T12:24:59.589910+00:00,2026-09-30,21,BOM,DEL,BOM,DEL,BOM-DEL,6E,IndiGo,,ECONOMY,,,0,125,8:00 AM,8:00 AM,,,,,,8505.0,INR,google_flights,https://www.google.com/travel/flights?q=Flights+to+DEL+from+BOM+on+2026-09-30,html_fetch:fast-flights,BOM-DEL_apw21_20260909T122459Z_83cc9e3d4b5d.html.gz,83cc9e3d4b5dfc16c36644630c521e4a2576aa7fbcb96948bbcad84658199460,BOM-DEL|2026-09-30|21|20260909T122459Z,226923e6da12de9170216f920f51ddba3cb31172b2eb43e796042771c9b69b07,NORMALIZED,PENDING,"[""fare_components_unavailable_from_source""]",H21,CANDIDATE,TOTAL_ONLY,2026-09-09 12:24:59.589910+00:00
b1dfe4a0-0f4e-4396-91ee-aac226a0dfc3,2026-09-09T12:24:59.589910+00:00,2026-09-30,21,BOM,DEL,BOM,DEL,BOM-DEL,AI,Air India,,ECONOMY,,,0,140,6:00 PM,6:00 PM,,,,,,8520.0,INR,google_flights,https://www.google.com/travel/flights?q=Flights+to+DEL+from+BOM+on+2026-09-30,html_fetch:fast-flights,BOM-DEL_apw21_20260909T122459Z_83cc9e3d4b5d.html.gz,83cc9e3d4b5dfc16c36644630c521e4a2576aa7fbcb96948bbcad84658199460,BOM-DEL|2026-09-30|21|20260909T122459Z,ad4e40a82401fcdf1ceecd796ce0f306a63e5ead87fe796672416026a3fe64c5,NORMALIZED,PENDING,"[""fare_components_unavailable_from_source""]",H21,CANDIDATE,TOTAL_ONLY,2026-09-09 12:24:59.589910+00:00
4f8d3b78-7f4f-4630-8492-f91333c4425b,2026-09-09T12:24:59.589910+00:00,2026-09-30,21,BOM,DEL,BOM,DEL,BOM-DEL,AI,Air India,,ECONOMY,,,0,140,10:35 PM,10:35 PM,,,,,,8924.0,INR,google_flights,https://www.google.com/travel/flights?q=Flights+to+DEL+from+BOM+on+2026-09-30,html_fetch:fast-flights,BOM-DEL_apw21_20260909T122459Z_83cc9e3d4b5d.html.gz,83cc9e3d4b5dfc16c36644630c521e4a2576aa7fbcb96948bbcad84658199460,BOM-DEL|2026-09-30|21|20260909T122459Z,868d4143d5cf404f6189a5ed96e7d33ad6b02717445009b88ad86bdca730acac,NORMALIZED,PENDING,"[""fare_components_unavailable_from_source""]",H21,CANDIDATE,TOTAL_ONLY,2026-09-09 12:24:59.589910+00:00
1a57fd5c-b85f-4b43-b734-a0131f3a3037,2026-09-09T12:24:59.589910+00:00,2026-09-30,21,BOM,DEL,BOM,DEL,BOM-DEL,AI,Air India,,ECONOMY,,,0,140,8:00 AM,8:00 AM,,,,,,9229.0,INR,google_flights,https://www.google.com/travel/flights?q=Flights+to+DEL+from+BOM+on+2026-09-30,html_fetch:fast-flights,BOM-DEL_apw21_20260909T122459Z_83cc9e3d4b5d.html.gz,83cc9e3d4b5dfc16c36644630c521e4a2576aa7fbcb96948bbcad84658199460,BOM-DEL|2026-09-30|21|20260909T122459Z,70716d35740dc24f1f1777f62c3805d27461f7478f2eda66bf760f4345d81665,NORMALIZED,PENDING,"[""fare_components_unavailable_from_source""]",H21,CANDIDATE,TOTAL_ONLY,2026-09-09 12:24:59.589910+00:00
e17256b1-af2e-4741-aee2-77c965742d3f,2026-09-09T12:24:59.589910+00:00,2026-09-30,21,BOM,DEL,BOM,DEL,BOM-DEL,AI,Air India,,ECONOMY,,,0,135,7:30 PM,7:30 PM,,,,,,10000.0,INR,google_flights,https://www.google.com/travel/flights?q=Flights+to+DEL+from+BOM+on+2026-09-30,html_fetch:fast-flights,BOM-DEL_apw21_20260909T122459Z_83cc9e3d4b5d.html.gz,83cc9e3d4b5dfc16c36644630c521e4a2576aa7fbcb96948bbcad84658199460,BOM-DEL|2026-09-30|21|20260909T122459Z,a2e007ea39671f4590ea9fb9c248956984107e33163e41c68fd4a4967de2e0d3,NORMALIZED,PENDING,"[""fare_components_unavailable_from_source""]",H21,CANDIDATE,TOTAL_ONLY,2026-09-09 12:24:59.589910+00:00
6e2c9e0c-5558-4dab-abac-d875a2fccfc0,2026-09-09T12:25:02.763570+00:00,2026-09-30,21,BLR,DEL,BLR,DEL,BLR-DEL,6E,IndiGo,,ECONOMY,,,0,170,1:55 PM,1:55 PM,,,,,,8259.0,INR,google_flights,https://www.google.com/travel/flights?q=Flights+to+DEL+from+BLR+on+2026-09-30,html_fetch:fast-flights,BLR-DEL_apw21_20260909T122502Z_6ee9d79d6149.html.gz,6ee9d79d6149275bc548cab8c34a49483d580c3d378040e7030384e637d88e14,BLR-DEL|2026-09-30|21|20260909T122502Z,f565055756e2cd65beab97b949ac4c7f7adb338704e5a1e862e9cad1462b6ee4,NORMALIZED,PENDING,"[""fare_components_unavailable_from_source""]",H21,CANDIDATE,TOTAL_ONLY,2026-09-09 12:25:02.763570+00:00
4d232aef-5a9d-4338-95c5-64c84b997636,2026-09-09T12:25:02.763570+00:00,2026-09-30,21,BLR,DEL,BLR,DEL,BLR-DEL,AI,Air India,,ECONOMY,,,0,165,3:30 PM,3:30 PM,,,,,,8415.0,INR,google_flights,https://www.google.com/travel/flights?q=Flights+to+DEL+from+BLR+on+2026-09-30,html_fetch:fast-flights,BLR-DEL_apw21_20260909T122502Z_6ee9d79d6149.html.gz,6ee9d79d6149275bc548cab8c34a49483d580c3d378040e7030384e637d88e14,BLR-DEL|2026-09-30|21|20260909T122502Z,2a23284fb68dc2eeb41d2649e909adf9f99c592af46f5c1a31b16271a36dbb38,NORMALIZED,PENDING,"[""fare_components_unavailable_from_source""]",H21,CANDIDATE,TOTAL_ONLY,2026-09-09 12:25:02.763570+00:00
36d91f0f-ee2a-4f9a-b85a-c63bc97f0539,2026-09-09T12:25:02.763570+00:00,2026-09-30,21,BLR,DEL,BLR,DEL,BLR-DEL,QP,Akasa Air,,ECONOMY,,,0,170,5:00 AM,5:00 AM,,,,,,8714.0,INR,google_flights,https://www.google.com/travel/flights?q=Flights+to+DEL+from+BLR+on+2026-09-30,html_fetch:fast-flights,BLR-DEL_apw21_20260909T122502Z_6ee9d79d6149.html.gz,6ee9d79d6149275bc548cab8c34a49483d580c3d378040e7030384e637d88e14,BLR-DEL|2026-09-30|21|20260909T122502Z,e0983f91c60c94f60d2c608d690c44b90a9d91c1f6fc075d7b704534800b3fde,NORMALIZED,PENDING,"[""fare_components_unavailable_from_source""]",H21,CANDIDATE,TOTAL_ONLY,2026-09-09 12:25:02.763570+00:00
e012d71c-2ad4-4ba5-aa2d-2543946aa65e,2026-09-09T12:25:02.763570+00:00,2026-09-30,21,BLR,DEL,BLR,DEL,BLR-DEL,6E,IndiGo,,ECONOMY,,,0,170,7:00 AM,7:00 AM,,,,,,8259.0,INR,google_flights,https://www.google.com/travel/flights?q=Flights+to+DEL+from+BLR+on+2026-09-30,html_fetch:fast-flights,BLR-DEL_apw21_20260909T122502Z_6ee9d79d6149.html.gz,6ee9d79d6149275bc548cab8c34a49483d580c3d378040e7030384e637d88e14,BLR-DEL|2026-09-30|21|20260909T122502Z,568c15d86e40304747525e667d634e2f6fc2288bb15790f2608a71be596f5c05,NORMALIZED,PENDING,"[""fare_components_unavailable_from_source""]",H21,CANDIDATE,TOTAL_ONLY,2026-09-09 12:25:02.763570+00:00
2a6feecb-f244-45fc-8313-7d3e0ad7d8c5,2026-09-09T12:25:02.763570+00:00,2026-09-30,21,BLR,DEL,BLR,DEL,BLR-DEL,6E,IndiGo,,ECONOMY,,,0,170,12:00 PM,12:00 PM,,,,,,8259.0,INR,google_flights,https://www.google.com/travel/flights?q=Flights+to+DEL+from+BLR+on+2026-09-30,html_fetch:fast-flights,BLR-DEL_apw21_20260909T122502Z_6ee9d79d6149.html.gz,6ee9d79d6149275bc548cab8c34a49483d580c3d378040e7030384e637d88e14,BLR-DEL|2026-09-30|21|20260909T122502Z,a82a7170dda1c841a8658a504d5831314daa4e6d89418a3b7c14fee6ddac5325,NORMALIZED,PENDING,"[""fare_components_unavailable_from_source""]",H21,CANDIDATE,TOTAL_ONLY,2026-09-09 12:25:02.763570+00:00
ad3af05a-e3b6-4213-89e3-49c0eed27c08,2026-09-09T12:25:02.763570+00:00,2026-09-30,21,BLR,DEL,BLR,DEL,BLR-DEL,6E,IndiGo,,ECONOMY,,,0,175,1:10 PM,1:10 PM,,,,,,8259.0,INR,google_flights,https://www.google.com/travel/flights?q=Flights+to+DEL+from+BLR+on+2026-09-30,html_fetch:fast-flights,BLR-DEL_apw21_20260909T122502Z_6ee9d79d6149.html.gz,6ee9d79d6149275bc548cab8c34a49483d580c3d378040e7030384e637d88e14,BLR-DEL|2026-09-30|21|20260909T122502Z,f8d3a83510f80f8bcbe59e3e05388485a10af6ef80d32722a582095c99cfb97f,NORMALIZED,PENDING,"[""fare_components_unavailable_from_source""]",H21,CANDIDATE,TOTAL_ONLY,2026-09-09 12:25:02.763570+00:00
3ac612ad-a7d4-40d7-8998-5883c2736b53,2026-09-09T12:25:02.763570+00:00,2026-09-30,21,BLR,DEL,BLR,DEL,BLR-DEL,6E,IndiGo,,ECONOMY,,,0,170,3:45 PM,3:45 PM,,,,,,8259.0,INR,google_flights,https://www.google.com/travel/flights?q=Flights+to+DEL+from+BLR+on+2026-09-30,html_fetch:fast-flights,BLR-DEL_apw21_20260909T122502Z_6ee9d79d6149.html.gz,6ee9d79d6149275bc548cab8c34a49483d580c3d378040e7030384e637d88e14,BLR-DEL|2026-09-30|21|20260909T122502Z,e922d7555df598e9a9877f2b7186d514c3bb912ca7b833763742946d71d92b71,NORMALIZED,PENDING,"[""fare_components_unavailable_from_source""]",H21,CANDIDATE,TOTAL_ONLY,2026-09-09 12:25:02.763570+00:00
0ce565a3-b9ce-43d5-99c4-25531e325895,2026-09-09T12:25:02.763570+00:00,2026-09-30,21,BLR,DEL,BLR,DEL,BLR-DEL,6E,IndiGo,,ECONOMY,,,0,170,5:00 PM,5:00 PM,,,,,,8259.0,INR,google_flights,https://www.google.com/travel/flights?q=Flights+to+DEL+from+BLR+on+2026-09-30,html_fetch:fast-flights,BLR-DEL_apw21_20260909T122502Z_6ee9d79d6149.html.gz,6ee9d79d6149275bc548cab8c34a49483d580c3d378040e7030384e637d88e14,BLR-DEL|2026-09-30|21|20260909T122502Z,0409a0b773b691017b0da1aeb38b704cfde4e821f7ff3d7ec1cc5fe34174a316,NORMALIZED,PENDING,"[""fare_components_unavailable_from_source""]",H21,CANDIDATE,TOTAL_ONLY,2026-09-09 12:25:02.763570+00:00
c7f6bf9f-3420-4f2e-9eaf-34eb6451a555,2026-09-09T12:25:02.763570+00:00,2026-09-30,21,BLR,DEL,BLR,DEL,BLR-DEL,AI,Air India,,ECONOMY,,,0,175,5:30 AM,5:30 AM,,,,,,8268.0,INR,google_flights,https://www.google.com/travel/flights?q=Flights+to+DEL+from+BLR+on+2026-09-30,html_fetch:fast-flights,BLR-DEL_apw21_20260909T122502Z_6ee9d79d6149.html.gz,6ee9d79d6149275bc548cab8c34a49483d580c3d378040e7030384e637d88e14,BLR-DEL|2026-09-30|21|20260909T122502Z,4109777b898ef8410f52e6665d20045d026bb0d41cdcf69c2c9754481565a40e,NORMALIZED,PENDING,"[""fare_components_unavailable_from_source""]",H21,CANDIDATE,TOTAL_ONLY,2026-09-09 12:25:02.763570+00:00
5bb345ca-7a84-4fba-bc8e-91179d36bb9f,2026-09-09T12:25:02.763570+00:00,2026-09-30,21,BLR,DEL,BLR,DEL,BLR-DEL,AI,Air India,,ECONOMY,,,0,165,6:00 AM,6:00 AM,,,,,,8415.0,INR,google_flights,https://www.google.com/travel/flights?q=Flights+to+DEL+from+BLR+on+2026-09-30,html_fetch:fast-flights,BLR-DEL_apw21_20260909T122502Z_6ee9d79d6149.html.gz,6ee9d79d6149275bc548cab8c34a49483d580c3d378040e7030384e637d88e14,BLR-DEL|2026-09-30|21|20260909T122502Z,45ac96c1448b518af21e662cd44888d86f7200a1eb26d4bf96040fefea35bcae,NORMALIZED,PENDING,"[""fare_components_unavailable_from_source""]",H21,CANDIDATE,TOTAL_ONLY,2026-09-09 12:25:02.763570+00:00
80af1c80-5b66-4e9b-a0db-cbccf800db99,2026-09-09T12:25:02.763570+00:00,2026-09-30,21,BLR,DEL,BLR,DEL,BLR-DEL,AI,Air India,,ECONOMY,,,0,180,7:00 AM,7:00 AM,,,,,,8415.0,INR,google_flights,https://www.google.com/travel/flights?q=Flights+to+DEL+from+BLR+on+2026-09-30,html_fetch:fast-flights,BLR-DEL_apw21_20260909T122502Z_6ee9d79d6149.html.gz,6ee9d79d6149275bc548cab8c34a49483d580c3d378040e7030384e637d88e14,BLR-DEL|2026-09-30|21|20260909T122502Z,848f7078e881a79f5acafb6887f35a8c46b244e97870db47cb635e2e09c7a2ae,NORMALIZED,PENDING,"[""fare_components_unavailable_from_source""]",H21,CANDIDATE,TOTAL_ONLY,2026-09-09 12:25:02.763570+00:00
371ee10c-8562-4ca6-a3bb-0b0d04393104,2026-09-09T12:25:02.763570+00:00,2026-09-30,21,BLR,DEL,BLR,DEL,BLR-DEL,AI,Air India,,ECONOMY,,,0,180,9:00 AM,9:00 AM,,,,,,8415.0,INR,google_flights,https://www.google.com/travel/flights?q=Flights+to+DEL+from+BLR+on+2026-09-30,html_fetch:fast-flights,BLR-DEL_apw21_20260909T122502Z_6ee9d79d6149.html.gz,6ee9d79d6149275bc548cab8c34a49483d580c3d378040e7030384e637d88e14,BLR-DEL|2026-09-30|21|20260909T122502Z,3ecd97927f83ba57f3265c11167bafc8cf1526c853d20e3e4d7ac3f8e95da481,NORMALIZED,PENDING,"[""fare_components_unavailable_from_source""]",H21,CANDIDATE,TOTAL_ONLY,2026-09-09 12:25:02.763570+00:00
7fbf66d3-cbb2-448a-a109-f89e4c84d721,2026-09-09T12:25:02.763570+00:00,2026-09-30,21,BLR,DEL,BLR,DEL,BLR-DEL,AI,Air India,,ECONOMY,,,0,180,10:00 AM,10:00 AM,,,,,,8415.0,INR,google_flights,https://www.google.com/travel/flights?q=Flights+to+DEL+from+BLR+on+2026-09-30,html_fetch:fast-flights,BLR-DEL_apw21_20260909T122502Z_6ee9d79d6149.html.gz,6ee9d79d6149275bc548cab8c34a49483d580c3d378040e7030384e637d88e14,BLR-DEL|2026-09-30|21|20260909T122502Z,84f2c987d521a55bdf5154be673fdbbd28cf3d930663a908f544ac539cf8cc3b,NORMALIZED,PENDING,"[""fare_components_unavailable_from_source""]",H21,CANDIDATE,TOTAL_ONLY,2026-09-09 12:25:02.763570+00:00
b48f11bb-7a2c-4bfc-9bd5-af75562ff59b,2026-09-09T12:25:02.763570+00:00,2026-09-30,21,BLR,DEL,BLR,DEL,BLR-DEL,AI,Air India,,ECONOMY,,,0,180,11:00 AM,11:00 AM,,,,,,8415.0,INR,google_flights,https://www.google.com/travel/flights?q=Flights+to+DEL+from+BLR+on+2026-09-30,html_fetch:fast-flights,BLR-DEL_apw21_20260909T122502Z_6ee9d79d6149.html.gz,6ee9d79d6149275bc548cab8c34a49483d580c3d378040e7030384e637d88e14,BLR-DEL|2026-09-30|21|20260909T122502Z,e794a34d34bdbf7d14cbdf363b7fd0f63e9c520ea60fc9ef0f3e50d10b91f3f4,NORMALIZED,PENDING,"[""fare_components_unavailable_from_source""]",H21,CANDIDATE,TOTAL_ONLY,2026-09-09 12:25:02.763570+00:00
deb498d3-921b-4914-9cd2-98319cd90fe8,2026-09-09T12:25:02.763570+00:00,2026-09-30,21,BLR,DEL,BLR,DEL,BLR-DEL,AI,Air India,,ECONOMY,,,0,180,3:00 PM,3:00 PM,,,,,,8415.0,INR,google_flights,https://www.google.com/travel/flights?q=Flights+to+DEL+from+BLR+on+2026-09-30,html_fetch:fast-flights,BLR-DEL_apw21_20260909T122502Z_6ee9d79d6149.html.gz,6ee9d79d6149275bc548cab8c34a49483d580c3d378040e7030384e637d88e14,BLR-DEL|2026-09-30|21|20260909T122502Z,43b2cbea46cc361d7ea693e099d20b4799035e3dba55c26990449417db9c878b,NORMALIZED,PENDING,"[""fare_components_unavailable_from_source""]",H21,CANDIDATE,TOTAL_ONLY,2026-09-09 12:25:02.763570+00:00
cbb474bb-13a3-44e8-be25-395ca7681187,2026-09-09T12:25:02.763570+00:00,2026-09-30,21,BLR,DEL,BLR,DEL,BLR-DEL,AI,Air India,,ECONOMY,,,0,175,4:30 PM,4:30 PM,,,,,,8415.0,INR,google_flights,https://www.google.com/travel/flights?q=Flights+to+DEL+from+BLR+on+2026-09-30,html_fetch:fast-flights,BLR-DEL_apw21_20260909T122502Z_6ee9d79d6149.html.gz,6ee9d79d6149275bc548cab8c34a49483d580c3d378040e7030384e637d88e14,BLR-DEL|2026-09-30|21|20260909T122502Z,8e775d33af5b56c053536f6c607576bf3ca00f778b647314aa937680392ad23a,NORMALIZED,PENDING,"[""fare_components_unavailable_from_source""]",H21,CANDIDATE,TOTAL_ONLY,2026-09-09 12:25:02.763570+00:00
6fe14add-3cee-4ec8-b7b8-8b7e41bd2013,2026-09-09T12:25:02.763570+00:00,2026-09-30,21,BLR,DEL,BLR,DEL,BLR-DEL,AI,Air India,,ECONOMY,,,0,185,5:25 PM,5:25 PM,,,,,,8415.0,INR,google_flights,https://www.google.com/travel/flights?q=Flights+to+DEL+from+BLR+on+2026-09-30,html_fetch:fast-flights,BLR-DEL_apw21_20260909T122502Z_6ee9d79d6149.html.gz,6ee9d79d6149275bc548cab8c34a49483d580c3d378040e7030384e637d88e14,BLR-DEL|2026-09-30|21|20260909T122502Z,f70955afe326cb429ee5dbb70c71ec5355d887a1b2dd627978f56e2036f8fb8e,NORMALIZED,PENDING,"[""fare_components_unavailable_from_source""]",H21,CANDIDATE,TOTAL_ONLY,2026-09-09 12:25:02.763570+00:00
b7e174aa-789a-42df-920d-799278b8da26,2026-09-09T12:25:02.763570+00:00,2026-09-30,21,BLR,DEL,BLR,DEL,BLR-DEL,AI,Air India,,ECONOMY,,,0,170,6:20 PM,6:20 PM,,,,,,8415.0,INR,google_flights,https://www.google.com/travel/flights?q=Flights+to+DEL+from+BLR+on+2026-09-30,html_fetch:fast-flights,BLR-DEL_apw21_20260909T122502Z_6ee9d79d6149.html.gz,6ee9d79d6149275bc548cab8c34a49483d580c3d378040e7030384e637d88e14,BLR-DEL|2026-09-30|21|20260909T122502Z,6c481513232845877c8f449b638d93e5f3c8b7b0913b9901029fe941bdfe1fba,NORMALIZED,PENDING,"[""fare_components_unavailable_from_source""]",H21,CANDIDATE,TOTAL_ONLY,2026-09-09 12:25:02.763570+00:00
d681c559-307b-4784-a2de-58657befd7b2,2026-09-09T12:25:02.763570+00:00,2026-09-30,21,BLR,DEL,BLR,DEL,BLR-DEL,AI,Air India,,ECONOMY,,,0,170,2:40 PM,2:40 PM,,,,,,8656.0,INR,google_flights,https://www.google.com/travel/flights?q=Flights+to+DEL+from+BLR+on+2026-09-30,html_fetch:fast-flights,BLR-DEL_apw21_20260909T122502Z_6ee9d79d6149.html.gz,6ee9d79d6149275bc548cab8c34a49483d580c3d378040e7030384e637d88e14,BLR-DEL|2026-09-30|21|20260909T122502Z,cbf624ae857d4c523f57dfaabd200382c6b4af107e5cdfaaf5703c6708440f3e,NORMALIZED,PENDING,"[""fare_components_unavailable_from_source""]",H21,CANDIDATE,TOTAL_ONLY,2026-09-09 12:25:02.763570+00:00
c7ac6bed-5a3e-4aff-8990-80b681a12e89,2026-09-09T12:25:02.763570+00:00,2026-09-30,21,BLR,DEL,BLR,DEL,BLR-DEL,QP,Akasa Air,,ECONOMY,,,0,170,4:10 AM,4:10 AM,,,,,,8714.0,INR,google_flights,https://www.google.com/travel/flights?q=Flights+to+DEL+from+BLR+on+2026-09-30,html_fetch:fast-flights,BLR-DEL_apw21_20260909T122502Z_6ee9d79d6149.html.gz,6ee9d79d6149275bc548cab8c34a49483d580c3d378040e7030384e637d88e14,BLR-DEL|2026-09-30|21|20260909T122502Z,fde5298a9f0ec1f0d96b7fb844c372142c83236019863bafedea1303f97d7d44,NORMALIZED,PENDING,"[""fare_components_unavailable_from_source""]",H21,CANDIDATE,TOTAL_ONLY,2026-09-09 12:25:02.763570+00:00
3cd45753-31ce-4075-80ca-9badf78375c1,2026-09-09T12:25:02.763570+00:00,2026-09-30,21,BLR,DEL,BLR,DEL,BLR-DEL,6E,IndiGo,,ECONOMY,,,0,170,8:15 AM,8:15 AM,,,,,,8715.0,INR,google_flights,https://www.google.com/travel/flights?q=Flights+to+DEL+from+BLR+on+2026-09-30,html_fetch:fast-flights,BLR-DEL_apw21_20260909T122502Z_6ee9d79d6149.html.gz,6ee9d79d6149275bc548cab8c34a49483d580c3d378040e7030384e637d88e14,BLR-DEL|2026-09-30|21|20260909T122502Z,302d3e778f2ab086044a2e063c525ac35ca94a409d46cdc193870c1f72c69500,NORMALIZED,PENDING,"[""fare_components_unavailable_from_source""]",H21,CANDIDATE,TOTAL_ONLY,2026-09-09 12:25:02.763570+00:00
119db8d8-e2da-425d-8108-5148a3a36c35,2026-09-09T12:25:02.763570+00:00,2026-09-30,21,BLR,DEL,BLR,DEL,BLR-DEL,6E,IndiGo,,ECONOMY,,,0,170,10:45 AM,10:45 AM,,,,,,8715.0,INR,google_flights,https://www.google.com/travel/flights?q=Flights+to+DEL+from+BLR+on+2026-09-30,html_fetch:fast-flights,BLR-DEL_apw21_20260909T122502Z_6ee9d79d6149.html.gz,6ee9d79d6149275bc548cab8c34a49483d580c3d378040e7030384e637d88e14,BLR-DEL|2026-09-30|21|20260909T122502Z,93b24254365691b87f5f6ef4bba984a6cae13a2d4c225f633aa76d3f94500f49,NORMALIZED,PENDING,"[""fare_components_unavailable_from_source""]",H21,CANDIDATE,TOTAL_ONLY,2026-09-09 12:25:02.763570+00:00
061b9cf6-106a-4960-a1aa-82ac845cfaea,2026-09-09T12:25:02.763570+00:00,2026-09-30,21,BLR,DEL,BLR,DEL,BLR-DEL,6E,IndiGo,,ECONOMY,,,0,170,6:15 PM,6:15 PM,,,,,,8715.0,INR,google_flights,https://www.google.com/travel/flights?q=Flights+to+DEL+from+BLR+on+2026-09-30,html_fetch:fast-flights,BLR-DEL_apw21_20260909T122502Z_6ee9d79d6149.html.gz,6ee9d79d6149275bc548cab8c34a49483d580c3d378040e7030384e637d88e14,BLR-DEL|2026-09-30|21|20260909T122502Z,d5085633aeddb07cd6c64d4d686cf41a29a3397677f9e608bb06e7e5fda5a13b,NORMALIZED,PENDING,"[""fare_components_unavailable_from_source""]",H21,CANDIDATE,TOTAL_ONLY,2026-09-09 12:25:02.763570+00:00
bba63755-e4df-4759-86dd-ea0ac2c1c306,2026-09-09T12:25:02.763570+00:00,2026-09-30,21,BLR,DEL,BLR,DEL,BLR-DEL,AI,Air India,,ECONOMY,,,0,175,12:15 AM,12:15 AM,,,,,,8725.0,INR,google_flights,https://www.google.com/travel/flights?q=Flights+to+DEL+from+BLR+on+2026-09-30,html_fetch:fast-flights,BLR-DEL_apw21_20260909T122502Z_6ee9d79d6149.html.gz,6ee9d79d6149275bc548cab8c34a49483d580c3d378040e7030384e637d88e14,BLR-DEL|2026-09-30|21|20260909T122502Z,593bf7902b2ac66608f3c0e357faaf56e48d05ff1c6eb665f2d9d8432adccf03,NORMALIZED,PENDING,"[""fare_components_unavailable_from_source""]",H21,CANDIDATE,TOTAL_ONLY,2026-09-09 12:25:02.763570+00:00
d63e30c2-b44b-4d77-8ede-a196bc2a852a,2026-09-09T12:25:02.763570+00:00,2026-09-30,21,BLR,DEL,BLR,DEL,BLR-DEL,QP,Akasa Air,,ECONOMY,,,0,175,5:20 PM,5:20 PM,,,,,,8855.0,INR,google_flights,https://www.google.com/travel/flights?q=Flights+to+DEL+from+BLR+on+2026-09-30,html_fetch:fast-flights,BLR-DEL_apw21_20260909T122502Z_6ee9d79d6149.html.gz,6ee9d79d6149275bc548cab8c34a49483d580c3d378040e7030384e637d88e14,BLR-DEL|2026-09-30|21|20260909T122502Z,d7ba0d538dd68da0e5622b182564af0df1d6a4712c2706093d1cb72d97c7a47a,NORMALIZED,PENDING,"[""fare_components_unavailable_from_source""]",H21,CANDIDATE,TOTAL_ONLY,2026-09-09 12:25:02.763570+00:00
5ea52b37-fc3e-44c5-a570-66422a971db6,2026-09-09T12:25:02.763570+00:00,2026-09-30,21,BLR,DEL,BLR,DEL,BLR-DEL,AI,Air India,,ECONOMY,,,0,165,2:00 PM,2:00 PM,,,,,,8872.0,INR,google_flights,https://www.google.com/travel/flights?q=Flights+to+DEL+from+BLR+on+2026-09-30,html_fetch:fast-flights,BLR-DEL_apw21_20260909T122502Z_6ee9d79d6149.html.gz,6ee9d79d6149275bc548cab8c34a49483d580c3d378040e7030384e637d88e14,BLR-DEL|2026-09-30|21|20260909T122502Z,3255bab88b27c807774777e6a15e75680bed9e6e25d09734540889c479edc79e,NORMALIZED,PENDING,"[""fare_components_unavailable_from_source""]",H21,CANDIDATE,TOTAL_ONLY,2026-09-09 12:25:02.763570+00:00
8d5e105d-8347-449b-8641-ba8e492ddadd,2026-09-09T12:25:02.763570+00:00,2026-09-30,21,BLR,DEL,BLR,DEL,BLR-DEL,AI,Air India,,ECONOMY,,,0,165,8:00 PM,8:00 PM,,,,,,8872.0,INR,google_flights,https://www.google.com/travel/flights?q=Flights+to+DEL+from+BLR+on+2026-09-30,html_fetch:fast-flights,BLR-DEL_apw21_20260909T122502Z_6ee9d79d6149.html.gz,6ee9d79d6149275bc548cab8c34a49483d580c3d378040e7030384e637d88e14,BLR-DEL|2026-09-30|21|20260909T122502Z,fa2b3fa33c57f57f3a730fc7cbe978cacd1eef88b1b602626bdfdbaa6eb20a20,NORMALIZED,PENDING,"[""fare_components_unavailable_from_source""]",H21,CANDIDATE,TOTAL_ONLY,2026-09-09 12:25:02.763570+00:00
688b8abd-4733-4cf7-8fe8-b970b08d7c27,2026-09-09T12:25:02.763570+00:00,2026-09-30,21,BLR,DEL,BLR,DEL,BLR-DEL,QP,Akasa Air,,ECONOMY,,,0,165,6:05 AM,6:05 AM,,,,,,9141.0,INR,google_flights,https://www.google.com/travel/flights?q=Flights+to+DEL+from+BLR+on+2026-09-30,html_fetch:fast-flights,BLR-DEL_apw21_20260909T122502Z_6ee9d79d6149.html.gz,6ee9d79d6149275bc548cab8c34a49483d580c3d378040e7030384e637d88e14,BLR-DEL|2026-09-30|21|20260909T122502Z,42ac22ac6e0f143bf19d7f4f80734e29639acc244d622126f7e8fab8cb2f2fef,NORMALIZED,PENDING,"[""fare_components_unavailable_from_source""]",H21,CANDIDATE,TOTAL_ONLY,2026-09-09 12:25:02.763570+00:00
b1d459bf-e95a-4494-bff8-4589ef189a4f,2026-09-09T12:25:02.763570+00:00,2026-09-30,21,BLR,DEL,BLR,DEL,BLR-DEL,6E,IndiGo,,ECONOMY,,,0,180,9:30 AM,9:30 AM,,,,,,9201.0,INR,google_flights,https://www.google.com/travel/flights?q=Flights+to+DEL+from+BLR+on+2026-09-30,html_fetch:fast-flights,BLR-DEL_apw21_20260909T122502Z_6ee9d79d6149.html.gz,6ee9d79d6149275bc548cab8c34a49483d580c3d378040e7030384e637d88e14,BLR-DEL|2026-09-30|21|20260909T122502Z,088943b9f529aa8f736a7870ecf5c465c90386435c3de24aeb7a372e170e9d80,NORMALIZED,PENDING,"[""fare_components_unavailable_from_source""]",H21,CANDIDATE,TOTAL_ONLY,2026-09-09 12:25:02.763570+00:00
24947c3e-48a5-4cf0-ae3b-095ebaa6eb96,2026-09-09T12:25:02.763570+00:00,2026-09-30,21,BLR,DEL,BLR,DEL,BLR-DEL,6E,IndiGo,,ECONOMY,,,0,170,8:40 PM,8:40 PM,,,,,,9201.0,INR,google_flights,https://www.google.com/travel/flights?q=Flights+to+DEL+from+BLR+on+2026-09-30,html_fetch:fast-flights,BLR-DEL_apw21_20260909T122502Z_6ee9d79d6149.html.gz,6ee9d79d6149275bc548cab8c34a49483d580c3d378040e7030384e637d88e14,BLR-DEL|2026-09-30|21|20260909T122502Z,f0fe21cc31aad32a9c5846ed72168e23ad176f7d3e810885b0e20614add353fb,NORMALIZED,PENDING,"[""fare_components_unavailable_from_source""]",H21,CANDIDATE,TOTAL_ONLY,2026-09-09 12:25:02.763570+00:00
5f338f29-b1d8-482a-954f-8d5af3a0708c,2026-09-09T12:25:02.763570+00:00,2026-09-30,21,BLR,DEL,BLR,DEL,BLR-DEL,6E,IndiGo,,ECONOMY,,,0,170,5:05 AM,5:05 AM,,,,,,9720.0,INR,google_flights,https://www.google.com/travel/flights?q=Flights+to+DEL+from+BLR+on+2026-09-30,html_fetch:fast-flights,BLR-DEL_apw21_20260909T122502Z_6ee9d79d6149.html.gz,6ee9d79d6149275bc548cab8c34a49483d580c3d378040e7030384e637d88e14,BLR-DEL|2026-09-30|21|20260909T122502Z,66d1935d80190c47a0e7a0da5561b9cea36d4e1dcbc4de84aea555f69c3ca2d2,NORMALIZED,PENDING,"[""fare_components_unavailable_from_source""]",H21,CANDIDATE,TOTAL_ONLY,2026-09-09 12:25:02.763570+00:00
d1353f86-fe0c-4b66-bdee-967a40967edd,2026-09-09T12:25:02.763570+00:00,2026-09-30,21,BLR,DEL,BLR,DEL,BLR-DEL,6E,IndiGo,,ECONOMY,,,0,165,7:30 PM,7:30 PM,,,,,,9720.0,INR,google_flights,https://www.google.com/travel/flights?q=Flights+to+DEL+from+BLR+on+2026-09-30,html_fetch:fast-flights,BLR-DEL_apw21_20260909T122502Z_6ee9d79d6149.html.gz,6ee9d79d6149275bc548cab8c34a49483d580c3d378040e7030384e637d88e14,BLR-DEL|2026-09-30|21|20260909T122502Z,5c91b4a1016be5ae2c667ef4ecce1ecccfc26cfd0aa2bd009c020dc4102e6e07,NORMALIZED,PENDING,"[""fare_components_unavailable_from_source""]",H21,CANDIDATE,TOTAL_ONLY,2026-09-09 12:25:02.763570+00:00
07e41d0d-0193-4573-a544-0adf81f77d78,2026-09-09T12:25:02.763570+00:00,2026-09-30,21,BLR,DEL,BLR,DEL,BLR-DEL,AI,Air India,,ECONOMY,,,0,180,7:40 PM,7:40 PM,,,,,,9880.0,INR,google_flights,https://www.google.com/travel/flights?q=Flights+to+DEL+from+BLR+on+2026-09-30,html_fetch:fast-flights,BLR-DEL_apw21_20260909T122502Z_6ee9d79d6149.html.gz,6ee9d79d6149275bc548cab8c34a49483d580c3d378040e7030384e637d88e14,BLR-DEL|2026-09-30|21|20260909T122502Z,a6d2f1d7c6a3a9aced77f329c917933c97e9aaec06f46653d524d921ee888661,NORMALIZED,PENDING,"[""fare_components_unavailable_from_source""]",H21,CANDIDATE,TOTAL_ONLY,2026-09-09 12:25:02.763570+00:00
3aac9b1b-78c8-42b0-becd-7eac00373e55,2026-09-09T12:25:02.763570+00:00,2026-09-30,21,BLR,DEL,BLR,DEL,BLR-DEL,AI,Air India,,ECONOMY,,,0,175,10:30 PM,10:30 PM,,,,,,10431.0,INR,google_flights,https://www.google.com/travel/flights?q=Flights+to+DEL+from+BLR+on+2026-09-30,html_fetch:fast-flights,BLR-DEL_apw21_20260909T122502Z_6ee9d79d6149.html.gz,6ee9d79d6149275bc548cab8c34a49483d580c3d378040e7030384e637d88e14,BLR-DEL|2026-09-30|21|20260909T122502Z,69c76225bab174dfbd5bb32eea56725069098d2680b4a59d52b13dc99c438269,NORMALIZED,PENDING,"[""fare_components_unavailable_from_source""]",H21,CANDIDATE,TOTAL_ONLY,2026-09-09 12:25:02.763570+00:00
1d5cb705-05db-45af-a270-b530e5cbed57,2026-09-09T12:25:02.763570+00:00,2026-09-30,21,BLR,DEL,BLR,DEL,BLR-DEL,6E,IndiGo,,ECONOMY,,,0,170,11:30 PM,11:30 PM,,,,,,10864.0,INR,google_flights,https://www.google.com/travel/flights?q=Flights+to+DEL+from+BLR+on+2026-09-30,html_fetch:fast-flights,BLR-DEL_apw21_20260909T122502Z_6ee9d79d6149.html.gz,6ee9d79d6149275bc548cab8c34a49483d580c3d378040e7030384e637d88e14,BLR-DEL|2026-09-30|21|20260909T122502Z,7fc8a417c42e6a105def1006b84e83b6103664af7c2604c794b6b498969c7315,NORMALIZED,PENDING,"[""fare_components_unavailable_from_source""]",H21,CANDIDATE,TOTAL_ONLY,2026-09-09 12:25:02.763570+00:00
31030b65-b9c5-4334-acbe-98ab0764b14d,2026-09-09T12:25:02.763570+00:00,2026-09-30,21,BLR,DEL,BLR,DEL,BLR-DEL,6E,IndiGo,,ECONOMY,,,0,170,3:00 AM,3:00 AM,,,,,,11494.0,INR,google_flights,https://www.google.com/travel/flights?q=Flights+to+DEL+from+BLR+on+2026-09-30,html_fetch:fast-flights,BLR-DEL_apw21_20260909T122502Z_6ee9d79d6149.html.gz,6ee9d79d6149275bc548cab8c34a49483d580c3d378040e7030384e637d88e14,BLR-DEL|2026-09-30|21|20260909T122502Z,596b0631316852ac81b3fc84f7877d4b0e0b2506b17622c1bd1396397a5daa2e,NORMALIZED,PENDING,"[""fare_components_unavailable_from_source""]",H21,CANDIDATE,TOTAL_ONLY,2026-09-09 12:25:02.763570+00:00
864a8082-27cc-4552-9a05-f2e65c108278,2026-09-09T12:24:19.794775+00:00,2026-09-30,21,DEL,BOM,DEL,BOM,DEL-BOM,AI,Air India,,ECONOMY,,,0,140,5:00 AM,5:00 AM,,,,,,6314.0,INR,google_flights,https://www.google.com/travel/flights?q=Flights+to+BOM+from+DEL+on+2026-09-30,html_fetch:fast-flights,DEL-BOM_apw21_20260909T122419Z_fdf860a6d184.html.gz,fdf860a6d18426bc7684df9bb241621df0a41151e2f05b44b5dbea042ab4f954,DEL-BOM|2026-09-30|21|20260909T122419Z,b00121e0a5ba80f503007385978d894ed6cb99ff5e75d2bde4935393e99ee5bf,NORMALIZED,PENDING,"[""fare_components_unavailable_from_source""]",H21,CANDIDATE,TOTAL_ONLY,2026-09-09 12:24:19.794775+00:00
baa65321-d453-462f-99b7-302dcc324861,2026-09-09T12:24:19.794775+00:00,2026-09-30,21,DEL,BOM,DEL,BOM,DEL-BOM,6E,IndiGo,,ECONOMY,,,0,135,2:45 PM,2:45 PM,,,,,,6425.0,INR,google_flights,https://www.google.com/travel/flights?q=Flights+to+BOM+from+DEL+on+2026-09-30,html_fetch:fast-flights,DEL-BOM_apw21_20260909T122419Z_fdf860a6d184.html.gz,fdf860a6d18426bc7684df9bb241621df0a41151e2f05b44b5dbea042ab4f954,DEL-BOM|2026-09-30|21|20260909T122419Z,7a4351676c49a7602565944b2c7d851fc57d4e72191360ac75bbc73c1b09bc72,NORMALIZED,PENDING,"[""fare_components_unavailable_from_source""]",H21,CANDIDATE,TOTAL_ONLY,2026-09-09 12:24:19.794775+00:00
be9afbbc-dc48-4840-940a-4dc0381507eb,2026-09-09T12:24:19.794775+00:00,2026-09-30,21,DEL,BOM,DEL,BOM,DEL-BOM,QP,Akasa Air,,ECONOMY,,,0,145,7:55 PM,7:55 PM,,,,,,6880.0,INR,google_flights,https://www.google.com/travel/flights?q=Flights+to+BOM+from+DEL+on+2026-09-30,html_fetch:fast-flights,DEL-BOM_apw21_20260909T122419Z_fdf860a6d184.html.gz,fdf860a6d18426bc7684df9bb241621df0a41151e2f05b44b5dbea042ab4f954,DEL-BOM|2026-09-30|21|20260909T122419Z,172ae137620f2563258dc2f83effd71abe3efa0f2db0b41eb830a4f018e8f20a,NORMALIZED,PENDING,"[""fare_components_unavailable_from_source""]",H21,CANDIDATE,TOTAL_ONLY,2026-09-09 12:24:19.794775+00:00
847ad409-0b6b-4374-bfb7-8d0afef8467e,2026-09-09T12:24:19.794775+00:00,2026-09-30,21,DEL,BOM,DEL,BOM,DEL-BOM,6E,IndiGo,,ECONOMY,,,0,135,5:00 AM,5:00 AM,,,,,,6425.0,INR,google_flights,https://www.google.com/travel/flights?q=Flights+to+BOM+from+DEL+on+2026-09-30,html_fetch:fast-flights,DEL-BOM_apw21_20260909T122419Z_fdf860a6d184.html.gz,fdf860a6d18426bc7684df9bb241621df0a41151e2f05b44b5dbea042ab4f954,DEL-BOM|2026-09-30|21|20260909T122419Z,599899fe399aa7e180bc5ec7c88a01bcf3457bacb5ee1959fe372c97144956c3,NORMALIZED,PENDING,"[""fare_components_unavailable_from_source""]",H21,CANDIDATE,TOTAL_ONLY,2026-09-09 12:24:19.794775+00:00
cdbcf996-b9c2-402e-ad1d-2e46616ab9d5,2026-09-09T12:24:19.794775+00:00,2026-09-30,21,DEL,BOM,DEL,BOM,DEL-BOM,6E,IndiGo,,ECONOMY,,,0,135,8:45 AM,8:45 AM,,,,,,6425.0,INR,google_flights,https://www.google.com/travel/flights?q=Flights+to+BOM+from+DEL+on+2026-09-30,html_fetch:fast-flights,DEL-BOM_apw21_20260909T122419Z_fdf860a6d184.html.gz,fdf860a6d18426bc7684df9bb241621df0a41151e2f05b44b5dbea042ab4f954,DEL-BOM|2026-09-30|21|20260909T122419Z,7c04a7c7dec43755af6990ecf13e037962d4b6bd9b9b3936f9e18678dbcffb30,NORMALIZED,PENDING,"[""fare_components_unavailable_from_source""]",H21,CANDIDATE,TOTAL_ONLY,2026-09-09 12:24:19.794775+00:00
ce968c85-6f5e-4977-aa56-ab2af99da242,2026-09-09T12:24:19.794775+00:00,2026-09-30,21,DEL,BOM,DEL,BOM,DEL-BOM,6E,IndiGo,,ECONOMY,,,0,140,10:15 AM,10:15 AM,,,,,,6425.0,INR,google_flights,https://www.google.com/travel/flights?q=Flights+to+BOM+from+DEL+on+2026-09-30,html_fetch:fast-flights,DEL-BOM_apw21_20260909T122419Z_fdf860a6d184.html.gz,fdf860a6d18426bc7684df9bb241621df0a41151e2f05b44b5dbea042ab4f954,DEL-BOM|2026-09-30|21|20260909T122419Z,49e592b3cc74b13d8381b49b63aadd8d9cb2df907bde772b8bcafcb9326e5e0d,NORMALIZED,PENDING,"[""fare_components_unavailable_from_source""]",H21,CANDIDATE,TOTAL_ONLY,2026-09-09 12:24:19.794775+00:00
2d9e6815-4d36-4db9-ae98-71203b89ccaf,2026-09-09T12:24:19.794775+00:00,2026-09-30,21,DEL,BOM,DEL,BOM,DEL-BOM,6E,IndiGo,,ECONOMY,,,0,135,12:00 PM,12:00 PM,,,,,,6425.0,INR,google_flights,https://www.google.com/travel/flights?q=Flights+to+BOM+from+DEL+on+2026-09-30,html_fetch:fast-flights,DEL-BOM_apw21_20260909T122419Z_fdf860a6d184.html.gz,fdf860a6d18426bc7684df9bb241621df0a41151e2f05b44b5dbea042ab4f954,DEL-BOM|2026-09-30|21|20260909T122419Z,a5b638627c3e8c94d2b0f67fde3edc99fe26309f770d31955c1861571dd7ae9d,NORMALIZED,PENDING,"[""fare_components_unavailable_from_source""]",H21,CANDIDATE,TOTAL_ONLY,2026-09-09 12:24:19.794775+00:00
da278118-6614-4b8e-97ef-7c2966376d94,2026-09-09T12:24:19.794775+00:00,2026-09-30,21,DEL,BOM,DEL,BOM,DEL-BOM,6E,IndiGo,,ECONOMY,,,0,130,1:00 PM,1:00 PM,,,,,,6425.0,INR,google_flights,https://www.google.com/travel/flights?q=Flights+to+BOM+from+DEL+on+2026-09-30,html_fetch:fast-flights,DEL-BOM_apw21_20260909T122419Z_fdf860a6d184.html.gz,fdf860a6d18426bc7684df9bb241621df0a41151e2f05b44b5dbea042ab4f954,DEL-BOM|2026-09-30|21|20260909T122419Z,767959a3e5dc52c462cf760ae8e0e25d2d033a4660dbbe228e5a44930fbe7b36,NORMALIZED,PENDING,"[""fare_components_unavailable_from_source""]",H21,CANDIDATE,TOTAL_ONLY,2026-09-09 12:24:19.794775+00:00
52eda40c-c39d-4cc2-ac31-1bae2450c825,2026-09-09T12:24:19.794775+00:00,2026-09-30,21,DEL,BOM,DEL,BOM,DEL-BOM,6E,IndiGo,,ECONOMY,,,0,145,2:00 PM,2:00 PM,,,,,,6425.0,INR,google_flights,https://www.google.com/travel/flights?q=Flights+to+BOM+from+DEL+on+2026-09-30,html_fetch:fast-flights,DEL-BOM_apw21_20260909T122419Z_fdf860a6d184.html.gz,fdf860a6d18426bc7684df9bb241621df0a41151e2f05b44b5dbea042ab4f954,DEL-BOM|2026-09-30|21|20260909T122419Z,0e6bbbb3989bef062e0110b3b9859fb77904e0722a4b5ee4958c73b6f53ccd64,NORMALIZED,PENDING,"[""fare_components_unavailable_from_source""]",H21,CANDIDATE,TOTAL_ONLY,2026-09-09 12:24:19.794775+00:00
7b31a7ac-c771-4bcb-8a3f-efff9692c289,2026-09-09T12:24:19.794775+00:00,2026-09-30,21,DEL,BOM,DEL,BOM,DEL-BOM,6E,IndiGo,,ECONOMY,,,0,135,3:30 PM,3:30 PM,,,,,,6425.0,INR,google_flights,https://www.google.com/travel/flights?q=Flights+to+BOM+from+DEL+on+2026-09-30,html_fetch:fast-flights,DEL-BOM_apw21_20260909T122419Z_fdf860a6d184.html.gz,fdf860a6d18426bc7684df9bb241621df0a41151e2f05b44b5dbea042ab4f954,DEL-BOM|2026-09-30|21|20260909T122419Z,e4c551fe1c575891534a59dfb7e166f64d5a91b48deddfa3f570ccadd39a05a0,NORMALIZED,PENDING,"[""fare_components_unavailable_from_source""]",H21,CANDIDATE,TOTAL_ONLY,2026-09-09 12:24:19.794775+00:00
7876cc33-30c2-4871-8036-ed2922a7fb04,2026-09-09T12:24:19.794775+00:00,2026-09-30,21,DEL,BOM,DEL,BOM,DEL-BOM,6E,IndiGo,,ECONOMY,,,0,140,4:15 PM,4:15 PM,,,,,,6425.0,INR,google_flights,https://www.google.com/travel/flights?q=Flights+to+BOM+from+DEL+on+2026-09-30,html_fetch:fast-flights,DEL-BOM_apw21_20260909T122419Z_fdf860a6d184.html.gz,fdf860a6d18426bc7684df9bb241621df0a41151e2f05b44b5dbea042ab4f954,DEL-BOM|2026-09-30|21|20260909T122419Z,d1f211b69c4a059493b3299b660ef71667ea44e6e53b3b45f2d344ffc4c15c60,NORMALIZED,PENDING,"[""fare_components_unavailable_from_source""]",H21,CANDIDATE,TOTAL_ONLY,2026-09-09 12:24:19.794775+00:00
540497b5-7003-4265-aae4-ace006f5628f,2026-09-09T12:24:19.794775+00:00,2026-09-30,21,DEL,BOM,DEL,BOM,DEL-BOM,6E,IndiGo,,ECONOMY,,,0,135,5:00 PM,5:00 PM,,,,,,6425.0,INR,google_flights,https://www.google.com/travel/flights?q=Flights+to+BOM+from+DEL+on+2026-09-30,html_fetch:fast-flights,DEL-BOM_apw21_20260909T122419Z_fdf860a6d184.html.gz,fdf860a6d18426bc7684df9bb241621df0a41151e2f05b44b5dbea042ab4f954,DEL-BOM|2026-09-30|21|20260909T122419Z,4b536280d77f1d4f6adf9d74b0e46f760058c7be4bc53df33399b2a586bae92c,NORMALIZED,PENDING,"[""fare_components_unavailable_from_source""]",H21,CANDIDATE,TOTAL_ONLY,2026-09-09 12:24:19.794775+00:00
c518da1b-43cc-4ce6-8a77-ac66142ac8b6,2026-09-09T12:24:19.794775+00:00,2026-09-30,21,DEL,BOM,DEL,BOM,DEL-BOM,6E,IndiGo,,ECONOMY,,,0,140,10:45 PM,10:45 PM,,,,,,6425.0,INR,google_flights,https://www.google.com/travel/flights?q=Flights+to+BOM+from+DEL+on+2026-09-30,html_fetch:fast-flights,DEL-BOM_apw21_20260909T122419Z_fdf860a6d184.html.gz,fdf860a6d18426bc7684df9bb241621df0a41151e2f05b44b5dbea042ab4f954,DEL-BOM|2026-09-30|21|20260909T122419Z,e38e84fb53092f8396a95be0998c54e969a8376200e2621841a862363b9d27e1,NORMALIZED,PENDING,"[""fare_components_unavailable_from_source""]",H21,CANDIDATE,TOTAL_ONLY,2026-09-09 12:24:19.794775+00:00
6aede932-fa46-402a-b23e-72a18616bd14,2026-09-09T12:24:19.794775+00:00,2026-09-30,21,DEL,BOM,DEL,BOM,DEL-BOM,6E,IndiGo,,ECONOMY,,,0,135,6:05 AM,6:05 AM,,,,,,6583.0,INR,google_flights,https://www.google.com/travel/flights?q=Flights+to+BOM+from+DEL+on+2026-09-30,html_fetch:fast-flights,DEL-BOM_apw21_20260909T122419Z_fdf860a6d184.html.gz,fdf860a6d18426bc7684df9bb241621df0a41151e2f05b44b5dbea042ab4f954,DEL-BOM|2026-09-30|21|20260909T122419Z,4be3102df08a66b6530afa7a4dec507891104c4668614983e3829822b765c2d9,NORMALIZED,PENDING,"[""fare_components_unavailable_from_source""]",H21,CANDIDATE,TOTAL_ONLY,2026-09-09 12:24:19.794775+00:00
694412b2-b720-431d-bc5c-28e6cd992001,2026-09-09T12:24:19.794775+00:00,2026-09-30,21,DEL,BOM,DEL,BOM,DEL-BOM,6E,IndiGo,,ECONOMY,,,0,145,9:30 AM,9:30 AM,,,,,,6583.0,INR,google_flights,https://www.google.com/travel/flights?q=Flights+to+BOM+from+DEL+on+2026-09-30,html_fetch:fast-flights,DEL-BOM_apw21_20260909T122419Z_fdf860a6d184.html.gz,fdf860a6d18426bc7684df9bb241621df0a41151e2f05b44b5dbea042ab4f954,DEL-BOM|2026-09-30|21|20260909T122419Z,1155e08496f1e75108b699682be813c891fae08b9b960ff587e72ead13fc479e,NORMALIZED,PENDING,"[""fare_components_unavailable_from_source""]",H21,CANDIDATE,TOTAL_ONLY,2026-09-09 12:24:19.794775+00:00
88c49b56-764a-431a-8e2c-ee3c36acee66,2026-09-09T12:24:19.794775+00:00,2026-09-30,21,DEL,BOM,DEL,BOM,DEL-BOM,AI,Air India,,ECONOMY,,,0,150,5:35 AM,5:35 AM,,,,,,6779.0,INR,google_flights,https://www.google.com/travel/flights?q=Flights+to+BOM+from+DEL+on+2026-09-30,html_fetch:fast-flights,DEL-BOM_apw21_20260909T122419Z_fdf860a6d184.html.gz,fdf860a6d18426bc7684df9bb241621df0a41151e2f05b44b5dbea042ab4f954,DEL-BOM|2026-09-30|21|20260909T122419Z,175edfbacad11797134608b1b5ae1770a20007da01cd005013602f2892cc44a4,NORMALIZED,PENDING,"[""fare_components_unavailable_from_source""]",H21,CANDIDATE,TOTAL_ONLY,2026-09-09 12:24:19.794775+00:00
f0090975-4300-4111-a820-3d47682bce6a,2026-09-09T12:24:19.794775+00:00,2026-09-30,21,DEL,BOM,DEL,BOM,DEL-BOM,6E,IndiGo,,ECONOMY,,,0,135,7:15 AM,7:15 AM,,,,,,6793.0,INR,google_flights,https://www.google.com/travel/flights?q=Flights+to+BOM+from+DEL+on+2026-09-30,html_fetch:fast-flights,DEL-BOM_apw21_20260909T122419Z_fdf860a6d184.html.gz,fdf860a6d18426bc7684df9bb241621df0a41151e2f05b44b5dbea042ab4f954,DEL-BOM|2026-09-30|21|20260909T122419Z,579ff46c2ae4b72ece74745f4589a1519302da1d1eb0e6a323f6267be3106416,NORMALIZED,PENDING,"[""fare_components_unavailable_from_source""]",H21,CANDIDATE,TOTAL_ONLY,2026-09-09 12:24:19.794775+00:00
629bccd8-e5c0-4ff6-9071-73b920106256,2026-09-09T12:24:19.794775+00:00,2026-09-30,21,DEL,BOM,DEL,BOM,DEL-BOM,6E,IndiGo,,ECONOMY,,,0,140,8:00 AM,8:00 AM,,,,,,6793.0,INR,google_flights,https://www.google.com/travel/flights?q=Flights+to+BOM+from+DEL+on+2026-09-30,html_fetch:fast-flights,DEL-BOM_apw21_20260909T122419Z_fdf860a6d184.html.gz,fdf860a6d18426bc7684df9bb241621df0a41151e2f05b44b5dbea042ab4f954,DEL-BOM|2026-09-30|21|20260909T122419Z,b1a8bdd9a35867e81d58342c6adf400a88e7e515db3c6652b95cc085ab0afe9b,NORMALIZED,PENDING,"[""fare_components_unavailable_from_source""]",H21,CANDIDATE,TOTAL_ONLY,2026-09-09 12:24:19.794775+00:00
d87efdb6-a06f-43f0-a15b-702d194863ef,2026-09-09T12:24:19.794775+00:00,2026-09-30,21,DEL,BOM,DEL,BOM,DEL-BOM,6E,IndiGo,,ECONOMY,,,0,135,11:00 AM,11:00 AM,,,,,,6793.0,INR,google_flights,https://www.google.com/travel/flights?q=Flights+to+BOM+from+DEL+on+2026-09-30,html_fetch:fast-flights,DEL-BOM_apw21_20260909T122419Z_fdf860a6d184.html.gz,fdf860a6d18426bc7684df9bb241621df0a41151e2f05b44b5dbea042ab4f954,DEL-BOM|2026-09-30|21|20260909T122419Z,bc677f5d3a17f09834b56e83e0aac68ab1d44884ce48d42c943c2ada4397966a,NORMALIZED,PENDING,"[""fare_components_unavailable_from_source""]",H21,CANDIDATE,TOTAL_ONLY,2026-09-09 12:24:19.794775+00:00
c403e5d4-6e39-4057-89a4-c3b3b4da7025,2026-09-09T12:24:19.794775+00:00,2026-09-30,21,DEL,BOM,DEL,BOM,DEL-BOM,6E,IndiGo,,ECONOMY,,,0,135,6:00 PM,6:00 PM,,,,,,6793.0,INR,google_flights,https://www.google.com/travel/flights?q=Flights+to+BOM+from+DEL+on+2026-09-30,html_fetch:fast-flights,DEL-BOM_apw21_20260909T122419Z_fdf860a6d184.html.gz,fdf860a6d18426bc7684df9bb241621df0a41151e2f05b44b5dbea042ab4f954,DEL-BOM|2026-09-30|21|20260909T122419Z,ed9a5c8293152f39c4a2783e819077e00ea3c63e4d5d7bec32085e9e9ed8e8eb,NORMALIZED,PENDING,"[""fare_components_unavailable_from_source""]",H21,CANDIDATE,TOTAL_ONLY,2026-09-09 12:24:19.794775+00:00
c471cf36-9b93-47f7-b7eb-caacd31a83f6,2026-09-09T12:24:19.794775+00:00,2026-09-30,21,DEL,BOM,DEL,BOM,DEL-BOM,6E,IndiGo,,ECONOMY,,,0,145,7:00 PM,7:00 PM,,,,,,6793.0,INR,google_flights,https://www.google.com/travel/flights?q=Flights+to+BOM+from+DEL+on+2026-09-30,html_fetch:fast-flights,DEL-BOM_apw21_20260909T122419Z_fdf860a6d184.html.gz,fdf860a6d18426bc7684df9bb241621df0a41151e2f05b44b5dbea042ab4f954,DEL-BOM|2026-09-30|21|20260909T122419Z,d67ee42834297941dea58601018751417176e225503e52c305a8fcaf51dd020b,NORMALIZED,PENDING,"[""fare_components_unavailable_from_source""]",H21,CANDIDATE,TOTAL_ONLY,2026-09-09 12:24:19.794775+00:00
c0c05a31-f29d-4e7b-928b-5c4b3d841509,2026-09-09T12:24:19.794775+00:00,2026-09-30,21,DEL,BOM,DEL,BOM,DEL-BOM,6E,IndiGo,,ECONOMY,,,0,140,9:45 PM,9:45 PM,,,,,,6793.0,INR,google_flights,https://www.google.com/travel/flights?q=Flights+to+BOM+from+DEL+on+2026-09-30,html_fetch:fast-flights,DEL-BOM_apw21_20260909T122419Z_fdf860a6d184.html.gz,fdf860a6d18426bc7684df9bb241621df0a41151e2f05b44b5dbea042ab4f954,DEL-BOM|2026-09-30|21|20260909T122419Z,33a06e40eb83707be0807104628a0c45af97e3ca9bf626a6b48c88d40e3b7e46,NORMALIZED,PENDING,"[""fare_components_unavailable_from_source""]",H21,CANDIDATE,TOTAL_ONLY,2026-09-09 12:24:19.794775+00:00
c06083e1-90c9-41af-ab18-19c7628a9fb0,2026-09-09T12:24:19.794775+00:00,2026-09-30,21,DEL,BOM,DEL,BOM,DEL-BOM,6E,IndiGo,,ECONOMY,,,0,135,11:30 PM,11:30 PM,,,,,,6793.0,INR,google_flights,https://www.google.com/travel/flights?q=Flights+to+BOM+from+DEL+on+2026-09-30,html_fetch:fast-flights,DEL-BOM_apw21_20260909T122419Z_fdf860a6d184.html.gz,fdf860a6d18426bc7684df9bb241621df0a41151e2f05b44b5dbea042ab4f954,DEL-BOM|2026-09-30|21|20260909T122419Z,e455784e47fe7ea72f9a0375947f3980c402fc569a2bb0b6b21c62910806f720,NORMALIZED,PENDING,"[""fare_components_unavailable_from_source""]",H21,CANDIDATE,TOTAL_ONLY,2026-09-09 12:24:19.794775+00:00
e5925ded-bcda-426f-a061-01dd678c05ff,2026-09-09T12:24:19.794775+00:00,2026-09-30,21,DEL,BOM,DEL,BOM,DEL-BOM,QP,Akasa Air,,ECONOMY,,,0,140,6:50 AM,6:50 AM,,,,,,6880.0,INR,google_flights,https://www.google.com/travel/flights?q=Flights+to+BOM+from+DEL+on+2026-09-30,html_fetch:fast-flights,DEL-BOM_apw21_20260909T122419Z_fdf860a6d184.html.gz,fdf860a6d18426bc7684df9bb241621df0a41151e2f05b44b5dbea042ab4f954,DEL-BOM|2026-09-30|21|20260909T122419Z,df2f94fbd55c21f5d5bc8a6926f225fda1650b4022c762313c5ff0c14f34ddf0,NORMALIZED,PENDING,"[""fare_components_unavailable_from_source""]",H21,CANDIDATE,TOTAL_ONLY,2026-09-09 12:24:19.794775+00:00
6797695a-bc81-4307-b434-12546ca42ac2,2026-09-09T12:24:19.794775+00:00,2026-09-30,21,DEL,BOM,DEL,BOM,DEL-BOM,QP,Akasa Air,,ECONOMY,,,0,135,8:40 AM,8:40 AM,,,,,,6880.0,INR,google_flights,https://www.google.com/travel/flights?q=Flights+to+BOM+from+DEL+on+2026-09-30,html_fetch:fast-flights,DEL-BOM_apw21_20260909T122419Z_fdf860a6d184.html.gz,fdf860a6d18426bc7684df9bb241621df0a41151e2f05b44b5dbea042ab4f954,DEL-BOM|2026-09-30|21|20260909T122419Z,021f330864b4a86911e538c1c3750d03b23df55c2f5b967d5e909eada89a59aa,NORMALIZED,PENDING,"[""fare_components_unavailable_from_source""]",H21,CANDIDATE,TOTAL_ONLY,2026-09-09 12:24:19.794775+00:00
8e0ae057-bceb-4a58-b555-a12a5a8db0d3,2026-09-09T12:24:19.794775+00:00,2026-09-30,21,DEL,BOM,DEL,BOM,DEL-BOM,QP,Akasa Air,,ECONOMY,,,0,140,9:20 AM,9:20 AM,,,,,,6880.0,INR,google_flights,https://www.google.com/travel/flights?q=Flights+to+BOM+from+DEL+on+2026-09-30,html_fetch:fast-flights,DEL-BOM_apw21_20260909T122419Z_fdf860a6d184.html.gz,fdf860a6d18426bc7684df9bb241621df0a41151e2f05b44b5dbea042ab4f954,DEL-BOM|2026-09-30|21|20260909T122419Z,9a9d2d35b9b897d28187b9d2ab4f73ad160b9736901804c664169818417de353,NORMALIZED,PENDING,"[""fare_components_unavailable_from_source""]",H21,CANDIDATE,TOTAL_ONLY,2026-09-09 12:24:19.794775+00:00
7453fd2d-bf9a-4f79-beff-f902f452ff7c,2026-09-09T12:24:19.794775+00:00,2026-09-30,21,DEL,BOM,DEL,BOM,DEL-BOM,QP,Akasa Air,,ECONOMY,,,0,135,10:30 AM,10:30 AM,,,,,,6880.0,INR,google_flights,https://www.google.com/travel/flights?q=Flights+to+BOM+from+DEL+on+2026-09-30,html_fetch:fast-flights,DEL-BOM_apw21_20260909T122419Z_fdf860a6d184.html.gz,fdf860a6d18426bc7684df9bb241621df0a41151e2f05b44b5dbea042ab4f954,DEL-BOM|2026-09-30|21|20260909T122419Z,c3a96d39d01c486ffa4a98da9d8632fd31bbc25783921f4ce9fb3f00d90044d4,NORMALIZED,PENDING,"[""fare_components_unavailable_from_source""]",H21,CANDIDATE,TOTAL_ONLY,2026-09-09 12:24:19.794775+00:00
6ee91a83-d569-4057-ac99-eb383eb87573,2026-09-09T12:24:19.794775+00:00,2026-09-30,21,DEL,BOM,DEL,BOM,DEL-BOM,QP,Akasa Air,,ECONOMY,,,0,145,12:30 PM,12:30 PM,,,,,,6880.0,INR,google_flights,https://www.google.com/travel/flights?q=Flights+to+BOM+from+DEL+on+2026-09-30,html_fetch:fast-flights,DEL-BOM_apw21_20260909T122419Z_fdf860a6d184.html.gz,fdf860a6d18426bc7684df9bb241621df0a41151e2f05b44b5dbea042ab4f954,DEL-BOM|2026-09-30|21|20260909T122419Z,739641ca869cb9db2941b41319e427a67059cde649ce7418cc4380c43caf86ba,NORMALIZED,PENDING,"[""fare_components_unavailable_from_source""]",H21,CANDIDATE,TOTAL_ONLY,2026-09-09 12:24:19.794775+00:00
7683f295-b140-4338-8ec9-be4ce2cee921,2026-09-09T12:24:19.794775+00:00,2026-09-30,21,DEL,BOM,DEL,BOM,DEL-BOM,QP,Akasa Air,,ECONOMY,,,0,135,5:30 PM,5:30 PM,,,,,,6880.0,INR,google_flights,https://www.google.com/travel/flights?q=Flights+to+BOM+from+DEL+on+2026-09-30,html_fetch:fast-flights,DEL-BOM_apw21_20260909T122419Z_fdf860a6d184.html.gz,fdf860a6d18426bc7684df9bb241621df0a41151e2f05b44b5dbea042ab4f954,DEL-BOM|2026-09-30|21|20260909T122419Z,f290a8667007dedf1eaf628745613972aadfb563741368af79b568a400bbbef8,NORMALIZED,PENDING,"[""fare_components_unavailable_from_source""]",H21,CANDIDATE,TOTAL_ONLY,2026-09-09 12:24:19.794775+00:00
d359a2c3-8400-4ea0-b53c-fc0c440e2a94,2026-09-09T12:24:19.794775+00:00,2026-09-30,21,DEL,BOM,DEL,BOM,DEL-BOM,SG,SpiceJet,,ECONOMY,,,0,140,5:30 AM,5:30 AM,,,,,,6988.0,INR,google_flights,https://www.google.com/travel/flights?q=Flights+to+BOM+from+DEL+on+2026-09-30,html_fetch:fast-flights,DEL-BOM_apw21_20260909T122419Z_fdf860a6d184.html.gz,fdf860a6d18426bc7684df9bb241621df0a41151e2f05b44b5dbea042ab4f954,DEL-BOM|2026-09-30|21|20260909T122419Z,86f0f1a7b112be21d1fdb9b2a585a9fae1e4abfadbbe97913e3f18ce74db27ef,NORMALIZED,PENDING,"[""fare_components_unavailable_from_source""]",H21,CANDIDATE,TOTAL_ONLY,2026-09-09 12:24:19.794775+00:00
3f2be01e-f28d-4e54-80e3-7087fb33dee1,2026-09-09T12:24:19.794775+00:00,2026-09-30,21,DEL,BOM,DEL,BOM,DEL-BOM,6E,IndiGo,,ECONOMY,,,0,130,8:00 PM,8:00 PM,,,,,,7055.0,INR,google_flights,https://www.google.com/travel/flights?q=Flights+to+BOM+from+DEL+on+2026-09-30,html_fetch:fast-flights,DEL-BOM_apw21_20260909T122419Z_fdf860a6d184.html.gz,fdf860a6d18426bc7684df9bb241621df0a41151e2f05b44b5dbea042ab4f954,DEL-BOM|2026-09-30|21|20260909T122419Z,78ea6887467cc64269f3317ce4f19e1680935ddaae712819788e1281e1d334f9,NORMALIZED,PENDING,"[""fare_components_unavailable_from_source""]",H21,CANDIDATE,TOTAL_ONLY,2026-09-09 12:24:19.794775+00:00
3ce0b0bb-d594-4266-aa59-d33fbb78e07e,2026-09-09T12:24:19.794775+00:00,2026-09-30,21,DEL,BOM,DEL,BOM,DEL-BOM,AI,Air India,,ECONOMY,,,0,145,3:30 PM,3:30 PM,,,,,,7212.0,INR,google_flights,https://www.google.com/travel/flights?q=Flights+to+BOM+from+DEL+on+2026-09-30,html_fetch:fast-flights,DEL-BOM_apw21_20260909T122419Z_fdf860a6d184.html.gz,fdf860a6d18426bc7684df9bb241621df0a41151e2f05b44b5dbea042ab4f954,DEL-BOM|2026-09-30|21|20260909T122419Z,0eb03abc48f7448cd7b79be6ac6da7f48c05a3d11eb7e97037d63af77eac3e79,NORMALIZED,PENDING,"[""fare_components_unavailable_from_source""]",H21,CANDIDATE,TOTAL_ONLY,2026-09-09 12:24:19.794775+00:00
c013be99-a80d-43d6-80c7-050eedd3f3b1,2026-09-09T12:24:19.794775+00:00,2026-09-30,21,DEL,BOM,DEL,BOM,DEL-BOM,AI,Air India,,ECONOMY,,,0,140,9:00 PM,9:00 PM,,,,,,7212.0,INR,google_flights,https://www.google.com/travel/flights?q=Flights+to+BOM+from+DEL+on+2026-09-30,html_fetch:fast-flights,DEL-BOM_apw21_20260909T122419Z_fdf860a6d184.html.gz,fdf860a6d18426bc7684df9bb241621df0a41151e2f05b44b5dbea042ab4f954,DEL-BOM|2026-09-30|21|20260909T122419Z,3afae92f358d689e1bf804cceb4a14a53e50a74151e91d4a16475d388bfacdca,NORMALIZED,PENDING,"[""fare_components_unavailable_from_source""]",H21,CANDIDATE,TOTAL_ONLY,2026-09-09 12:24:19.794775+00:00
b4364f43-e006-4a26-b1f4-3c301e0bdf64,2026-09-09T12:24:19.794775+00:00,2026-09-30,21,DEL,BOM,DEL,BOM,DEL-BOM,AI,Air India,,ECONOMY,,,0,145,9:30 PM,9:30 PM,,,,,,7212.0,INR,google_flights,https://www.google.com/travel/flights?q=Flights+to+BOM+from+DEL+on+2026-09-30,html_fetch:fast-flights,DEL-BOM_apw21_20260909T122419Z_fdf860a6d184.html.gz,fdf860a6d18426bc7684df9bb241621df0a41151e2f05b44b5dbea042ab4f954,DEL-BOM|2026-09-30|21|20260909T122419Z,06ba80cab079da32534fa47110f7c78cc49e7fcfa9d831c54a23046f206aca65,NORMALIZED,PENDING,"[""fare_components_unavailable_from_source""]",H21,CANDIDATE,TOTAL_ONLY,2026-09-09 12:24:19.794775+00:00
5870f33c-3423-4c82-b05d-79030630f2d3,2026-09-09T12:24:19.794775+00:00,2026-09-30,21,DEL,BOM,DEL,BOM,DEL-BOM,AI,Air India,,ECONOMY,,,0,145,11:25 PM,11:25 PM,,,,,,7261.0,INR,google_flights,https://www.google.com/travel/flights?q=Flights+to+BOM+from+DEL+on+2026-09-30,html_fetch:fast-flights,DEL-BOM_apw21_20260909T122419Z_fdf860a6d184.html.gz,fdf860a6d18426bc7684df9bb241621df0a41151e2f05b44b5dbea042ab4f954,DEL-BOM|2026-09-30|21|20260909T122419Z,34f47ad233f2e7b1fdc7f47ecc7a0c750921465c304187d7afd4158126356030,NORMALIZED,PENDING,"[""fare_components_unavailable_from_source""]",H21,CANDIDATE,TOTAL_ONLY,2026-09-09 12:24:19.794775+00:00
9f85598c-b45f-44a1-bded-1a8660fcc366,2026-09-09T12:24:19.794775+00:00,2026-09-30,21,DEL,BOM,DEL,BOM,DEL-BOM,AI,Air India,,ECONOMY,,,0,145,6:00 PM,6:00 PM,,,,,,7349.0,INR,google_flights,https://www.google.com/travel/flights?q=Flights+to+BOM+from+DEL+on+2026-09-30,html_fetch:fast-flights,DEL-BOM_apw21_20260909T122419Z_fdf860a6d184.html.gz,fdf860a6d18426bc7684df9bb241621df0a41151e2f05b44b5dbea042ab4f954,DEL-BOM|2026-09-30|21|20260909T122419Z,35be1bcfbdcb5044457e7b2b8c3bd61a980c2f659595fe3d4e8432bb75d73799,NORMALIZED,PENDING,"[""fare_components_unavailable_from_source""]",H21,CANDIDATE,TOTAL_ONLY,2026-09-09 12:24:19.794775+00:00
e9aa7b55-ca21-4198-8665-fb10b41e8f25,2026-09-09T12:24:19.794775+00:00,2026-09-30,21,DEL,BOM,DEL,BOM,DEL-BOM,AI,Air India,,ECONOMY,,,0,145,7:00 PM,7:00 PM,,,,,,7349.0,INR,google_flights,https://www.google.com/travel/flights?q=Flights+to+BOM+from+DEL+on+2026-09-30,html_fetch:fast-flights,DEL-BOM_apw21_20260909T122419Z_fdf860a6d184.html.gz,fdf860a6d18426bc7684df9bb241621df0a41151e2f05b44b5dbea042ab4f954,DEL-BOM|2026-09-30|21|20260909T122419Z,6be31d5c284773bef6b929d1b5938a6ad1295b881b31907247f6894299272f0f,NORMALIZED,PENDING,"[""fare_components_unavailable_from_source""]",H21,CANDIDATE,TOTAL_ONLY,2026-09-09 12:24:19.794775+00:00
a9338533-72f9-418b-92c2-c2bc8ec4a789,2026-09-09T12:24:19.794775+00:00,2026-09-30,21,DEL,BOM,DEL,BOM,DEL-BOM,AI,Air India,,ECONOMY,,,0,140,1:30 PM,1:30 PM,,,,,,7842.0,INR,google_flights,https://www.google.com/travel/flights?q=Flights+to+BOM+from+DEL+on+2026-09-30,html_fetch:fast-flights,DEL-BOM_apw21_20260909T122419Z_fdf860a6d184.html.gz,fdf860a6d18426bc7684df9bb241621df0a41151e2f05b44b5dbea042ab4f954,DEL-BOM|2026-09-30|21|20260909T122419Z,66732773f36031a3c71a368117179020547768754d86f52ea6a2335ec262ce36,NORMALIZED,PENDING,"[""fare_components_unavailable_from_source""]",H21,CANDIDATE,TOTAL_ONLY,2026-09-09 12:24:19.794775+00:00
f101d5ee-ca42-4245-8d1c-6191445dad5e,2026-09-09T12:24:19.794775+00:00,2026-09-30,21,DEL,BOM,DEL,BOM,DEL-BOM,AI,Air India,,ECONOMY,,,0,145,11:00 PM,11:00 PM,,,,,,7842.0,INR,google_flights,https://www.google.com/travel/flights?q=Flights+to+BOM+from+DEL+on+2026-09-30,html_fetch:fast-flights,DEL-BOM_apw21_20260909T122419Z_fdf860a6d184.html.gz,fdf860a6d18426bc7684df9bb241621df0a41151e2f05b44b5dbea042ab4f954,DEL-BOM|2026-09-30|21|20260909T122419Z,52a23e729156326996460e7a3a140f50ef575785f5416db377e023d71a39a5ac,NORMALIZED,PENDING,"[""fare_components_unavailable_from_source""]",H21,CANDIDATE,TOTAL_ONLY,2026-09-09 12:24:19.794775+00:00
db20b774-1fdd-4205-a760-97072aea3388,2026-09-09T12:24:19.794775+00:00,2026-09-30,21,DEL,BOM,DEL,BOM,DEL-BOM,6E,IndiGo,,ECONOMY,,,0,135,8:45 PM,8:45 PM,,,,,,8053.0,INR,google_flights,https://www.google.com/travel/flights?q=Flights+to+BOM+from+DEL+on+2026-09-30,html_fetch:fast-flights,DEL-BOM_apw21_20260909T122419Z_fdf860a6d184.html.gz,fdf860a6d18426bc7684df9bb241621df0a41151e2f05b44b5dbea042ab4f954,DEL-BOM|2026-09-30|21|20260909T122419Z,28d200ec13ac7e3e7348838788604a7c6f6264807ca94b381b2b9e6932ae259e,NORMALIZED,PENDING,"[""fare_components_unavailable_from_source""]",H21,CANDIDATE,TOTAL_ONLY,2026-09-09 12:24:19.794775+00:00
54398958-cbcf-4ecf-9423-eb007276065d,2026-09-09T12:24:19.794775+00:00,2026-09-30,21,DEL,BOM,DEL,BOM,DEL-BOM,SG,SpiceJet,,ECONOMY,,,0,160,10:45 PM,10:45 PM,,,,,,19603.0,INR,google_flights,https://www.google.com/travel/flights?q=Flights+to+BOM+from+DEL+on+2026-09-30,html_fetch:fast-flights,DEL-BOM_apw21_20260909T122419Z_fdf860a6d184.html.gz,fdf860a6d18426bc7684df9bb241621df0a41151e2f05b44b5dbea042ab4f954,DEL-BOM|2026-09-30|21|20260909T122419Z,92832d51bbca22dd4ca7019d0a4533600f327b42937cc5bd8d453a51064c795c,NORMALIZED,PENDING,"[""fare_components_unavailable_from_source""]",H21,CANDIDATE,TOTAL_ONLY,2026-09-09 12:24:19.794775+00:00
178d9691-d165-4f4d-a818-55583c3aa3ee,2026-09-09T12:24:22.864030+00:00,2026-09-30,21,DEL,BLR,DEL,BLR,DEL-BLR,6E,IndiGo,,ECONOMY,,,0,175,1:15 PM,1:15 PM,,,,,,8724.0,INR,google_flights,https://www.google.com/travel/flights?q=Flights+to+BLR+from+DEL+on+2026-09-30,html_fetch:fast-flights,DEL-BLR_apw21_20260909T122422Z_03733e4313fa.html.gz,03733e4313fa76ef1185234b76111f05a4f00d3c149703034df379680fe5fe1e,DEL-BLR|2026-09-30|21|20260909T122422Z,a25b0de4ff73bc66f9a7755a6dfdeacad28cab24473f430e2a7182f79fa2740d,NORMALIZED,PENDING,"[""fare_components_unavailable_from_source""]",H21,CANDIDATE,TOTAL_ONLY,2026-09-09 12:24:22.864030+00:00
d1fab767-8484-4105-8d82-56baab9415ad,2026-09-09T12:24:22.864030+00:00,2026-09-30,21,DEL,BLR,DEL,BLR,DEL-BLR,AI,Air India,,ECONOMY,,,0,165,4:30 PM,4:30 PM,,,,,,8883.0,INR,google_flights,https://www.google.com/travel/flights?q=Flights+to+BLR+from+DEL+on+2026-09-30,html_fetch:fast-flights,DEL-BLR_apw21_20260909T122422Z_03733e4313fa.html.gz,03733e4313fa76ef1185234b76111f05a4f00d3c149703034df379680fe5fe1e,DEL-BLR|2026-09-30|21|20260909T122422Z,2006bbfc6aef107720ed0f596ab1a625d609f3c180b73eb9d9b7e5d3e7976579,NORMALIZED,PENDING,"[""fare_components_unavailable_from_source""]",H21,CANDIDATE,TOTAL_ONLY,2026-09-09 12:24:22.864030+00:00
372b3c57-9ba7-4210-a4f3-ed4767532011,2026-09-09T12:24:22.864030+00:00,2026-09-30,21,DEL,BLR,DEL,BLR,DEL-BLR,QP,Akasa Air,,ECONOMY,,,0,180,2:55 PM,2:55 PM,,,,,,9179.0,INR,google_flights,https://www.google.com/travel/flights?q=Flights+to+BLR+from+DEL+on+2026-09-30,html_fetch:fast-flights,DEL-BLR_apw21_20260909T122422Z_03733e4313fa.html.gz,03733e4313fa76ef1185234b76111f05a4f00d3c149703034df379680fe5fe1e,DEL-BLR|2026-09-30|21|20260909T122422Z,cef85b7e770305c914080c7269fba58a255cd4f2a1a77c4f040238697cbea3f1,NORMALIZED,PENDING,"[""fare_components_unavailable_from_source""]",H21,CANDIDATE,TOTAL_ONLY,2026-09-09 12:24:22.864030+00:00
bf44d921-b848-4d5f-a9f6-f8f7656f7429,2026-09-09T12:24:22.864030+00:00,2026-09-30,21,DEL,BLR,DEL,BLR,DEL-BLR,6E,IndiGo,,ECONOMY,,,0,175,5:45 AM,5:45 AM,,,,,,8724.0,INR,google_flights,https://www.google.com/travel/flights?q=Flights+to+BLR+from+DEL+on+2026-09-30,html_fetch:fast-flights,DEL-BLR_apw21_20260909T122422Z_03733e4313fa.html.gz,03733e4313fa76ef1185234b76111f05a4f00d3c149703034df379680fe5fe1e,DEL-BLR|2026-09-30|21|20260909T122422Z,6b13b53af3d78a1e82c35e20b1fcf4dd837c061b87148903281f40f5868e7c5c,NORMALIZED,PENDING,"[""fare_components_unavailable_from_source""]",H21,CANDIDATE,TOTAL_ONLY,2026-09-09 12:24:22.864030+00:00
60b7a6ba-c264-4a34-b2dd-f5aca027c9e0,2026-09-09T12:24:22.864030+00:00,2026-09-30,21,DEL,BLR,DEL,BLR,DEL-BLR,6E,IndiGo,,ECONOMY,,,0,175,7:05 AM,7:05 AM,,,,,,8724.0,INR,google_flights,https://www.google.com/travel/flights?q=Flights+to+BLR+from+DEL+on+2026-09-30,html_fetch:fast-flights,DEL-BLR_apw21_20260909T122422Z_03733e4313fa.html.gz,03733e4313fa76ef1185234b76111f05a4f00d3c149703034df379680fe5fe1e,DEL-BLR|2026-09-30|21|20260909T122422Z,c5e5e5ce21b63e6106e88ff499cb0889e544c0eefb290335eeb1b2d9051bc144,NORMALIZED,PENDING,"[""fare_components_unavailable_from_source""]",H21,CANDIDATE,TOTAL_ONLY,2026-09-09 12:24:22.864030+00:00
e9da497b-f2ca-4b41-9f7a-f519f2cc3379,2026-09-09T12:24:22.864030+00:00,2026-09-30,21,DEL,BLR,DEL,BLR,DEL-BLR,6E,IndiGo,,ECONOMY,,,0,170,8:20 AM,8:20 AM,,,,,,8724.0,INR,google_flights,https://www.google.com/travel/flights?q=Flights+to+BLR+from+DEL+on+2026-09-30,html_fetch:fast-flights,DEL-BLR_apw21_20260909T122422Z_03733e4313fa.html.gz,03733e4313fa76ef1185234b76111f05a4f00d3c149703034df379680fe5fe1e,DEL-BLR|2026-09-30|21|20260909T122422Z,1aeec3d0a67624b0441af4f43c6c48243fd5e0abfc4a3fdad3a9146d44bbbfe2,NORMALIZED,PENDING,"[""fare_components_unavailable_from_source""]",H21,CANDIDATE,TOTAL_ONLY,2026-09-09 12:24:22.864030+00:00
0293ed00-7c42-45d9-b2f1-594ceba65c45,2026-09-09T12:24:22.864030+00:00,2026-09-30,21,DEL,BLR,DEL,BLR,DEL-BLR,6E,IndiGo,,ECONOMY,,,0,175,9:30 AM,9:30 AM,,,,,,8724.0,INR,google_flights,https://www.google.com/travel/flights?q=Flights+to+BLR+from+DEL+on+2026-09-30,html_fetch:fast-flights,DEL-BLR_apw21_20260909T122422Z_03733e4313fa.html.gz,03733e4313fa76ef1185234b76111f05a4f00d3c149703034df379680fe5fe1e,DEL-BLR|2026-09-30|21|20260909T122422Z,1a12c70f864334c4600208810ad631cc1ac4096eda6144143c94fc51f83cbbf1,NORMALIZED,PENDING,"[""fare_components_unavailable_from_source""]",H21,CANDIDATE,TOTAL_ONLY,2026-09-09 12:24:22.864030+00:00
2ebb84f7-db93-46ce-9862-206fa5a5ab93,2026-09-09T12:24:22.864030+00:00,2026-09-30,21,DEL,BLR,DEL,BLR,DEL-BLR,6E,IndiGo,,ECONOMY,,,0,175,10:45 AM,10:45 AM,,,,,,8724.0,INR,google_flights,https://www.google.com/travel/flights?q=Flights+to+BLR+from+DEL+on+2026-09-30,html_fetch:fast-flights,DEL-BLR_apw21_20260909T122422Z_03733e4313fa.html.gz,03733e4313fa76ef1185234b76111f05a4f00d3c149703034df379680fe5fe1e,DEL-BLR|2026-09-30|21|20260909T122422Z,d42354dfb47a496424b01da1c17686b734218f98c19e5fee44d18b6d23cfca97,NORMALIZED,PENDING,"[""fare_components_unavailable_from_source""]",H21,CANDIDATE,TOTAL_ONLY,2026-09-09 12:24:22.864030+00:00
69b97a66-e43f-49b7-ad1a-d444f45aadd5,2026-09-09T12:24:22.864030+00:00,2026-09-30,21,DEL,BLR,DEL,BLR,DEL-BLR,6E,IndiGo,,ECONOMY,,,0,180,12:20 PM,12:20 PM,,,,,,8724.0,INR,google_flights,https://www.google.com/travel/flights?q=Flights+to+BLR+from+DEL+on+2026-09-30,html_fetch:fast-flights,DEL-BLR_apw21_20260909T122422Z_03733e4313fa.html.gz,03733e4313fa76ef1185234b76111f05a4f00d3c149703034df379680fe5fe1e,DEL-BLR|2026-09-30|21|20260909T122422Z,f00ba288dc49d76f56b6f505d291c2a16b38bad5c89df8890d3be34c18bae047,NORMALIZED,PENDING,"[""fare_components_unavailable_from_source""]",H21,CANDIDATE,TOTAL_ONLY,2026-09-09 12:24:22.864030+00:00
ce167005-a03c-40bb-9187-21b34b775554,2026-09-09T12:24:22.864030+00:00,2026-09-30,21,DEL,BLR,DEL,BLR,DEL-BLR,6E,IndiGo,,ECONOMY,,,0,175,2:30 PM,2:30 PM,,,,,,8724.0,INR,google_flights,https://www.google.com/travel/flights?q=Flights+to+BLR+from+DEL+on+2026-09-30,html_fetch:fast-flights,DEL-BLR_apw21_20260909T122422Z_03733e4313fa.html.gz,03733e4313fa76ef1185234b76111f05a4f00d3c149703034df379680fe5fe1e,DEL-BLR|2026-09-30|21|20260909T122422Z,cdf9f3e878466578edff102be4b4b6c927e8340b494745db7f82df8a1c82ae4d,NORMALIZED,PENDING,"[""fare_components_unavailable_from_source""]",H21,CANDIDATE,TOTAL_ONLY,2026-09-09 12:24:22.864030+00:00
94c29379-0cfa-4dce-89ba-863e6d3c561a,2026-09-09T12:24:22.864030+00:00,2026-09-30,21,DEL,BLR,DEL,BLR,DEL-BLR,6E,IndiGo,,ECONOMY,,,0,175,3:45 PM,3:45 PM,,,,,,8724.0,INR,google_flights,https://www.google.com/travel/flights?q=Flights+to+BLR+from+DEL+on+2026-09-30,html_fetch:fast-flights,DEL-BLR_apw21_20260909T122422Z_03733e4313fa.html.gz,03733e4313fa76ef1185234b76111f05a4f00d3c149703034df379680fe5fe1e,DEL-BLR|2026-09-30|21|20260909T122422Z,77f6adc1009dc769a4df9d5e202c26f02d1321c5c29f01595ab885fbe8dc6089,NORMALIZED,PENDING,"[""fare_components_unavailable_from_source""]",H21,CANDIDATE,TOTAL_ONLY,2026-09-09 12:24:22.864030+00:00
032f2a5a-80ec-4737-b829-82807b4dbc4b,2026-09-09T12:24:22.864030+00:00,2026-09-30,21,DEL,BLR,DEL,BLR,DEL-BLR,6E,IndiGo,,ECONOMY,,,0,175,5:00 PM,5:00 PM,,,,,,8724.0,INR,google_flights,https://www.google.com/travel/flights?q=Flights+to+BLR+from+DEL+on+2026-09-30,html_fetch:fast-flights,DEL-BLR_apw21_20260909T122422Z_03733e4313fa.html.gz,03733e4313fa76ef1185234b76111f05a4f00d3c149703034df379680fe5fe1e,DEL-BLR|2026-09-30|21|20260909T122422Z,9cde662ded831262de18ff47cc97410c7881264b071dd99d039df3ce487c2660,NORMALIZED,PENDING,"[""fare_components_unavailable_from_source""]",H21,CANDIDATE,TOTAL_ONLY,2026-09-09 12:24:22.864030+00:00
5e4c8566-5741-4e61-ab69-f1e56a675cfe,2026-09-09T12:24:22.864030+00:00,2026-09-30,21,DEL,BLR,DEL,BLR,DEL-BLR,6E,IndiGo,,ECONOMY,,,0,170,6:20 PM,6:20 PM,,,,,,8724.0,INR,google_flights,https://www.google.com/travel/flights?q=Flights+to+BLR+from+DEL+on+2026-09-30,html_fetch:fast-flights,DEL-BLR_apw21_20260909T122422Z_03733e4313fa.html.gz,03733e4313fa76ef1185234b76111f05a4f00d3c149703034df379680fe5fe1e,DEL-BLR|2026-09-30|21|20260909T122422Z,974aac7c8eedd232bc9872148933cc74cc41e94a4048c4f2317acc623a179cc2,NORMALIZED,PENDING,"[""fare_components_unavailable_from_source""]",H21,CANDIDATE,TOTAL_ONLY,2026-09-09 12:24:22.864030+00:00
739497e7-a5a5-427d-b464-e1051106f691,2026-09-09T12:24:22.864030+00:00,2026-09-30,21,DEL,BLR,DEL,BLR,DEL-BLR,6E,IndiGo,,ECONOMY,,,0,175,7:30 PM,7:30 PM,,,,,,8724.0,INR,google_flights,https://www.google.com/travel/flights?q=Flights+to+BLR+from+DEL+on+2026-09-30,html_fetch:fast-flights,DEL-BLR_apw21_20260909T122422Z_03733e4313fa.html.gz,03733e4313fa76ef1185234b76111f05a4f00d3c149703034df379680fe5fe1e,DEL-BLR|2026-09-30|21|20260909T122422Z,d36fad991ed8c51036aa08fa300051c4aa943f7b6e464bf48f2ce6aecdb67dbc,NORMALIZED,PENDING,"[""fare_components_unavailable_from_source""]",H21,CANDIDATE,TOTAL_ONLY,2026-09-09 12:24:22.864030+00:00
4ed3348b-fdb7-4008-85b4-6dfc0e89ae45,2026-09-09T12:24:22.864030+00:00,2026-09-30,21,DEL,BLR,DEL,BLR,DEL-BLR,AI,Air India,,ECONOMY,,,0,170,4:30 AM,4:30 AM,,,,,,8883.0,INR,google_flights,https://www.google.com/travel/flights?q=Flights+to+BLR+from+DEL+on+2026-09-30,html_fetch:fast-flights,DEL-BLR_apw21_20260909T122422Z_03733e4313fa.html.gz,03733e4313fa76ef1185234b76111f05a4f00d3c149703034df379680fe5fe1e,DEL-BLR|2026-09-30|21|20260909T122422Z,ccac9170c8ad3dcec06aca97120baf65bb7e84f6e0b37029433bb44cd8d7ab4f,NORMALIZED,PENDING,"[""fare_components_unavailable_from_source""]",H21,CANDIDATE,TOTAL_ONLY,2026-09-09 12:24:22.864030+00:00
bae5b876-d8da-4c7f-866d-361fa9eee0e7,2026-09-09T12:24:22.864030+00:00,2026-09-30,21,DEL,BLR,DEL,BLR,DEL-BLR,AI,Air India,,ECONOMY,,,0,175,6:00 AM,6:00 AM,,,,,,8883.0,INR,google_flights,https://www.google.com/travel/flights?q=Flights+to+BLR+from+DEL+on+2026-09-30,html_fetch:fast-flights,DEL-BLR_apw21_20260909T122422Z_03733e4313fa.html.gz,03733e4313fa76ef1185234b76111f05a4f00d3c149703034df379680fe5fe1e,DEL-BLR|2026-09-30|21|20260909T122422Z,5f770967e020412a37f01c93515df8a26915bda994d4f27e3a715e96d96aaec8,NORMALIZED,PENDING,"[""fare_components_unavailable_from_source""]",H21,CANDIDATE,TOTAL_ONLY,2026-09-09 12:24:22.864030+00:00
62ddcfbd-045c-433d-b0d0-f5eaddf75f8c,2026-09-09T12:24:22.864030+00:00,2026-09-30,21,DEL,BLR,DEL,BLR,DEL-BLR,AI,Air India,,ECONOMY,,,0,175,6:30 AM,6:30 AM,,,,,,8883.0,INR,google_flights,https://www.google.com/travel/flights?q=Flights+to+BLR+from+DEL+on+2026-09-30,html_fetch:fast-flights,DEL-BLR_apw21_20260909T122422Z_03733e4313fa.html.gz,03733e4313fa76ef1185234b76111f05a4f00d3c149703034df379680fe5fe1e,DEL-BLR|2026-09-30|21|20260909T122422Z,7c376b62484e1a4bdaadb5e84901a3a49f228d731a486ebf07d2a345839d2c67,NORMALIZED,PENDING,"[""fare_components_unavailable_from_source""]",H21,CANDIDATE,TOTAL_ONLY,2026-09-09 12:24:22.864030+00:00
107f537c-8efe-42b7-9391-8ec68a46096e,2026-09-09T12:24:22.864030+00:00,2026-09-30,21,DEL,BLR,DEL,BLR,DEL-BLR,AI,Air India,,ECONOMY,,,0,175,7:00 AM,7:00 AM,,,,,,8883.0,INR,google_flights,https://www.google.com/travel/flights?q=Flights+to+BLR+from+DEL+on+2026-09-30,html_fetch:fast-flights,DEL-BLR_apw21_20260909T122422Z_03733e4313fa.html.gz,03733e4313fa76ef1185234b76111f05a4f00d3c149703034df379680fe5fe1e,DEL-BLR|2026-09-30|21|20260909T122422Z,1bb02fc63449d656661e353d92057b9797e36885d9d5f4d3ab64c1d46648b438,NORMALIZED,PENDING,"[""fare_components_unavailable_from_source""]",H21,CANDIDATE,TOTAL_ONLY,2026-09-09 12:24:22.864030+00:00
cfd9814c-6e52-47ff-97c1-918a142ce9e3,2026-09-09T12:24:22.864030+00:00,2026-09-30,21,DEL,BLR,DEL,BLR,DEL-BLR,AI,Air India,,ECONOMY,,,0,170,8:30 AM,8:30 AM,,,,,,8883.0,INR,google_flights,https://www.google.com/travel/flights?q=Flights+to+BLR+from+DEL+on+2026-09-30,html_fetch:fast-flights,DEL-BLR_apw21_20260909T122422Z_03733e4313fa.html.gz,03733e4313fa76ef1185234b76111f05a4f00d3c149703034df379680fe5fe1e,DEL-BLR|2026-09-30|21|20260909T122422Z,7d62f2bea4d5a717bc32f3d6563348243838856b795c2e5d0a9f9898cbdd429f,NORMALIZED,PENDING,"[""fare_components_unavailable_from_source""]",H21,CANDIDATE,TOTAL_ONLY,2026-09-09 12:24:22.864030+00:00
c640c175-9523-48d3-b643-14feac18537f,2026-09-09T12:24:22.864030+00:00,2026-09-30,21,DEL,BLR,DEL,BLR,DEL-BLR,AI,Air India,,ECONOMY,,,0,175,9:30 AM,9:30 AM,,,,,,8883.0,INR,google_flights,https://www.google.com/travel/flights?q=Flights+to+BLR+from+DEL+on+2026-09-30,html_fetch:fast-flights,DEL-BLR_apw21_20260909T122422Z_03733e4313fa.html.gz,03733e4313fa76ef1185234b76111f05a4f00d3c149703034df379680fe5fe1e,DEL-BLR|2026-09-30|21|20260909T122422Z,95a2ec46777a52b941ed34a58884e7862c51daa3fbc9017c8bdee203260c0305,NORMALIZED,PENDING,"[""fare_components_unavailable_from_source""]",H21,CANDIDATE,TOTAL_ONLY,2026-09-09 12:24:22.864030+00:00
4dbdc40a-5294-4bb1-abca-3d1f802e37dd,2026-09-09T12:24:22.864030+00:00,2026-09-30,21,DEL,BLR,DEL,BLR,DEL-BLR,AI,Air India,,ECONOMY,,,0,170,10:30 AM,10:30 AM,,,,,,8883.0,INR,google_flights,https://www.google.com/travel/flights?q=Flights+to+BLR+from+DEL+on+2026-09-30,html_fetch:fast-flights,DEL-BLR_apw21_20260909T122422Z_03733e4313fa.html.gz,03733e4313fa76ef1185234b76111f05a4f00d3c149703034df379680fe5fe1e,DEL-BLR|2026-09-30|21|20260909T122422Z,2e57cff4a0884a3b909fa391546313bd7ef648509a6ffab58f498f2ec5a4d78d,NORMALIZED,PENDING,"[""fare_components_unavailable_from_source""]",H21,CANDIDATE,TOTAL_ONLY,2026-09-09 12:24:22.864030+00:00
fd844999-7faf-4880-9d3b-20c3d3661f27,2026-09-09T12:24:22.864030+00:00,2026-09-30,21,DEL,BLR,DEL,BLR,DEL-BLR,AI,Air India,,ECONOMY,,,0,175,3:00 PM,3:00 PM,,,,,,8883.0,INR,google_flights,https://www.google.com/travel/flights?q=Flights+to+BLR+from+DEL+on+2026-09-30,html_fetch:fast-flights,DEL-BLR_apw21_20260909T122422Z_03733e4313fa.html.gz,03733e4313fa76ef1185234b76111f05a4f00d3c149703034df379680fe5fe1e,DEL-BLR|2026-09-30|21|20260909T122422Z,1277f05245ecb636199cc50479506df0d20f89a6f26f2ccc838809b731d987ad,NORMALIZED,PENDING,"[""fare_components_unavailable_from_source""]",H21,CANDIDATE,TOTAL_ONLY,2026-09-09 12:24:22.864030+00:00
2a0f961e-54aa-471f-970b-72155e7c344c,2026-09-09T12:24:22.864030+00:00,2026-09-30,21,DEL,BLR,DEL,BLR,DEL-BLR,AI,Air India,,ECONOMY,,,0,175,3:50 PM,3:50 PM,,,,,,8883.0,INR,google_flights,https://www.google.com/travel/flights?q=Flights+to+BLR+from+DEL+on+2026-09-30,html_fetch:fast-flights,DEL-BLR_apw21_20260909T122422Z_03733e4313fa.html.gz,03733e4313fa76ef1185234b76111f05a4f00d3c149703034df379680fe5fe1e,DEL-BLR|2026-09-30|21|20260909T122422Z,abde3da40558d4244b6dfca8fa0b8e74f166c58eb2d69312682386e92cf9230a,NORMALIZED,PENDING,"[""fare_components_unavailable_from_source""]",H21,CANDIDATE,TOTAL_ONLY,2026-09-09 12:24:22.864030+00:00
0c7624d9-8aef-4d57-882c-b5b6d17833f6,2026-09-09T12:24:22.864030+00:00,2026-09-30,21,DEL,BLR,DEL,BLR,DEL-BLR,AI,Air India,,ECONOMY,,,0,175,7:00 PM,7:00 PM,,,,,,8883.0,INR,google_flights,https://www.google.com/travel/flights?q=Flights+to+BLR+from+DEL+on+2026-09-30,html_fetch:fast-flights,DEL-BLR_apw21_20260909T122422Z_03733e4313fa.html.gz,03733e4313fa76ef1185234b76111f05a4f00d3c149703034df379680fe5fe1e,DEL-BLR|2026-09-30|21|20260909T122422Z,a10c0cba65e544a7f97265cd99c0031e9f509de191bd89dc45aa932d6835a8f6,NORMALIZED,PENDING,"[""fare_components_unavailable_from_source""]",H21,CANDIDATE,TOTAL_ONLY,2026-09-09 12:24:22.864030+00:00
e2073366-a4c5-4df3-bbf4-65900c5f36e8,2026-09-09T12:24:22.864030+00:00,2026-09-30,21,DEL,BLR,DEL,BLR,DEL-BLR,AI,Air India,,ECONOMY,,,0,170,7:30 PM,7:30 PM,,,,,,8883.0,INR,google_flights,https://www.google.com/travel/flights?q=Flights+to+BLR+from+DEL+on+2026-09-30,html_fetch:fast-flights,DEL-BLR_apw21_20260909T122422Z_03733e4313fa.html.gz,03733e4313fa76ef1185234b76111f05a4f00d3c149703034df379680fe5fe1e,DEL-BLR|2026-09-30|21|20260909T122422Z,108f3a45c5a5f16498a8146aef9db4236c2e351ca4cee51d8726883e33ac94e1,NORMALIZED,PENDING,"[""fare_components_unavailable_from_source""]",H21,CANDIDATE,TOTAL_ONLY,2026-09-09 12:24:22.864030+00:00
90083b61-1fee-444a-8563-301ce816e2ac,2026-09-09T12:24:22.864030+00:00,2026-09-30,21,DEL,BLR,DEL,BLR,DEL-BLR,AI,Air India,,ECONOMY,,,0,175,6:20 PM,6:20 PM,,,,,,9119.0,INR,google_flights,https://www.google.com/travel/flights?q=Flights+to+BLR+from+DEL+on+2026-09-30,html_fetch:fast-flights,DEL-BLR_apw21_20260909T122422Z_03733e4313fa.html.gz,03733e4313fa76ef1185234b76111f05a4f00d3c149703034df379680fe5fe1e,DEL-BLR|2026-09-30|21|20260909T122422Z,499c626f0d6aafac2727c773da806b2ca74bfbd6127a710ee665a82e608d8102,NORMALIZED,PENDING,"[""fare_components_unavailable_from_source""]",H21,CANDIDATE,TOTAL_ONLY,2026-09-09 12:24:22.864030+00:00
7b0a9135-e52c-4793-977c-f9574d44d2fe,2026-09-09T12:24:22.864030+00:00,2026-09-30,21,DEL,BLR,DEL,BLR,DEL-BLR,QP,Akasa Air,,ECONOMY,,,0,175,8:55 PM,8:55 PM,,,,,,9179.0,INR,google_flights,https://www.google.com/travel/flights?q=Flights+to+BLR+from+DEL+on+2026-09-30,html_fetch:fast-flights,DEL-BLR_apw21_20260909T122422Z_03733e4313fa.html.gz,03733e4313fa76ef1185234b76111f05a4f00d3c149703034df379680fe5fe1e,DEL-BLR|2026-09-30|21|20260909T122422Z,7664e1e46e6e5762ea54d5423521fd004960a48465fbc6d1b2308d81c9c22342,NORMALIZED,PENDING,"[""fare_components_unavailable_from_source""]",H21,CANDIDATE,TOTAL_ONLY,2026-09-09 12:24:22.864030+00:00
0ba45d75-9a53-4d6b-9b0c-15689b866fc8,2026-09-09T12:24:22.864030+00:00,2026-09-30,21,DEL,BLR,DEL,BLR,DEL-BLR,6E,IndiGo,,ECONOMY,,,0,175,3:00 AM,3:00 AM,,,,,,9181.0,INR,google_flights,https://www.google.com/travel/flights?q=Flights+to+BLR+from+DEL+on+2026-09-30,html_fetch:fast-flights,DEL-BLR_apw21_20260909T122422Z_03733e4313fa.html.gz,03733e4313fa76ef1185234b76111f05a4f00d3c149703034df379680fe5fe1e,DEL-BLR|2026-09-30|21|20260909T122422Z,4e4b08c15a8094129cb72fffb9973a1e5c26debf86ec9c36976c25af9ecc2add,NORMALIZED,PENDING,"[""fare_components_unavailable_from_source""]",H21,CANDIDATE,TOTAL_ONLY,2026-09-09 12:24:22.864030+00:00
3c25dc08-273e-4b5f-abd3-8f98d99d4bc2,2026-09-09T12:24:22.864030+00:00,2026-09-30,21,DEL,BLR,DEL,BLR,DEL-BLR,AI,Air India,,ECONOMY,,,0,175,6:30 PM,6:30 PM,,,,,,9340.0,INR,google_flights,https://www.google.com/travel/flights?q=Flights+to+BLR+from+DEL+on+2026-09-30,html_fetch:fast-flights,DEL-BLR_apw21_20260909T122422Z_03733e4313fa.html.gz,03733e4313fa76ef1185234b76111f05a4f00d3c149703034df379680fe5fe1e,DEL-BLR|2026-09-30|21|20260909T122422Z,0860f692a8b37626d19c8ad7199afdd042d8f4faeaac0ea00426454f656b7e13,NORMALIZED,PENDING,"[""fare_components_unavailable_from_source""]",H21,CANDIDATE,TOTAL_ONLY,2026-09-09 12:24:22.864030+00:00
efea89b5-d2b0-40ae-ae05-43a4c5defa1d,2026-09-09T12:24:22.864030+00:00,2026-09-30,21,DEL,BLR,DEL,BLR,DEL-BLR,QP,Akasa Air,,ECONOMY,,,0,175,9:55 PM,9:55 PM,,,,,,9342.0,INR,google_flights,https://www.google.com/travel/flights?q=Flights+to+BLR+from+DEL+on+2026-09-30,html_fetch:fast-flights,DEL-BLR_apw21_20260909T122422Z_03733e4313fa.html.gz,03733e4313fa76ef1185234b76111f05a4f00d3c149703034df379680fe5fe1e,DEL-BLR|2026-09-30|21|20260909T122422Z,0c20e804bcf21903fbde880aae658abb311c4fd4796ae04e0d97d4e9485d40c7,NORMALIZED,PENDING,"[""fare_components_unavailable_from_source""]",H21,CANDIDATE,TOTAL_ONLY,2026-09-09 12:24:22.864030+00:00
40687e67-ea10-4def-a10a-97ac07fb7dea,2026-09-09T12:24:22.864030+00:00,2026-09-30,21,DEL,BLR,DEL,BLR,DEL-BLR,AI,Air India,,ECONOMY,,,0,175,9:00 PM,9:00 PM,,,,,,9378.0,INR,google_flights,https://www.google.com/travel/flights?q=Flights+to+BLR+from+DEL+on+2026-09-30,html_fetch:fast-flights,DEL-BLR_apw21_20260909T122422Z_03733e4313fa.html.gz,03733e4313fa76ef1185234b76111f05a4f00d3c149703034df379680fe5fe1e,DEL-BLR|2026-09-30|21|20260909T122422Z,dc3a12282da98a5b1cfb7be009344bcc76a76260fcfdf7ca1ed6160f152144bd,NORMALIZED,PENDING,"[""fare_components_unavailable_from_source""]",H21,CANDIDATE,TOTAL_ONLY,2026-09-09 12:24:22.864030+00:00
f63368d8-7928-41ea-9044-0f2dcb518f6e,2026-09-09T12:24:22.864030+00:00,2026-09-30,21,DEL,BLR,DEL,BLR,DEL-BLR,6E,IndiGo,,ECONOMY,,,0,175,10:00 PM,10:00 PM,,,,,,9666.0,INR,google_flights,https://www.google.com/travel/flights?q=Flights+to+BLR+from+DEL+on+2026-09-30,html_fetch:fast-flights,DEL-BLR_apw21_20260909T122422Z_03733e4313fa.html.gz,03733e4313fa76ef1185234b76111f05a4f00d3c149703034df379680fe5fe1e,DEL-BLR|2026-09-30|21|20260909T122422Z,79383dd9ebf775333b8f5603d6a864fb74f99a632b8bd314574b11ea3b6e152f,NORMALIZED,PENDING,"[""fare_components_unavailable_from_source""]",H21,CANDIDATE,TOTAL_ONLY,2026-09-09 12:24:22.864030+00:00
430ec084-90a6-4e10-8aca-0e93bafffc2b,2026-09-09T12:24:22.864030+00:00,2026-09-30,21,DEL,BLR,DEL,BLR,DEL-BLR,AI,Air India,,ECONOMY,,,0,175,12:15 AM,12:15 AM,,,,,,9676.0,INR,google_flights,https://www.google.com/travel/flights?q=Flights+to+BLR+from+DEL+on+2026-09-30,html_fetch:fast-flights,DEL-BLR_apw21_20260909T122422Z_03733e4313fa.html.gz,03733e4313fa76ef1185234b76111f05a4f00d3c149703034df379680fe5fe1e,DEL-BLR|2026-09-30|21|20260909T122422Z,686d0fb3df84d3effd09847d9b54293545410cdfc3f7cc223736ac657008379e,NORMALIZED,PENDING,"[""fare_components_unavailable_from_source""]",H21,CANDIDATE,TOTAL_ONLY,2026-09-09 12:24:22.864030+00:00
ca8cec56-8e24-45ed-b1ee-0ff23bc2711e,2026-09-09T12:24:22.864030+00:00,2026-09-30,21,DEL,BLR,DEL,BLR,DEL-BLR,AI,Air India,,ECONOMY,,,0,175,9:30 PM,9:30 PM,,,,,,9823.0,INR,google_flights,https://www.google.com/travel/flights?q=Flights+to+BLR+from+DEL+on+2026-09-30,html_fetch:fast-flights,DEL-BLR_apw21_20260909T122422Z_03733e4313fa.html.gz,03733e4313fa76ef1185234b76111f05a4f00d3c149703034df379680fe5fe1e,DEL-BLR|2026-09-30|21|20260909T122422Z,0c6c34e33932d137b0ea757d0fbda5f55a4d15cf9dfd84f01f108576e3223a33,NORMALIZED,PENDING,"[""fare_components_unavailable_from_source""]",H21,CANDIDATE,TOTAL_ONLY,2026-09-09 12:24:22.864030+00:00
9726b193-6d34-403c-abee-c9d106383b4e,2026-09-09T12:24:22.864030+00:00,2026-09-30,21,DEL,BLR,DEL,BLR,DEL-BLR,QP,Akasa Air,,ECONOMY,,,0,180,8:10 PM,8:10 PM,,,,,,10392.0,INR,google_flights,https://www.google.com/travel/flights?q=Flights+to+BLR+from+DEL+on+2026-09-30,html_fetch:fast-flights,DEL-BLR_apw21_20260909T122422Z_03733e4313fa.html.gz,03733e4313fa76ef1185234b76111f05a4f00d3c149703034df379680fe5fe1e,DEL-BLR|2026-09-30|21|20260909T122422Z,efd6cd92d67cb09aabcb651636d352015e4e734bd37b601b8201017420580d52,NORMALIZED,PENDING,"[""fare_components_unavailable_from_source""]",H21,CANDIDATE,TOTAL_ONLY,2026-09-09 12:24:22.864030+00:00
e169bc91-5ab3-4da9-a055-989b23d1b756,2026-09-09T12:24:22.864030+00:00,2026-09-30,21,DEL,BLR,DEL,BLR,DEL-BLR,AI,Air India,,ECONOMY,,,0,175,1:00 PM,1:00 PM,,,,,,11072.0,INR,google_flights,https://www.google.com/travel/flights?q=Flights+to+BLR+from+DEL+on+2026-09-30,html_fetch:fast-flights,DEL-BLR_apw21_20260909T122422Z_03733e4313fa.html.gz,03733e4313fa76ef1185234b76111f05a4f00d3c149703034df379680fe5fe1e,DEL-BLR|2026-09-30|21|20260909T122422Z,623392f9b535ee8c7a8d8f784274dc54012f6f85bac1adca12559e543be7cc9e,NORMALIZED,PENDING,"[""fare_components_unavailable_from_source""]",H21,CANDIDATE,TOTAL_ONLY,2026-09-09 12:24:22.864030+00:00
f646c176-79ea-478e-b556-53dfb8180aae,2026-09-09T12:24:22.864030+00:00,2026-09-30,21,DEL,BLR,DEL,BLR,DEL-BLR,6E,IndiGo,,ECONOMY,,,0,175,8:45 PM,8:45 PM,,,,,,11309.0,INR,google_flights,https://www.google.com/travel/flights?q=Flights+to+BLR+from+DEL+on+2026-09-30,html_fetch:fast-flights,DEL-BLR_apw21_20260909T122422Z_03733e4313fa.html.gz,03733e4313fa76ef1185234b76111f05a4f00d3c149703034df379680fe5fe1e,DEL-BLR|2026-09-30|21|20260909T122422Z,ea23b6f7bd690c10162e0ceb00dd75e8721d1dfb210c6d41c919a3a321154f86,NORMALIZED,PENDING,"[""fare_components_unavailable_from_source""]",H21,CANDIDATE,TOTAL_ONLY,2026-09-09 12:24:22.864030+00:00
435f69a3-ef5f-4a9c-9ba0-665f44e26112,2026-09-09T12:24:25.831900+00:00,2026-09-30,21,BOM,BLR,BOM,BLR,BOM-BLR,6E,IndiGo,,ECONOMY,,,0,115,4:30 AM,4:30 AM,,,,,,4945.0,INR,google_flights,https://www.google.com/travel/flights?q=Flights+to+BLR+from+BOM+on+2026-09-30,html_fetch:fast-flights,BOM-BLR_apw21_20260909T122425Z_000c95f1c4ba.html.gz,000c95f1c4ba8f128e84436002af1cd67cc84da11a6507783e8dea4a4be78045,BOM-BLR|2026-09-30|21|20260909T122425Z,47d95acb75c2b78b40862214168559176f1828930d29ac9b2b63030195f4e8b6,NORMALIZED,PENDING,"[""fare_components_unavailable_from_source""]",H21,CANDIDATE,TOTAL_ONLY,2026-09-09 12:24:25.831900+00:00
58eeb36f-026b-45cc-9196-0202a88a955c,2026-09-09T12:24:25.831900+00:00,2026-09-30,21,BOM,BLR,BOM,BLR,BOM-BLR,AI,Air India,,ECONOMY,,,0,125,2:05 AM,2:05 AM,,,,,,4948.0,INR,google_flights,https://www.google.com/travel/flights?q=Flights+to+BLR+from+BOM+on+2026-09-30,html_fetch:fast-flights,BOM-BLR_apw21_20260909T122425Z_000c95f1c4ba.html.gz,000c95f1c4ba8f128e84436002af1cd67cc84da11a6507783e8dea4a4be78045,BOM-BLR|2026-09-30|21|20260909T122425Z,37c09da68e43efc7d6903bbc98dab48377a40dedc3da1dd0590fadc3d9bab7a3,NORMALIZED,PENDING,"[""fare_components_unavailable_from_source""]",H21,CANDIDATE,TOTAL_ONLY,2026-09-09 12:24:25.831900+00:00
19b69f92-eace-4324-aa0c-9b205b619a6c,2026-09-09T12:24:25.831900+00:00,2026-09-30,21,BOM,BLR,BOM,BLR,BOM-BLR,QP,Akasa Air,,ECONOMY,,,0,110,11:20 PM,11:20 PM,,,,,,5400.0,INR,google_flights,https://www.google.com/travel/flights?q=Flights+to+BLR+from+BOM+on+2026-09-30,html_fetch:fast-flights,BOM-BLR_apw21_20260909T122425Z_000c95f1c4ba.html.gz,000c95f1c4ba8f128e84436002af1cd67cc84da11a6507783e8dea4a4be78045,BOM-BLR|2026-09-30|21|20260909T122425Z,6340ee17d8922ee95c83973e52d9a86e67459269c93c7f57e0cc284b9dc09f59,NORMALIZED,PENDING,"[""fare_components_unavailable_from_source""]",H21,CANDIDATE,TOTAL_ONLY,2026-09-09 12:24:25.831900+00:00
751b9095-a53e-4ed9-be2d-77026370fa6d,2026-09-09T12:24:25.831900+00:00,2026-09-30,21,BOM,BLR,BOM,BLR,BOM-BLR,6E,IndiGo,,ECONOMY,,,0,115,1:10 AM,1:10 AM,,,,,,4945.0,INR,google_flights,https://www.google.com/travel/flights?q=Flights+to+BLR+from+BOM+on+2026-09-30,html_fetch:fast-flights,BOM-BLR_apw21_20260909T122425Z_000c95f1c4ba.html.gz,000c95f1c4ba8f128e84436002af1cd67cc84da11a6507783e8dea4a4be78045,BOM-BLR|2026-09-30|21|20260909T122425Z,8ba22d43788502b6126e81921ab8804872c3a110ad2206567f2dc3cf6a7294f6,NORMALIZED,PENDING,"[""fare_components_unavailable_from_source""]",H21,CANDIDATE,TOTAL_ONLY,2026-09-09 12:24:25.831900+00:00
ca9ed91c-4344-4a34-b582-53f4f208781c,2026-09-09T12:24:25.831900+00:00,2026-09-30,21,BOM,BLR,BOM,BLR,BOM-BLR,QP,Akasa Air,,ECONOMY,,,0,110,12:35 AM,12:35 AM,,,,,,5400.0,INR,google_flights,https://www.google.com/travel/flights?q=Flights+to+BLR+from+BOM+on+2026-09-30,html_fetch:fast-flights,BOM-BLR_apw21_20260909T122425Z_000c95f1c4ba.html.gz,000c95f1c4ba8f128e84436002af1cd67cc84da11a6507783e8dea4a4be78045,BOM-BLR|2026-09-30|21|20260909T122425Z,8df7c87425747ed6a473e174c27023c6372c8f359ab3d364f9d52b3405ced556,NORMALIZED,PENDING,"[""fare_components_unavailable_from_source""]",H21,CANDIDATE,TOTAL_ONLY,2026-09-09 12:24:25.831900+00:00
7f929d8e-74f7-47e9-b36b-cc6a6c483d3f,2026-09-09T12:24:25.831900+00:00,2026-09-30,21,BOM,BLR,BOM,BLR,BOM-BLR,QP,Akasa Air,,ECONOMY,,,0,115,5:30 AM,5:30 AM,,,,,,5400.0,INR,google_flights,https://www.google.com/travel/flights?q=Flights+to+BLR+from+BOM+on+2026-09-30,html_fetch:fast-flights,BOM-BLR_apw21_20260909T122425Z_000c95f1c4ba.html.gz,000c95f1c4ba8f128e84436002af1cd67cc84da11a6507783e8dea4a4be78045,BOM-BLR|2026-09-30|21|20260909T122425Z,08cc1bb165f9fdc6fe4aed78f1d448ae5d15702f2e70f26f76a2442a6825487d,NORMALIZED,PENDING,"[""fare_components_unavailable_from_source""]",H21,CANDIDATE,TOTAL_ONLY,2026-09-09 12:24:25.831900+00:00
3704aa69-cfd2-4b8c-a4af-5e505f6871e3,2026-09-09T12:24:25.831900+00:00,2026-09-30,21,BOM,BLR,BOM,BLR,BOM-BLR,QP,Akasa Air,,ECONOMY,,,0,120,7:35 AM,7:35 AM,,,,,,5400.0,INR,google_flights,https://www.google.com/travel/flights?q=Flights+to+BLR+from+BOM+on+2026-09-30,html_fetch:fast-flights,BOM-BLR_apw21_20260909T122425Z_000c95f1c4ba.html.gz,000c95f1c4ba8f128e84436002af1cd67cc84da11a6507783e8dea4a4be78045,BOM-BLR|2026-09-30|21|20260909T122425Z,2dabf3f84d5f397cf36773e5ae178f435fd56d863dcaf9c94e4c8c33699da554,NORMALIZED,PENDING,"[""fare_components_unavailable_from_source""]",H21,CANDIDATE,TOTAL_ONLY,2026-09-09 12:24:25.831900+00:00
9c9aa65f-28be-4178-9252-7c2c093ab751,2026-09-09T12:24:25.831900+00:00,2026-09-30,21,BOM,BLR,BOM,BLR,BOM-BLR,AI,Air India,,ECONOMY,,,0,125,11:30 PM,11:30 PM,,,,,,6623.0,INR,google_flights,https://www.google.com/travel/flights?q=Flights+to+BLR+from+BOM+on+2026-09-30,html_fetch:fast-flights,BOM-BLR_apw21_20260909T122425Z_000c95f1c4ba.html.gz,000c95f1c4ba8f128e84436002af1cd67cc84da11a6507783e8dea4a4be78045,BOM-BLR|2026-09-30|21|20260909T122425Z,fc60afaa4294e444f2a018547d9eed67a48d6cf02ca871545512ab8888988a05,NORMALIZED,PENDING,"[""fare_components_unavailable_from_source""]",H21,CANDIDATE,TOTAL_ONLY,2026-09-09 12:24:25.831900+00:00
cbf7ce33-90ae-4475-8bec-17a53b091bd9,2026-09-09T12:24:25.831900+00:00,2026-09-30,21,BOM,BLR,BOM,BLR,BOM-BLR,QP,Akasa Air,,ECONOMY,,,0,110,9:45 PM,9:45 PM,,,,,,6735.0,INR,google_flights,https://www.google.com/travel/flights?q=Flights+to+BLR+from+BOM+on+2026-09-30,html_fetch:fast-flights,BOM-BLR_apw21_20260909T122425Z_000c95f1c4ba.html.gz,000c95f1c4ba8f128e84436002af1cd67cc84da11a6507783e8dea4a4be78045,BOM-BLR|2026-09-30|21|20260909T122425Z,ce8c19899719564bc163ba7dd10bf0fbf7b2dd4de25f563941aa66f4d9466a13,NORMALIZED,PENDING,"[""fare_components_unavailable_from_source""]",H21,CANDIDATE,TOTAL_ONLY,2026-09-09 12:24:25.831900+00:00
7774eba5-fac7-4c33-a44b-f797c7c70cb3,2026-09-09T12:24:25.831900+00:00,2026-09-30,21,BOM,BLR,BOM,BLR,BOM-BLR,6E,IndiGo,,ECONOMY,,,0,115,6:30 AM,6:30 AM,,,,,,6957.0,INR,google_flights,https://www.google.com/travel/flights?q=Flights+to+BLR+from+BOM+on+2026-09-30,html_fetch:fast-flights,BOM-BLR_apw21_20260909T122425Z_000c95f1c4ba.html.gz,000c95f1c4ba8f128e84436002af1cd67cc84da11a6507783e8dea4a4be78045,BOM-BLR|2026-09-30|21|20260909T122425Z,3255dbb3439b87803e664e0ad49af81d5e465366ff89192c95f6f47ab6696c62,NORMALIZED,PENDING,"[""fare_components_unavailable_from_source""]",H21,CANDIDATE,TOTAL_ONLY,2026-09-09 12:24:25.831900+00:00
1550c5b2-4d7f-4692-8b10-81b07af3c775,2026-09-09T12:24:25.831900+00:00,2026-09-30,21,BOM,BLR,BOM,BLR,BOM-BLR,6E,IndiGo,,ECONOMY,,,0,110,8:05 AM,8:05 AM,,,,,,6957.0,INR,google_flights,https://www.google.com/travel/flights?q=Flights+to+BLR+from+BOM+on+2026-09-30,html_fetch:fast-flights,BOM-BLR_apw21_20260909T122425Z_000c95f1c4ba.html.gz,000c95f1c4ba8f128e84436002af1cd67cc84da11a6507783e8dea4a4be78045,BOM-BLR|2026-09-30|21|20260909T122425Z,7e5fb8e488ef4d302d9e63d20d9e9ddb7e6dcbb52a0e256f28b61ff73e01881c,NORMALIZED,PENDING,"[""fare_components_unavailable_from_source""]",H21,CANDIDATE,TOTAL_ONLY,2026-09-09 12:24:25.831900+00:00
110a1688-7410-4904-8fe9-659378f5d7f8,2026-09-09T12:24:25.831900+00:00,2026-09-30,21,BOM,BLR,BOM,BLR,BOM-BLR,6E,IndiGo,,ECONOMY,,,0,125,9:50 AM,9:50 AM,,,,,,6957.0,INR,google_flights,https://www.google.com/travel/flights?q=Flights+to+BLR+from+BOM+on+2026-09-30,html_fetch:fast-flights,BOM-BLR_apw21_20260909T122425Z_000c95f1c4ba.html.gz,000c95f1c4ba8f128e84436002af1cd67cc84da11a6507783e8dea4a4be78045,BOM-BLR|2026-09-30|21|20260909T122425Z,08056011a985557ad941921e98f4e65776474aba7f97820ae67024b6bc9b5e3b,NORMALIZED,PENDING,"[""fare_components_unavailable_from_source""]",H21,CANDIDATE,TOTAL_ONLY,2026-09-09 12:24:25.831900+00:00
8f643a1e-008e-4a85-9f10-0f5a5ef6a9cf,2026-09-09T12:24:25.831900+00:00,2026-09-30,21,BOM,BLR,BOM,BLR,BOM-BLR,6E,IndiGo,,ECONOMY,,,0,115,11:00 AM,11:00 AM,,,,,,6957.0,INR,google_flights,https://www.google.com/travel/flights?q=Flights+to+BLR+from+BOM+on+2026-09-30,html_fetch:fast-flights,BOM-BLR_apw21_20260909T122425Z_000c95f1c4ba.html.gz,000c95f1c4ba8f128e84436002af1cd67cc84da11a6507783e8dea4a4be78045,BOM-BLR|2026-09-30|21|20260909T122425Z,adbc304f5449b1462e25dac396f0a5ef5974d47328fb3b0e9a734b62c5ecbfae,NORMALIZED,PENDING,"[""fare_components_unavailable_from_source""]",H21,CANDIDATE,TOTAL_ONLY,2026-09-09 12:24:25.831900+00:00
d0423314-5944-4b65-8a74-0ed406231341,2026-09-09T12:24:25.831900+00:00,2026-09-30,21,BOM,BLR,BOM,BLR,BOM-BLR,6E,IndiGo,,ECONOMY,,,0,115,12:30 PM,12:30 PM,,,,,,6957.0,INR,google_flights,https://www.google.com/travel/flights?q=Flights+to+BLR+from+BOM+on+2026-09-30,html_fetch:fast-flights,BOM-BLR_apw21_20260909T122425Z_000c95f1c4ba.html.gz,000c95f1c4ba8f128e84436002af1cd67cc84da11a6507783e8dea4a4be78045,BOM-BLR|2026-09-30|21|20260909T122425Z,ffaa6ed390e112b2461cdddc991dbbadfad524b97fcfee259d52819b185d0605,NORMALIZED,PENDING,"[""fare_components_unavailable_from_source""]",H21,CANDIDATE,TOTAL_ONLY,2026-09-09 12:24:25.831900+00:00
d42b1385-857c-429d-ba23-3c5736ea4dc1,2026-09-09T12:24:25.831900+00:00,2026-09-30,21,BOM,BLR,BOM,BLR,BOM-BLR,6E,IndiGo,,ECONOMY,,,0,115,2:30 PM,2:30 PM,,,,,,6957.0,INR,google_flights,https://www.google.com/travel/flights?q=Flights+to+BLR+from+BOM+on+2026-09-30,html_fetch:fast-flights,BOM-BLR_apw21_20260909T122425Z_000c95f1c4ba.html.gz,000c95f1c4ba8f128e84436002af1cd67cc84da11a6507783e8dea4a4be78045,BOM-BLR|2026-09-30|21|20260909T122425Z,a6497fba0859e870b77850076391c4f102ad07b29f6fb7bac78cc8f084ae8e04,NORMALIZED,PENDING,"[""fare_components_unavailable_from_source""]",H21,CANDIDATE,TOTAL_ONLY,2026-09-09 12:24:25.831900+00:00
4797563d-9bed-4b18-8bd4-a974375dbeb1,2026-09-09T12:24:25.831900+00:00,2026-09-30,21,BOM,BLR,BOM,BLR,BOM-BLR,6E,IndiGo,,ECONOMY,,,0,110,3:35 PM,3:35 PM,,,,,,6957.0,INR,google_flights,https://www.google.com/travel/flights?q=Flights+to+BLR+from+BOM+on+2026-09-30,html_fetch:fast-flights,BOM-BLR_apw21_20260909T122425Z_000c95f1c4ba.html.gz,000c95f1c4ba8f128e84436002af1cd67cc84da11a6507783e8dea4a4be78045,BOM-BLR|2026-09-30|21|20260909T122425Z,6f749116c6cad5c634b0e1e7194599cab62b3aedf64103a1c4e71145fb9e2beb,NORMALIZED,PENDING,"[""fare_components_unavailable_from_source""]",H21,CANDIDATE,TOTAL_ONLY,2026-09-09 12:24:25.831900+00:00
5b48b280-944f-477a-adc0-35a38e99bd69,2026-09-09T12:24:25.831900+00:00,2026-09-30,21,BOM,BLR,BOM,BLR,BOM-BLR,6E,IndiGo,,ECONOMY,,,0,115,5:00 PM,5:00 PM,,,,,,6957.0,INR,google_flights,https://www.google.com/travel/flights?q=Flights+to+BLR+from+BOM+on+2026-09-30,html_fetch:fast-flights,BOM-BLR_apw21_20260909T122425Z_000c95f1c4ba.html.gz,000c95f1c4ba8f128e84436002af1cd67cc84da11a6507783e8dea4a4be78045,BOM-BLR|2026-09-30|21|20260909T122425Z,b993189e4ec825553eca4b4543fa3bee4bce2eb68e0dea7c9f463a62489a9438,NORMALIZED,PENDING,"[""fare_components_unavailable_from_source""]",H21,CANDIDATE,TOTAL_ONLY,2026-09-09 12:24:25.831900+00:00
afe00dbf-6f30-4855-a346-a02715f24ef7,2026-09-09T12:24:25.831900+00:00,2026-09-30,21,BOM,BLR,BOM,BLR,BOM-BLR,6E,IndiGo,,ECONOMY,,,0,115,6:30 PM,6:30 PM,,,,,,6957.0,INR,google_flights,https://www.google.com/travel/flights?q=Flights+to+BLR+from+BOM+on+2026-09-30,html_fetch:fast-flights,BOM-BLR_apw21_20260909T122425Z_000c95f1c4ba.html.gz,000c95f1c4ba8f128e84436002af1cd67cc84da11a6507783e8dea4a4be78045,BOM-BLR|2026-09-30|21|20260909T122425Z,acbfd4a2e05dd783632867473d55a6386a83f6c663073b8b8b03db494676603e,NORMALIZED,PENDING,"[""fare_components_unavailable_from_source""]",H21,CANDIDATE,TOTAL_ONLY,2026-09-09 12:24:25.831900+00:00
b083930f-64a9-4b51-afad-055582279c18,2026-09-09T12:24:25.831900+00:00,2026-09-30,21,BOM,BLR,BOM,BLR,BOM-BLR,6E,IndiGo,,ECONOMY,,,0,110,7:55 PM,7:55 PM,,,,,,6957.0,INR,google_flights,https://www.google.com/travel/flights?q=Flights+to+BLR+from+BOM+on+2026-09-30,html_fetch:fast-flights,BOM-BLR_apw21_20260909T122425Z_000c95f1c4ba.html.gz,000c95f1c4ba8f128e84436002af1cd67cc84da11a6507783e8dea4a4be78045,BOM-BLR|2026-09-30|21|20260909T122425Z,5e514c2e2e9ce9b490324228ac262897abe216eda68cda4fc9d5a1c76692e01d,NORMALIZED,PENDING,"[""fare_components_unavailable_from_source""]",H21,CANDIDATE,TOTAL_ONLY,2026-09-09 12:24:25.831900+00:00
b3bc5783-2489-49df-8f07-a3a3e40d32b4,2026-09-09T12:24:25.831900+00:00,2026-09-30,21,BOM,BLR,BOM,BLR,BOM-BLR,6E,IndiGo,,ECONOMY,,,0,115,9:30 PM,9:30 PM,,,,,,6957.0,INR,google_flights,https://www.google.com/travel/flights?q=Flights+to+BLR+from+BOM+on+2026-09-30,html_fetch:fast-flights,BOM-BLR_apw21_20260909T122425Z_000c95f1c4ba.html.gz,000c95f1c4ba8f128e84436002af1cd67cc84da11a6507783e8dea4a4be78045,BOM-BLR|2026-09-30|21|20260909T122425Z,41ee4e7a615413a10418306f55b2f45b5917ec81d246551a2021c3bea1ede561,NORMALIZED,PENDING,"[""fare_components_unavailable_from_source""]",H21,CANDIDATE,TOTAL_ONLY,2026-09-09 12:24:25.831900+00:00
d16fe240-cf9e-4290-800b-f21a4059bbf3,2026-09-09T12:24:25.831900+00:00,2026-09-30,21,BOM,BLR,BOM,BLR,BOM-BLR,6E,IndiGo,,ECONOMY,,,0,120,10:20 PM,10:20 PM,,,,,,6957.0,INR,google_flights,https://www.google.com/travel/flights?q=Flights+to+BLR+from+BOM+on+2026-09-30,html_fetch:fast-flights,BOM-BLR_apw21_20260909T122425Z_000c95f1c4ba.html.gz,000c95f1c4ba8f128e84436002af1cd67cc84da11a6507783e8dea4a4be78045,BOM-BLR|2026-09-30|21|20260909T122425Z,3255de71099d20e89c2d936c7cf8c5bc4f63e430eb28849184e6e4ef7de04176,NORMALIZED,PENDING,"[""fare_components_unavailable_from_source""]",H21,CANDIDATE,TOTAL_ONLY,2026-09-09 12:24:25.831900+00:00
c41aeadb-334c-46d9-b4a0-c1fa94cb107a,2026-09-09T12:24:25.831900+00:00,2026-09-30,21,BOM,BLR,BOM,BLR,BOM-BLR,AI,Air India,,ECONOMY,,,0,125,12:00 PM,12:00 PM,,,,,,7117.0,INR,google_flights,https://www.google.com/travel/flights?q=Flights+to+BLR+from+BOM+on+2026-09-30,html_fetch:fast-flights,BOM-BLR_apw21_20260909T122425Z_000c95f1c4ba.html.gz,000c95f1c4ba8f128e84436002af1cd67cc84da11a6507783e8dea4a4be78045,BOM-BLR|2026-09-30|21|20260909T122425Z,38c8c863a62a4476518d15d72195cd36ef44c0ade09dcca41c49643314ac65a6,NORMALIZED,PENDING,"[""fare_components_unavailable_from_source""]",H21,CANDIDATE,TOTAL_ONLY,2026-09-09 12:24:25.831900+00:00
c1a11767-f765-40a3-91bc-4393594bc5b0,2026-09-09T12:24:25.831900+00:00,2026-09-30,21,BOM,BLR,BOM,BLR,BOM-BLR,AI,Air India,,ECONOMY,,,0,130,3:25 PM,3:25 PM,,,,,,7117.0,INR,google_flights,https://www.google.com/travel/flights?q=Flights+to+BLR+from+BOM+on+2026-09-30,html_fetch:fast-flights,BOM-BLR_apw21_20260909T122425Z_000c95f1c4ba.html.gz,000c95f1c4ba8f128e84436002af1cd67cc84da11a6507783e8dea4a4be78045,BOM-BLR|2026-09-30|21|20260909T122425Z,381a2eb1bca14a6981af66e586374a9552f09def398b7ed284a2eaa53044e480,NORMALIZED,PENDING,"[""fare_components_unavailable_from_source""]",H21,CANDIDATE,TOTAL_ONLY,2026-09-09 12:24:25.831900+00:00
3a033d54-a3ca-4714-975c-bd6406575350,2026-09-09T12:24:25.831900+00:00,2026-09-30,21,BOM,BLR,BOM,BLR,BOM-BLR,QP,Akasa Air,,ECONOMY,,,0,110,6:25 PM,6:25 PM,,,,,,7264.0,INR,google_flights,https://www.google.com/travel/flights?q=Flights+to+BLR+from+BOM+on+2026-09-30,html_fetch:fast-flights,BOM-BLR_apw21_20260909T122425Z_000c95f1c4ba.html.gz,000c95f1c4ba8f128e84436002af1cd67cc84da11a6507783e8dea4a4be78045,BOM-BLR|2026-09-30|21|20260909T122425Z,904c435f51c45a815f59e98448ccc4055c0422e29ced17c7a36e193a4039266e,NORMALIZED,PENDING,"[""fare_components_unavailable_from_source""]",H21,CANDIDATE,TOTAL_ONLY,2026-09-09 12:24:25.831900+00:00
29f4aaf2-df25-4cb9-92f9-91b831aaf49a,2026-09-09T12:24:25.831900+00:00,2026-09-30,21,BOM,BLR,BOM,BLR,BOM-BLR,QP,Akasa Air,,ECONOMY,,,0,125,7:40 PM,7:40 PM,,,,,,7264.0,INR,google_flights,https://www.google.com/travel/flights?q=Flights+to+BLR+from+BOM+on+2026-09-30,html_fetch:fast-flights,BOM-BLR_apw21_20260909T122425Z_000c95f1c4ba.html.gz,000c95f1c4ba8f128e84436002af1cd67cc84da11a6507783e8dea4a4be78045,BOM-BLR|2026-09-30|21|20260909T122425Z,78743095b7b5a5846a2597f7fa785b8bb89d5f0ba8e98933f852d8167064cc28,NORMALIZED,PENDING,"[""fare_components_unavailable_from_source""]",H21,CANDIDATE,TOTAL_ONLY,2026-09-09 12:24:25.831900+00:00
be263b40-5151-4803-bd87-b8adb1c4dc08,2026-09-09T12:24:25.831900+00:00,2026-09-30,21,BOM,BLR,BOM,BLR,BOM-BLR,AI,Air India,,ECONOMY,,,0,120,6:35 AM,6:35 AM,,,,,,7353.0,INR,google_flights,https://www.google.com/travel/flights?q=Flights+to+BLR+from+BOM+on+2026-09-30,html_fetch:fast-flights,BOM-BLR_apw21_20260909T122425Z_000c95f1c4ba.html.gz,000c95f1c4ba8f128e84436002af1cd67cc84da11a6507783e8dea4a4be78045,BOM-BLR|2026-09-30|21|20260909T122425Z,5a59dc7708d389f09c2da979a418bc9e203236a8d83a57e049ddea2b5f9879e5,NORMALIZED,PENDING,"[""fare_components_unavailable_from_source""]",H21,CANDIDATE,TOTAL_ONLY,2026-09-09 12:24:25.831900+00:00
c8e803f8-0d72-4caa-97da-2e970c74443e,2026-09-09T12:24:25.831900+00:00,2026-09-30,21,BOM,BLR,BOM,BLR,BOM-BLR,AI,Air India,,ECONOMY,,,0,125,10:00 AM,10:00 AM,,,,,,7353.0,INR,google_flights,https://www.google.com/travel/flights?q=Flights+to+BLR+from+BOM+on+2026-09-30,html_fetch:fast-flights,BOM-BLR_apw21_20260909T122425Z_000c95f1c4ba.html.gz,000c95f1c4ba8f128e84436002af1cd67cc84da11a6507783e8dea4a4be78045,BOM-BLR|2026-09-30|21|20260909T122425Z,f2564f7f6d83ae88d1e2016c81ccf40656f47bf7ee81364e6d0c9b03d5d4a1ad,NORMALIZED,PENDING,"[""fare_components_unavailable_from_source""]",H21,CANDIDATE,TOTAL_ONLY,2026-09-09 12:24:25.831900+00:00
fcc63a0f-f11e-4e2f-b8ad-c23846ab8392,2026-09-09T12:24:25.831900+00:00,2026-09-30,21,BOM,BLR,BOM,BLR,BOM-BLR,AI,Air India,,ECONOMY,,,0,125,5:30 PM,5:30 PM,,,,,,7353.0,INR,google_flights,https://www.google.com/travel/flights?q=Flights+to+BLR+from+BOM+on+2026-09-30,html_fetch:fast-flights,BOM-BLR_apw21_20260909T122425Z_000c95f1c4ba.html.gz,000c95f1c4ba8f128e84436002af1cd67cc84da11a6507783e8dea4a4be78045,BOM-BLR|2026-09-30|21|20260909T122425Z,d019aea9e114beae908d56528b3d00fd4ea0f027959b7c6e655665b16ba29e08,NORMALIZED,PENDING,"[""fare_components_unavailable_from_source""]",H21,CANDIDATE,TOTAL_ONLY,2026-09-09 12:24:25.831900+00:00
da4db647-1009-4f88-b9ea-d7b16f1c0436,2026-09-09T12:24:25.831900+00:00,2026-09-30,21,BOM,BLR,BOM,BLR,BOM-BLR,AI,Air India,,ECONOMY,,,0,120,8:45 PM,8:45 PM,,,,,,7411.0,INR,google_flights,https://www.google.com/travel/flights?q=Flights+to+BLR+from+BOM+on+2026-09-30,html_fetch:fast-flights,BOM-BLR_apw21_20260909T122425Z_000c95f1c4ba.html.gz,000c95f1c4ba8f128e84436002af1cd67cc84da11a6507783e8dea4a4be78045,BOM-BLR|2026-09-30|21|20260909T122425Z,0e0e717ed7e44aee72eff3448130c0f12a3dd88121f8c4ef105ae168c672ca68,NORMALIZED,PENDING,"[""fare_components_unavailable_from_source""]",H21,CANDIDATE,TOTAL_ONLY,2026-09-09 12:24:25.831900+00:00
08e04d15-4a19-4c39-8047-85c4728100c7,2026-09-09T12:24:25.831900+00:00,2026-09-30,21,BOM,BLR,BOM,BLR,BOM-BLR,AI,Air India,,ECONOMY,,,0,130,7:55 AM,7:55 AM,,,,,,7468.0,INR,google_flights,https://www.google.com/travel/flights?q=Flights+to+BLR+from+BOM+on+2026-09-30,html_fetch:fast-flights,BOM-BLR_apw21_20260909T122425Z_000c95f1c4ba.html.gz,000c95f1c4ba8f128e84436002af1cd67cc84da11a6507783e8dea4a4be78045,BOM-BLR|2026-09-30|21|20260909T122425Z,327bf02a6381c165852c793cd6fe4a375a3eee8900263a8e564699f81e811120,NORMALIZED,PENDING,"[""fare_components_unavailable_from_source""]",H21,CANDIDATE,TOTAL_ONLY,2026-09-09 12:24:25.831900+00:00
a402abba-84a0-421e-9d0e-934aea45a58f,2026-09-09T12:24:25.831900+00:00,2026-09-30,21,BOM,BLR,BOM,BLR,BOM-BLR,AI,Air India,,ECONOMY,,,0,125,6:30 PM,6:30 PM,,,,,,7468.0,INR,google_flights,https://www.google.com/travel/flights?q=Flights+to+BLR+from+BOM+on+2026-09-30,html_fetch:fast-flights,BOM-BLR_apw21_20260909T122425Z_000c95f1c4ba.html.gz,000c95f1c4ba8f128e84436002af1cd67cc84da11a6507783e8dea4a4be78045,BOM-BLR|2026-09-30|21|20260909T122425Z,7705ca9ab0dd080dc83cc75961b187b772043c45bc9fbab842a1e472c9b9e8bc,NORMALIZED,PENDING,"[""fare_components_unavailable_from_source""]",H21,CANDIDATE,TOTAL_ONLY,2026-09-09 12:24:25.831900+00:00
edbea299-122c-44b1-a026-42bdd345bd30,2026-09-09T12:24:25.831900+00:00,2026-09-30,21,BOM,BLR,BOM,BLR,BOM-BLR,QP,Akasa Air,,ECONOMY,,,0,115,8:45 AM,8:45 AM,,,,,,7549.0,INR,google_flights,https://www.google.com/travel/flights?q=Flights+to+BLR+from+BOM+on+2026-09-30,html_fetch:fast-flights,BOM-BLR_apw21_20260909T122425Z_000c95f1c4ba.html.gz,000c95f1c4ba8f128e84436002af1cd67cc84da11a6507783e8dea4a4be78045,BOM-BLR|2026-09-30|21|20260909T122425Z,641da9d62d69ab940866d53bf738159ccfe9f96a46c961e592f2b8b9d6ad5102,NORMALIZED,PENDING,"[""fare_components_unavailable_from_source""]",H21,CANDIDATE,TOTAL_ONLY,2026-09-09 12:24:25.831900+00:00
76da1d31-d318-4319-a759-33820e7a5dec,2026-09-09T12:24:25.831900+00:00,2026-09-30,21,BOM,BLR,BOM,BLR,BOM-BLR,AI,Air India,,ECONOMY,,,0,125,7:45 PM,7:45 PM,,,,,,8072.0,INR,google_flights,https://www.google.com/travel/flights?q=Flights+to+BLR+from+BOM+on+2026-09-30,html_fetch:fast-flights,BOM-BLR_apw21_20260909T122425Z_000c95f1c4ba.html.gz,000c95f1c4ba8f128e84436002af1cd67cc84da11a6507783e8dea4a4be78045,BOM-BLR|2026-09-30|21|20260909T122425Z,fc8c40b2678e3397e5fb04a4ab0f99d18be4487f46d992cf2af1fb24a4adfbac,NORMALIZED,PENDING,"[""fare_components_unavailable_from_source""]",H21,CANDIDATE,TOTAL_ONLY,2026-09-09 12:24:25.831900+00:00
c1494dbd-9ff2-4139-8ea8-412ae47381b2,2026-09-09T12:24:28.822571+00:00,2026-09-30,21,DEL,MAA,DEL,MAA,DEL-MAA,6E,IndiGo,,ECONOMY,,,1,335,2:45 PM,2:45 PM,,,,,,9815.0,INR,google_flights,https://www.google.com/travel/flights?q=Flights+to+MAA+from+DEL+on+2026-09-30,html_fetch:fast-flights,DEL-MAA_apw21_20260909T122428Z_ecca6ebda75b.html.gz,ecca6ebda75b078208c4185adecb1b448b927ee682c313f434964ad23c9c1d2e,DEL-MAA|2026-09-30|21|20260909T122428Z,7254b16eb928c98c07ab0a33f956188198fd6c90f9bb51bcc3ee1cf2d1be6616,NORMALIZED,PENDING,"[""fare_components_unavailable_from_source""]",H21,CANDIDATE,TOTAL_ONLY,2026-09-09 12:24:28.822571+00:00
f4ce152a-f2db-4be4-b601-0c760dffab2a,2026-09-09T12:24:28.822571+00:00,2026-09-30,21,DEL,MAA,DEL,MAA,DEL-MAA,6E,IndiGo,,ECONOMY,,,0,170,1:10 PM,1:10 PM,,,,,,9897.0,INR,google_flights,https://www.google.com/travel/flights?q=Flights+to+MAA+from+DEL+on+2026-09-30,html_fetch:fast-flights,DEL-MAA_apw21_20260909T122428Z_ecca6ebda75b.html.gz,ecca6ebda75b078208c4185adecb1b448b927ee682c313f434964ad23c9c1d2e,DEL-MAA|2026-09-30|21|20260909T122428Z,b9f9974ce1067176a47b1a14214c362f4454ef149e07f555eb1aabf4328bf559,NORMALIZED,PENDING,"[""fare_components_unavailable_from_source""]",H21,CANDIDATE,TOTAL_ONLY,2026-09-09 12:24:28.822571+00:00
d1f031bd-69e7-43da-a5d8-251e6647eee4,2026-09-09T12:24:28.822571+00:00,2026-09-30,21,DEL,MAA,DEL,MAA,DEL-MAA,AI,Air India,,ECONOMY,,,0,170,12:20 PM,12:20 PM,,,,,,10058.0,INR,google_flights,https://www.google.com/travel/flights?q=Flights+to+MAA+from+DEL+on+2026-09-30,html_fetch:fast-flights,DEL-MAA_apw21_20260909T122428Z_ecca6ebda75b.html.gz,ecca6ebda75b078208c4185adecb1b448b927ee682c313f434964ad23c9c1d2e,DEL-MAA|2026-09-30|21|20260909T122428Z,1704bb30333b0eca6661b045953f98f8adad89e8649a19b7e2233c8894f388e5,NORMALIZED,PENDING,"[""fare_components_unavailable_from_source""]",H21,CANDIDATE,TOTAL_ONLY,2026-09-09 12:24:28.822571+00:00
5e575232-3116-42ba-9540-3470a9718863,2026-09-09T12:24:28.822571+00:00,2026-09-30,21,DEL,MAA,DEL,MAA,DEL-MAA,6E,IndiGo,,ECONOMY,,,1,335,9:55 AM,9:55 AM,,,,,,9815.0,INR,google_flights,https://www.google.com/travel/flights?q=Flights+to+MAA+from+DEL+on+2026-09-30,html_fetch:fast-flights,DEL-MAA_apw21_20260909T122428Z_ecca6ebda75b.html.gz,ecca6ebda75b078208c4185adecb1b448b927ee682c313f434964ad23c9c1d2e,DEL-MAA|2026-09-30|21|20260909T122428Z,e6351fbfd86d47570239a039b67126dfcef9547577c4e9290134fca5d75454cf,NORMALIZED,PENDING,"[""fare_components_unavailable_from_source""]",H21,CANDIDATE,TOTAL_ONLY,2026-09-09 12:24:28.822571+00:00
ba094f5d-054a-4ef9-a80f-af0d4464a2a4,2026-09-09T12:24:28.822571+00:00,2026-09-30,21,DEL,MAA,DEL,MAA,DEL-MAA,6E,IndiGo,,ECONOMY,,,1,350,4:15 PM,4:15 PM,,,,,,9815.0,INR,google_flights,https://www.google.com/travel/flights?q=Flights+to+MAA+from+DEL+on+2026-09-30,html_fetch:fast-flights,DEL-MAA_apw21_20260909T122428Z_ecca6ebda75b.html.gz,ecca6ebda75b078208c4185adecb1b448b927ee682c313f434964ad23c9c1d2e,DEL-MAA|2026-09-30|21|20260909T122428Z,11eaea84a72bc72eb43f8cb266b361db8670b07a55fb2b7aaed7fb7f5896b689,NORMALIZED,PENDING,"[""fare_components_unavailable_from_source""]",H21,CANDIDATE,TOTAL_ONLY,2026-09-09 12:24:28.822571+00:00
d434318c-1f2d-4347-8d56-ac76804cb3b4,2026-09-09T12:24:28.822571+00:00,2026-09-30,21,DEL,MAA,DEL,MAA,DEL-MAA,6E,IndiGo,,ECONOMY,,,1,350,5:20 PM,5:20 PM,,,,,,9815.0,INR,google_flights,https://www.google.com/travel/flights?q=Flights+to+MAA+from+DEL+on+2026-09-30,html_fetch:fast-flights,DEL-MAA_apw21_20260909T122428Z_ecca6ebda75b.html.gz,ecca6ebda75b078208c4185adecb1b448b927ee682c313f434964ad23c9c1d2e,DEL-MAA|2026-09-30|21|20260909T122428Z,4f442fb2768ab4add5ee406654577f4b3e495582124388bcb4777907f7ab8a0f,NORMALIZED,PENDING,"[""fare_components_unavailable_from_source""]",H21,CANDIDATE,TOTAL_ONLY,2026-09-09 12:24:28.822571+00:00
09bf92f5-dc87-4295-9919-8fd287f73c88,2026-09-09T12:24:28.822571+00:00,2026-09-30,21,DEL,MAA,DEL,MAA,DEL-MAA,6E,IndiGo,,ECONOMY,,,1,340,11:10 AM,11:10 AM,,,,,,9894.0,INR,google_flights,https://www.google.com/travel/flights?q=Flights+to+MAA+from+DEL+on+2026-09-30,html_fetch:fast-flights,DEL-MAA_apw21_20260909T122428Z_ecca6ebda75b.html.gz,ecca6ebda75b078208c4185adecb1b448b927ee682c313f434964ad23c9c1d2e,DEL-MAA|2026-09-30|21|20260909T122428Z,a41447f704d40a550311900ffb811c2e5ff435a078d14e02220396b10c7e84ad,NORMALIZED,PENDING,"[""fare_components_unavailable_from_source""]",H21,CANDIDATE,TOTAL_ONLY,2026-09-09 12:24:28.822571+00:00
979dd704-0427-4941-be8a-150d327ea5f7,2026-09-09T12:24:28.822571+00:00,2026-09-30,21,DEL,MAA,DEL,MAA,DEL-MAA,6E,IndiGo,,ECONOMY,,,0,170,7:15 AM,7:15 AM,,,,,,9897.0,INR,google_flights,https://www.google.com/travel/flights?q=Flights+to+MAA+from+DEL+on+2026-09-30,html_fetch:fast-flights,DEL-MAA_apw21_20260909T122428Z_ecca6ebda75b.html.gz,ecca6ebda75b078208c4185adecb1b448b927ee682c313f434964ad23c9c1d2e,DEL-MAA|2026-09-30|21|20260909T122428Z,04dd4271ab3f0fbe81fc72ef0c06467bf5aca9698064929dedbd0c9eb70ad915,NORMALIZED,PENDING,"[""fare_components_unavailable_from_source""]",H21,CANDIDATE,TOTAL_ONLY,2026-09-09 12:24:28.822571+00:00
0a48a0d9-192e-4a07-beb0-259b40128c31,2026-09-09T12:24:28.822571+00:00,2026-09-30,21,DEL,MAA,DEL,MAA,DEL-MAA,6E,IndiGo,,ECONOMY,,,0,170,9:15 AM,9:15 AM,,,,,,9897.0,INR,google_flights,https://www.google.com/travel/flights?q=Flights+to+MAA+from+DEL+on+2026-09-30,html_fetch:fast-flights,DEL-MAA_apw21_20260909T122428Z_ecca6ebda75b.html.gz,ecca6ebda75b078208c4185adecb1b448b927ee682c313f434964ad23c9c1d2e,DEL-MAA|2026-09-30|21|20260909T122428Z,72494aa4b03511fd8c696ad6dd0663c90bc31181a0efd745f2d5b7d18f0e6cb9,NORMALIZED,PENDING,"[""fare_components_unavailable_from_source""]",H21,CANDIDATE,TOTAL_ONLY,2026-09-09 12:24:28.822571+00:00
c3bbb8d8-6126-446e-8758-8abdd3a1e784,2026-09-09T12:24:28.822571+00:00,2026-09-30,21,DEL,MAA,DEL,MAA,DEL-MAA,6E,IndiGo,,ECONOMY,,,0,170,11:00 AM,11:00 AM,,,,,,9897.0,INR,google_flights,https://www.google.com/travel/flights?q=Flights+to+MAA+from+DEL+on+2026-09-30,html_fetch:fast-flights,DEL-MAA_apw21_20260909T122428Z_ecca6ebda75b.html.gz,ecca6ebda75b078208c4185adecb1b448b927ee682c313f434964ad23c9c1d2e,DEL-MAA|2026-09-30|21|20260909T122428Z,c670d36fe5a4985d92aa8c94f1bb00232cf70c4deda37b02e1478a575e88fda3,NORMALIZED,PENDING,"[""fare_components_unavailable_from_source""]",H21,CANDIDATE,TOTAL_ONLY,2026-09-09 12:24:28.822571+00:00
5da19365-8097-4621-b933-7f543095d808,2026-09-09T12:24:28.822571+00:00,2026-09-30,21,DEL,MAA,DEL,MAA,DEL-MAA,6E,IndiGo,,ECONOMY,,,0,175,10:55 PM,10:55 PM,,,,,,9897.0,INR,google_flights,https://www.google.com/travel/flights?q=Flights+to+MAA+from+DEL+on+2026-09-30,html_fetch:fast-flights,DEL-MAA_apw21_20260909T122428Z_ecca6ebda75b.html.gz,ecca6ebda75b078208c4185adecb1b448b927ee682c313f434964ad23c9c1d2e,DEL-MAA|2026-09-30|21|20260909T122428Z,420918418e4404efaca5afa2463e986ee8322eb54118c69ebdd9692284d13205,NORMALIZED,PENDING,"[""fare_components_unavailable_from_source""]",H21,CANDIDATE,TOTAL_ONLY,2026-09-09 12:24:28.822571+00:00
32a4ce9e-3f7e-4b4d-a75e-2a63578f8d23,2026-09-09T12:24:28.822571+00:00,2026-09-30,21,DEL,MAA,DEL,MAA,DEL-MAA,AI,Air India,,ECONOMY,,,0,160,6:00 AM,6:00 AM,,,,,,10058.0,INR,google_flights,https://www.google.com/travel/flights?q=Flights+to+MAA+from+DEL+on+2026-09-30,html_fetch:fast-flights,DEL-MAA_apw21_20260909T122428Z_ecca6ebda75b.html.gz,ecca6ebda75b078208c4185adecb1b448b927ee682c313f434964ad23c9c1d2e,DEL-MAA|2026-09-30|21|20260909T122428Z,2f52c0a57abf8da9ab77a766821e444cb4e208c5cb25472bc81632e17aec84c5,NORMALIZED,PENDING,"[""fare_components_unavailable_from_source""]",H21,CANDIDATE,TOTAL_ONLY,2026-09-09 12:24:28.822571+00:00
05ffd921-2ae2-40c5-bad6-fbeb8c3cd11a,2026-09-09T12:24:28.822571+00:00,2026-09-30,21,DEL,MAA,DEL,MAA,DEL-MAA,AI,Air India,,ECONOMY,,,0,170,7:30 AM,7:30 AM,,,,,,10058.0,INR,google_flights,https://www.google.com/travel/flights?q=Flights+to+MAA+from+DEL+on+2026-09-30,html_fetch:fast-flights,DEL-MAA_apw21_20260909T122428Z_ecca6ebda75b.html.gz,ecca6ebda75b078208c4185adecb1b448b927ee682c313f434964ad23c9c1d2e,DEL-MAA|2026-09-30|21|20260909T122428Z,974e3b8f05e6525d5125a6dc8262c407c8b5a36664bd6aba0d052366eda0561d,NORMALIZED,PENDING,"[""fare_components_unavailable_from_source""]",H21,CANDIDATE,TOTAL_ONLY,2026-09-09 12:24:28.822571+00:00
ccb531c5-8aed-4cca-ad7c-f10cf453465b,2026-09-09T12:24:28.822571+00:00,2026-09-30,21,DEL,MAA,DEL,MAA,DEL-MAA,AI,Air India,,ECONOMY,,,0,165,10:00 AM,10:00 AM,,,,,,10058.0,INR,google_flights,https://www.google.com/travel/flights?q=Flights+to+MAA+from+DEL+on+2026-09-30,html_fetch:fast-flights,DEL-MAA_apw21_20260909T122428Z_ecca6ebda75b.html.gz,ecca6ebda75b078208c4185adecb1b448b927ee682c313f434964ad23c9c1d2e,DEL-MAA|2026-09-30|21|20260909T122428Z,63adb3bb10b9de0525fb718d60a4e44cb3b8b9e0f7a04a5af76bf3657bf6fda4,NORMALIZED,PENDING,"[""fare_components_unavailable_from_source""]",H21,CANDIDATE,TOTAL_ONLY,2026-09-09 12:24:28.822571+00:00
f6ac123e-04d2-4c51-97e9-9230c44b7f5a,2026-09-09T12:24:28.822571+00:00,2026-09-30,21,DEL,MAA,DEL,MAA,DEL-MAA,6E,IndiGo,,ECONOMY,,,0,170,3:15 PM,3:15 PM,,,,,,10848.0,INR,google_flights,https://www.google.com/travel/flights?q=Flights+to+MAA+from+DEL+on+2026-09-30,html_fetch:fast-flights,DEL-MAA_apw21_20260909T122428Z_ecca6ebda75b.html.gz,ecca6ebda75b078208c4185adecb1b448b927ee682c313f434964ad23c9c1d2e,DEL-MAA|2026-09-30|21|20260909T122428Z,396d960eeafbe10ef60cc2b5c3e4343e59c75ab9aa1159c1a40851aacbdfb61b,NORMALIZED,PENDING,"[""fare_components_unavailable_from_source""]",H21,CANDIDATE,TOTAL_ONLY,2026-09-09 12:24:28.822571+00:00
beac6ee3-bd46-4a2d-b7f8-f637afd7ca32,2026-09-09T12:24:28.822571+00:00,2026-09-30,21,DEL,MAA,DEL,MAA,DEL-MAA,6E,IndiGo,,ECONOMY,,,0,160,6:15 PM,6:15 PM,,,,,,10848.0,INR,google_flights,https://www.google.com/travel/flights?q=Flights+to+MAA+from+DEL+on+2026-09-30,html_fetch:fast-flights,DEL-MAA_apw21_20260909T122428Z_ecca6ebda75b.html.gz,ecca6ebda75b078208c4185adecb1b448b927ee682c313f434964ad23c9c1d2e,DEL-MAA|2026-09-30|21|20260909T122428Z,9e4d786b6578a2debefcf871537b79e3e31a050a0886951d9e7d5113cacde994,NORMALIZED,PENDING,"[""fare_components_unavailable_from_source""]",H21,CANDIDATE,TOTAL_ONLY,2026-09-09 12:24:28.822571+00:00
aa393a63-b34b-42df-96a9-8a735c16c125,2026-09-09T12:24:28.822571+00:00,2026-09-30,21,DEL,MAA,DEL,MAA,DEL-MAA,6E,IndiGo,,ECONOMY,,,0,170,8:30 PM,8:30 PM,,,,,,10848.0,INR,google_flights,https://www.google.com/travel/flights?q=Flights+to+MAA+from+DEL+on+2026-09-30,html_fetch:fast-flights,DEL-MAA_apw21_20260909T122428Z_ecca6ebda75b.html.gz,ecca6ebda75b078208c4185adecb1b448b927ee682c313f434964ad23c9c1d2e,DEL-MAA|2026-09-30|21|20260909T122428Z,0a21db1e5063f9a90fcdcbf16321b847cd286992e6cf7a2cb28ee238d35eba7f,NORMALIZED,PENDING,"[""fare_components_unavailable_from_source""]",H21,CANDIDATE,TOTAL_ONLY,2026-09-09 12:24:28.822571+00:00
ec2f1f3b-57fc-4e2b-b1c5-df71b63b2a0c,2026-09-09T12:24:28.822571+00:00,2026-09-30,21,DEL,MAA,DEL,MAA,DEL-MAA,AI,Air India,,ECONOMY,,,0,175,3:45 PM,3:45 PM,,,,,,11260.0,INR,google_flights,https://www.google.com/travel/flights?q=Flights+to+MAA+from+DEL+on+2026-09-30,html_fetch:fast-flights,DEL-MAA_apw21_20260909T122428Z_ecca6ebda75b.html.gz,ecca6ebda75b078208c4185adecb1b448b927ee682c313f434964ad23c9c1d2e,DEL-MAA|2026-09-30|21|20260909T122428Z,a47f2b23090d3b81935daf8a3c4dadc914623c4db0fdb358255652c16d9cd615,NORMALIZED,PENDING,"[""fare_components_unavailable_from_source""]",H21,CANDIDATE,TOTAL_ONLY,2026-09-09 12:24:28.822571+00:00
53d29575-5430-4837-b201-8fff9141ec20,2026-09-09T12:24:28.822571+00:00,2026-09-30,21,DEL,MAA,DEL,MAA,DEL-MAA,AI,Air India,,ECONOMY,,,0,165,9:55 PM,9:55 PM,,,,,,11260.0,INR,google_flights,https://www.google.com/travel/flights?q=Flights+to+MAA+from+DEL+on+2026-09-30,html_fetch:fast-flights,DEL-MAA_apw21_20260909T122428Z_ecca6ebda75b.html.gz,ecca6ebda75b078208c4185adecb1b448b927ee682c313f434964ad23c9c1d2e,DEL-MAA|2026-09-30|21|20260909T122428Z,fe3109233292aa348da5b0df0c91ccfe54ce43a806c6e31ba358c7eb38386106,NORMALIZED,PENDING,"[""fare_components_unavailable_from_source""]",H21,CANDIDATE,TOTAL_ONLY,2026-09-09 12:24:28.822571+00:00
a7e0afec-d1ae-4f93-8243-58763d1946f7,2026-09-09T12:24:28.822571+00:00,2026-09-30,21,DEL,MAA,DEL,MAA,DEL-MAA,6E,IndiGo,,ECONOMY,,,0,170,4:40 PM,4:40 PM,,,,,,11903.0,INR,google_flights,https://www.google.com/travel/flights?q=Flights+to+MAA+from+DEL+on+2026-09-30,html_fetch:fast-flights,DEL-MAA_apw21_20260909T122428Z_ecca6ebda75b.html.gz,ecca6ebda75b078208c4185adecb1b448b927ee682c313f434964ad23c9c1d2e,DEL-MAA|2026-09-30|21|20260909T122428Z,f59e1c36a1024b08ea3152e2d58a2714e376cbff4bbc84e751a281218d2eb4be,NORMALIZED,PENDING,"[""fare_components_unavailable_from_source""]",H21,CANDIDATE,TOTAL_ONLY,2026-09-09 12:24:28.822571+00:00
474339b2-757c-495b-a171-d9c460ca67c3,2026-09-09T12:24:28.822571+00:00,2026-09-30,21,DEL,MAA,DEL,MAA,DEL-MAA,AI,Air India,,ECONOMY,,,0,175,6:00 PM,6:00 PM,,,,,,12384.0,INR,google_flights,https://www.google.com/travel/flights?q=Flights+to+MAA+from+DEL+on+2026-09-30,html_fetch:fast-flights,DEL-MAA_apw21_20260909T122428Z_ecca6ebda75b.html.gz,ecca6ebda75b078208c4185adecb1b448b927ee682c313f434964ad23c9c1d2e,DEL-MAA|2026-09-30|21|20260909T122428Z,fd4669f3b32426ccf8976f8b92c653d8acab11a494aeb24689e68f2bc5a3f065,NORMALIZED,PENDING,"[""fare_components_unavailable_from_source""]",H21,CANDIDATE,TOTAL_ONLY,2026-09-09 12:24:28.822571+00:00
85a66e43-5788-4c15-a738-38e658fcce38,2026-09-09T12:24:28.822571+00:00,2026-09-30,21,DEL,MAA,DEL,MAA,DEL-MAA,,,,ECONOMY,,,1,925,4:00 PM,4:00 PM,,,,,,22303.0,INR,google_flights,https://www.google.com/travel/flights?q=Flights+to+MAA+from+DEL+on+2026-09-30,html_fetch:fast-flights,DEL-MAA_apw21_20260909T122428Z_ecca6ebda75b.html.gz,ecca6ebda75b078208c4185adecb1b448b927ee682c313f434964ad23c9c1d2e,DEL-MAA|2026-09-30|21|20260909T122428Z,c4fcb1a1e87aec3dd32cee52a0f369145ebb575156957246df3b7c1594a31ef6,NORMALIZED,PENDING,"[""fare_components_unavailable_from_source""]",H21,CANDIDATE,TOTAL_ONLY,2026-09-09 12:24:28.822571+00:00
7b1fe632-adae-4dec-97e6-f4b2b418adbb,2026-09-09T12:24:28.822571+00:00,2026-09-30,21,DEL,MAA,DEL,MAA,DEL-MAA,,,,ECONOMY,,,1,570,11:00 AM,11:00 AM,,,,,,29669.0,INR,google_flights,https://www.google.com/travel/flights?q=Flights+to+MAA+from+DEL+on+2026-09-30,html_fetch:fast-flights,DEL-MAA_apw21_20260909T122428Z_ecca6ebda75b.html.gz,ecca6ebda75b078208c4185adecb1b448b927ee682c313f434964ad23c9c1d2e,DEL-MAA|2026-09-30|21|20260909T122428Z,c3b1872fdbd05c086291e1a08cfe83ce446d6309c049680f167e4eb8c6e0a42a,NORMALIZED,PENDING,"[""fare_components_unavailable_from_source""]",H21,CANDIDATE,TOTAL_ONLY,2026-09-09 12:24:28.822571+00:00
eac1d9db-75c5-49ae-a022-bdc73660f415,2026-09-09T12:24:31.466859+00:00,2026-09-30,21,DEL,CCU,DEL,CCU,DEL-CCU,6E,IndiGo,,ECONOMY,,,1,280,3:50 PM,3:50 PM,,,,,,7481.0,INR,google_flights,https://www.google.com/travel/flights?q=Flights+to+CCU+from+DEL+on+2026-09-30,html_fetch:fast-flights,DEL-CCU_apw21_20260909T122431Z_56a861baa454.html.gz,56a861baa454440f1c21fa3d6b5728ece9e8b12b09b637c8c0f7b432b60ad637,DEL-CCU|2026-09-30|21|20260909T122431Z,5693fda871d73144aa2ac18006c30f0fdcd7e57e755d8726a92ee34c54d0fa0f,NORMALIZED,PENDING,"[""fare_components_unavailable_from_source""]",H21,CANDIDATE,TOTAL_ONLY,2026-09-09 12:24:31.466859+00:00
05a1e9e1-6658-4680-a786-e2499d948079,2026-09-09T12:24:31.466859+00:00,2026-09-30,21,DEL,CCU,DEL,CCU,DEL-CCU,QP,Akasa Air,,ECONOMY,,,0,140,5:05 PM,5:05 PM,,,,,,8406.0,INR,google_flights,https://www.google.com/travel/flights?q=Flights+to+CCU+from+DEL+on+2026-09-30,html_fetch:fast-flights,DEL-CCU_apw21_20260909T122431Z_56a861baa454.html.gz,56a861baa454440f1c21fa3d6b5728ece9e8b12b09b637c8c0f7b432b60ad637,DEL-CCU|2026-09-30|21|20260909T122431Z,b01691d95e04d96fce71391e5557160ef93a3bd9127f6434ea16da29980c7b64,NORMALIZED,PENDING,"[""fare_components_unavailable_from_source""]",H21,CANDIDATE,TOTAL_ONLY,2026-09-09 12:24:31.466859+00:00
6b5317a8-38a0-4a10-8276-a5edb050481f,2026-09-09T12:24:31.466859+00:00,2026-09-30,21,DEL,CCU,DEL,CCU,DEL-CCU,AI,Air India,,ECONOMY,,,0,140,2:30 AM,2:30 AM,,,,,,8724.0,INR,google_flights,https://www.google.com/travel/flights?q=Flights+to+CCU+from+DEL+on+2026-09-30,html_fetch:fast-flights,DEL-CCU_apw21_20260909T122431Z_56a861baa454.html.gz,56a861baa454440f1c21fa3d6b5728ece9e8b12b09b637c8c0f7b432b60ad637,DEL-CCU|2026-09-30|21|20260909T122431Z,6dbfbea0086dfbf70b08394107c31b309b65c3ebb40909cf1476621855156398,NORMALIZED,PENDING,"[""fare_components_unavailable_from_source""]",H21,CANDIDATE,TOTAL_ONLY,2026-09-09 12:24:31.466859+00:00
29dc2d3e-2534-4531-9647-fc4886c406f9,2026-09-09T12:24:31.466859+00:00,2026-09-30,21,DEL,CCU,DEL,CCU,DEL-CCU,6E,IndiGo,,ECONOMY,,,0,135,10:15 AM,10:15 AM,,,,,,8817.0,INR,google_flights,https://www.google.com/travel/flights?q=Flights+to+CCU+from+DEL+on+2026-09-30,html_fetch:fast-flights,DEL-CCU_apw21_20260909T122431Z_56a861baa454.html.gz,56a861baa454440f1c21fa3d6b5728ece9e8b12b09b637c8c0f7b432b60ad637,DEL-CCU|2026-09-30|21|20260909T122431Z,8f04266d9d7ebe479546053ac3a91a56844ebeec50568ec6aaf78cd8464d7173,NORMALIZED,PENDING,"[""fare_components_unavailable_from_source""]",H21,CANDIDATE,TOTAL_ONLY,2026-09-09 12:24:31.466859+00:00
3989dcf3-9e90-40de-ab39-dd534b74ed9d,2026-09-09T12:24:31.466859+00:00,2026-09-30,21,DEL,CCU,DEL,CCU,DEL-CCU,6E,IndiGo,,ECONOMY,,,1,445,6:20 AM,6:20 AM,,,,,,7271.0,INR,google_flights,https://www.google.com/travel/flights?q=Flights+to+CCU+from+DEL+on+2026-09-30,html_fetch:fast-flights,DEL-CCU_apw21_20260909T122431Z_56a861baa454.html.gz,56a861baa454440f1c21fa3d6b5728ece9e8b12b09b637c8c0f7b432b60ad637,DEL-CCU|2026-09-30|21|20260909T122431Z,f55ec2b0cf05db58e2c11d4056c5b2fa66dba7901aae2eb754378f0290192db6,NORMALIZED,PENDING,"[""fare_components_unavailable_from_source""]",H21,CANDIDATE,TOTAL_ONLY,2026-09-09 12:24:31.466859+00:00
d78dac3e-c94c-4ac4-ad5e-9b3bf3d9e069,2026-09-09T12:24:31.466859+00:00,2026-09-30,21,DEL,CCU,DEL,CCU,DEL-CCU,6E,IndiGo,,ECONOMY,,,1,450,1:35 PM,1:35 PM,,,,,,7271.0,INR,google_flights,https://www.google.com/travel/flights?q=Flights+to+CCU+from+DEL+on+2026-09-30,html_fetch:fast-flights,DEL-CCU_apw21_20260909T122431Z_56a861baa454.html.gz,56a861baa454440f1c21fa3d6b5728ece9e8b12b09b637c8c0f7b432b60ad637,DEL-CCU|2026-09-30|21|20260909T122431Z,7015b42474b9a7c7366134be55ec0e60e23665a787335ab465a31526327734d6,NORMALIZED,PENDING,"[""fare_components_unavailable_from_source""]",H21,CANDIDATE,TOTAL_ONLY,2026-09-09 12:24:31.466859+00:00
99c562ca-ce6f-4671-b032-6abfca4a1710,2026-09-09T12:24:31.466859+00:00,2026-09-30,21,DEL,CCU,DEL,CCU,DEL-CCU,6E,IndiGo,,ECONOMY,,,1,405,2:25 PM,2:25 PM,,,,,,7402.0,INR,google_flights,https://www.google.com/travel/flights?q=Flights+to+CCU+from+DEL+on+2026-09-30,html_fetch:fast-flights,DEL-CCU_apw21_20260909T122431Z_56a861baa454.html.gz,56a861baa454440f1c21fa3d6b5728ece9e8b12b09b637c8c0f7b432b60ad637,DEL-CCU|2026-09-30|21|20260909T122431Z,d81ebcc84985ad2e0912881caa4e5ec902c9b84a6fc81aaec5e517a22b80bbe1,NORMALIZED,PENDING,"[""fare_components_unavailable_from_source""]",H21,CANDIDATE,TOTAL_ONLY,2026-09-09 12:24:31.466859+00:00
8d0fa1ff-ab68-4eed-a12c-2e8e51727bbe,2026-09-09T12:24:31.466859+00:00,2026-09-30,21,DEL,CCU,DEL,CCU,DEL-CCU,6E,IndiGo,,ECONOMY,,,1,265,7:40 AM,7:40 AM,,,,,,7481.0,INR,google_flights,https://www.google.com/travel/flights?q=Flights+to+CCU+from+DEL+on+2026-09-30,html_fetch:fast-flights,DEL-CCU_apw21_20260909T122431Z_56a861baa454.html.gz,56a861baa454440f1c21fa3d6b5728ece9e8b12b09b637c8c0f7b432b60ad637,DEL-CCU|2026-09-30|21|20260909T122431Z,1ae401c68295a70fbc887a04c877f7f7706160c87b69a6db52055e86b57e6d5e,NORMALIZED,PENDING,"[""fare_components_unavailable_from_source""]",H21,CANDIDATE,TOTAL_ONLY,2026-09-09 12:24:31.466859+00:00
fcd2cafe-39c8-48a2-ae4b-8217a92dc7a3,2026-09-09T12:24:31.466859+00:00,2026-09-30,21,DEL,CCU,DEL,CCU,DEL-CCU,6E,IndiGo,,ECONOMY,,,1,275,10:50 AM,10:50 AM,,,,,,7586.0,INR,google_flights,https://www.google.com/travel/flights?q=Flights+to+CCU+from+DEL+on+2026-09-30,html_fetch:fast-flights,DEL-CCU_apw21_20260909T122431Z_56a861baa454.html.gz,56a861baa454440f1c21fa3d6b5728ece9e8b12b09b637c8c0f7b432b60ad637,DEL-CCU|2026-09-30|21|20260909T122431Z,5c68aab4c56e9fd762865ad966690ca3bd09667a1b0a513a1501e611fd58e73a,NORMALIZED,PENDING,"[""fare_components_unavailable_from_source""]",H21,CANDIDATE,TOTAL_ONLY,2026-09-09 12:24:31.466859+00:00
5b95ddbb-f4e3-40a1-9dc6-61b653d8bcbd,2026-09-09T12:24:31.466859+00:00,2026-09-30,21,DEL,CCU,DEL,CCU,DEL-CCU,QP,Akasa Air,,ECONOMY,,,0,140,5:55 AM,5:55 AM,,,,,,8406.0,INR,google_flights,https://www.google.com/travel/flights?q=Flights+to+CCU+from+DEL+on+2026-09-30,html_fetch:fast-flights,DEL-CCU_apw21_20260909T122431Z_56a861baa454.html.gz,56a861baa454440f1c21fa3d6b5728ece9e8b12b09b637c8c0f7b432b60ad637,DEL-CCU|2026-09-30|21|20260909T122431Z,36615e7d1b0e5803435286314ad151f401653257ec20256f2a5c64d140ae792c,NORMALIZED,PENDING,"[""fare_components_unavailable_from_source""]",H21,CANDIDATE,TOTAL_ONLY,2026-09-09 12:24:31.466859+00:00
0bd7aeca-6672-4d13-b020-7a565ae13fd6,2026-09-09T12:24:31.466859+00:00,2026-09-30,21,DEL,CCU,DEL,CCU,DEL-CCU,6E,IndiGo,,ECONOMY,,,0,135,5:00 AM,5:00 AM,,,,,,8817.0,INR,google_flights,https://www.google.com/travel/flights?q=Flights+to+CCU+from+DEL+on+2026-09-30,html_fetch:fast-flights,DEL-CCU_apw21_20260909T122431Z_56a861baa454.html.gz,56a861baa454440f1c21fa3d6b5728ece9e8b12b09b637c8c0f7b432b60ad637,DEL-CCU|2026-09-30|21|20260909T122431Z,eed917114d139c12c12084655d56effc7deba38752cb4b5b5fe3d4c0acd2b522,NORMALIZED,PENDING,"[""fare_components_unavailable_from_source""]",H21,CANDIDATE,TOTAL_ONLY,2026-09-09 12:24:31.466859+00:00
c9b53767-5b5f-43c4-86c5-93121766d714,2026-09-09T12:24:31.466859+00:00,2026-09-30,21,DEL,CCU,DEL,CCU,DEL-CCU,6E,IndiGo,,ECONOMY,,,0,140,7:20 AM,7:20 AM,,,,,,8817.0,INR,google_flights,https://www.google.com/travel/flights?q=Flights+to+CCU+from+DEL+on+2026-09-30,html_fetch:fast-flights,DEL-CCU_apw21_20260909T122431Z_56a861baa454.html.gz,56a861baa454440f1c21fa3d6b5728ece9e8b12b09b637c8c0f7b432b60ad637,DEL-CCU|2026-09-30|21|20260909T122431Z,a560f9ddb67a705398442ed4fa467ba6d54e7774567dabd36a765e8f0b615992,NORMALIZED,PENDING,"[""fare_components_unavailable_from_source""]",H21,CANDIDATE,TOTAL_ONLY,2026-09-09 12:24:31.466859+00:00
4f20f2e5-5779-441a-b5bd-7dd1ba4da1bc,2026-09-09T12:24:31.466859+00:00,2026-09-30,21,DEL,CCU,DEL,CCU,DEL-CCU,6E,IndiGo,,ECONOMY,,,0,135,8:30 AM,8:30 AM,,,,,,8817.0,INR,google_flights,https://www.google.com/travel/flights?q=Flights+to+CCU+from+DEL+on+2026-09-30,html_fetch:fast-flights,DEL-CCU_apw21_20260909T122431Z_56a861baa454.html.gz,56a861baa454440f1c21fa3d6b5728ece9e8b12b09b637c8c0f7b432b60ad637,DEL-CCU|2026-09-30|21|20260909T122431Z,a1af52a9d2d0cbf50bb5d0c7c834e5bea28fb92a90ec86b070ecd5dc3897fd2f,NORMALIZED,PENDING,"[""fare_components_unavailable_from_source""]",H21,CANDIDATE,TOTAL_ONLY,2026-09-09 12:24:31.466859+00:00
27203fc2-42b6-4949-9c23-52392526f49f,2026-09-09T12:24:31.466859+00:00,2026-09-30,21,DEL,CCU,DEL,CCU,DEL-CCU,6E,IndiGo,,ECONOMY,,,0,140,12:45 PM,12:45 PM,,,,,,8817.0,INR,google_flights,https://www.google.com/travel/flights?q=Flights+to+CCU+from+DEL+on+2026-09-30,html_fetch:fast-flights,DEL-CCU_apw21_20260909T122431Z_56a861baa454.html.gz,56a861baa454440f1c21fa3d6b5728ece9e8b12b09b637c8c0f7b432b60ad637,DEL-CCU|2026-09-30|21|20260909T122431Z,a339fb3d772c7c9284813d3a3fa560894f264d0916666e03bc6f55d56e088a04,NORMALIZED,PENDING,"[""fare_components_unavailable_from_source""]",H21,CANDIDATE,TOTAL_ONLY,2026-09-09 12:24:31.466859+00:00
c0a7f4f9-82f7-4e1c-808c-0af60767c43a,2026-09-09T12:24:31.466859+00:00,2026-09-30,21,DEL,CCU,DEL,CCU,DEL-CCU,6E,IndiGo,,ECONOMY,,,0,140,2:25 PM,2:25 PM,,,,,,8817.0,INR,google_flights,https://www.google.com/travel/flights?q=Flights+to+CCU+from+DEL+on+2026-09-30,html_fetch:fast-flights,DEL-CCU_apw21_20260909T122431Z_56a861baa454.html.gz,56a861baa454440f1c21fa3d6b5728ece9e8b12b09b637c8c0f7b432b60ad637,DEL-CCU|2026-09-30|21|20260909T122431Z,525ecffd009f67462b89feffa315f29b6ddb9c1d855ddd3f5fcea83e8670e8bc,NORMALIZED,PENDING,"[""fare_components_unavailable_from_source""]",H21,CANDIDATE,TOTAL_ONLY,2026-09-09 12:24:31.466859+00:00
2997910f-8acc-4f7d-85e7-c216438fb6a2,2026-09-09T12:24:31.466859+00:00,2026-09-30,21,DEL,CCU,DEL,CCU,DEL-CCU,6E,IndiGo,,ECONOMY,,,0,135,4:00 PM,4:00 PM,,,,,,8817.0,INR,google_flights,https://www.google.com/travel/flights?q=Flights+to+CCU+from+DEL+on+2026-09-30,html_fetch:fast-flights,DEL-CCU_apw21_20260909T122431Z_56a861baa454.html.gz,56a861baa454440f1c21fa3d6b5728ece9e8b12b09b637c8c0f7b432b60ad637,DEL-CCU|2026-09-30|21|20260909T122431Z,4b7988dbf2c55662fac7b93e388f203636e2ed7752fdf6d9da7a1ab0750f0059,NORMALIZED,PENDING,"[""fare_components_unavailable_from_source""]",H21,CANDIDATE,TOTAL_ONLY,2026-09-09 12:24:31.466859+00:00
f264a106-223c-4d7c-92e0-17386ad4e660,2026-09-09T12:24:31.466859+00:00,2026-09-30,21,DEL,CCU,DEL,CCU,DEL-CCU,6E,IndiGo,,ECONOMY,,,0,140,5:55 PM,5:55 PM,,,,,,8817.0,INR,google_flights,https://www.google.com/travel/flights?q=Flights+to+CCU+from+DEL+on+2026-09-30,html_fetch:fast-flights,DEL-CCU_apw21_20260909T122431Z_56a861baa454.html.gz,56a861baa454440f1c21fa3d6b5728ece9e8b12b09b637c8c0f7b432b60ad637,DEL-CCU|2026-09-30|21|20260909T122431Z,195afd8366d9bcba6d10b7369ff45982af9707459e21451ff32d96329fd42f7d,NORMALIZED,PENDING,"[""fare_components_unavailable_from_source""]",H21,CANDIDATE,TOTAL_ONLY,2026-09-09 12:24:31.466859+00:00
ea3cdccd-5c68-4ded-b5af-30dacfa1d4e7,2026-09-09T12:24:31.466859+00:00,2026-09-30,21,DEL,CCU,DEL,CCU,DEL-CCU,6E,IndiGo,,ECONOMY,,,0,135,9:50 PM,9:50 PM,,,,,,8817.0,INR,google_flights,https://www.google.com/travel/flights?q=Flights+to+CCU+from+DEL+on+2026-09-30,html_fetch:fast-flights,DEL-CCU_apw21_20260909T122431Z_56a861baa454.html.gz,56a861baa454440f1c21fa3d6b5728ece9e8b12b09b637c8c0f7b432b60ad637,DEL-CCU|2026-09-30|21|20260909T122431Z,406f0823879f816630b646eed14ad64a97a0c3c354a2e877d66c9ccd69ab32ff,NORMALIZED,PENDING,"[""fare_components_unavailable_from_source""]",H21,CANDIDATE,TOTAL_ONLY,2026-09-09 12:24:31.466859+00:00
c8d883e8-fb3b-4152-8c1a-68012c25c380,2026-09-09T12:24:31.466859+00:00,2026-09-30,21,DEL,CCU,DEL,CCU,DEL-CCU,6E,IndiGo,,ECONOMY,,,0,135,11:30 PM,11:30 PM,,,,,,8817.0,INR,google_flights,https://www.google.com/travel/flights?q=Flights+to+CCU+from+DEL+on+2026-09-30,html_fetch:fast-flights,DEL-CCU_apw21_20260909T122431Z_56a861baa454.html.gz,56a861baa454440f1c21fa3d6b5728ece9e8b12b09b637c8c0f7b432b60ad637,DEL-CCU|2026-09-30|21|20260909T122431Z,7522a56323e4b8a2f1f8b3e6d12c1a3074d1e49dd3e0be1683d63040d426affe,NORMALIZED,PENDING,"[""fare_components_unavailable_from_source""]",H21,CANDIDATE,TOTAL_ONLY,2026-09-09 12:24:31.466859+00:00
62f6b191-01a2-42b0-bc41-34c7954c6472,2026-09-09T12:24:31.466859+00:00,2026-09-30,21,DEL,CCU,DEL,CCU,DEL-CCU,AI,Air India,,ECONOMY,,,0,130,6:40 AM,6:40 AM,,,,,,8976.0,INR,google_flights,https://www.google.com/travel/flights?q=Flights+to+CCU+from+DEL+on+2026-09-30,html_fetch:fast-flights,DEL-CCU_apw21_20260909T122431Z_56a861baa454.html.gz,56a861baa454440f1c21fa3d6b5728ece9e8b12b09b637c8c0f7b432b60ad637,DEL-CCU|2026-09-30|21|20260909T122431Z,6a008a8c625f58bd3bb7b5df914dbe817760157e4e7da07b9cfbb6c401d17936,NORMALIZED,PENDING,"[""fare_components_unavailable_from_source""]",H21,CANDIDATE,TOTAL_ONLY,2026-09-09 12:24:31.466859+00:00
22140fa8-eef2-401e-b36f-59d980b0979d,2026-09-09T12:24:31.466859+00:00,2026-09-30,21,DEL,CCU,DEL,CCU,DEL-CCU,AI,Air India,,ECONOMY,,,0,140,4:15 PM,4:15 PM,,,,,,8976.0,INR,google_flights,https://www.google.com/travel/flights?q=Flights+to+CCU+from+DEL+on+2026-09-30,html_fetch:fast-flights,DEL-CCU_apw21_20260909T122431Z_56a861baa454.html.gz,56a861baa454440f1c21fa3d6b5728ece9e8b12b09b637c8c0f7b432b60ad637,DEL-CCU|2026-09-30|21|20260909T122431Z,9a69050dcc0d45fdfd1b445bf33a4176ac67664fa3127708765091abbdaeaa20,NORMALIZED,PENDING,"[""fare_components_unavailable_from_source""]",H21,CANDIDATE,TOTAL_ONLY,2026-09-09 12:24:31.466859+00:00
11f3fb41-0771-4bce-9012-0e5b76744e2e,2026-09-09T12:24:31.466859+00:00,2026-09-30,21,DEL,CCU,DEL,CCU,DEL-CCU,AI,Air India,,ECONOMY,,,0,140,6:00 PM,6:00 PM,,,,,,8976.0,INR,google_flights,https://www.google.com/travel/flights?q=Flights+to+CCU+from+DEL+on+2026-09-30,html_fetch:fast-flights,DEL-CCU_apw21_20260909T122431Z_56a861baa454.html.gz,56a861baa454440f1c21fa3d6b5728ece9e8b12b09b637c8c0f7b432b60ad637,DEL-CCU|2026-09-30|21|20260909T122431Z,4e4e5303843f70bba499e7bd751eefc7f2a6a93ac408cb9b4401d843ed4f8223,NORMALIZED,PENDING,"[""fare_components_unavailable_from_source""]",H21,CANDIDATE,TOTAL_ONLY,2026-09-09 12:24:31.466859+00:00
5df41e47-2587-4ae5-ac9e-bae33c4fd43f,2026-09-09T12:24:31.466859+00:00,2026-09-30,21,DEL,CCU,DEL,CCU,DEL-CCU,AI,Air India,,ECONOMY,,,0,140,9:00 PM,9:00 PM,,,,,,8976.0,INR,google_flights,https://www.google.com/travel/flights?q=Flights+to+CCU+from+DEL+on+2026-09-30,html_fetch:fast-flights,DEL-CCU_apw21_20260909T122431Z_56a861baa454.html.gz,56a861baa454440f1c21fa3d6b5728ece9e8b12b09b637c8c0f7b432b60ad637,DEL-CCU|2026-09-30|21|20260909T122431Z,acdc410d9dda670512a18fb54890d0e9d1f5c42792562a6c89c0c28f87255b1b,NORMALIZED,PENDING,"[""fare_components_unavailable_from_source""]",H21,CANDIDATE,TOTAL_ONLY,2026-09-09 12:24:31.466859+00:00
c5974890-738c-439a-8721-4f1e71fa1bd7,2026-09-09T12:24:31.466859+00:00,2026-09-30,21,DEL,CCU,DEL,CCU,DEL-CCU,6E,IndiGo,,ECONOMY,,,0,135,7:30 PM,7:30 PM,,,,,,9080.0,INR,google_flights,https://www.google.com/travel/flights?q=Flights+to+CCU+from+DEL+on+2026-09-30,html_fetch:fast-flights,DEL-CCU_apw21_20260909T122431Z_56a861baa454.html.gz,56a861baa454440f1c21fa3d6b5728ece9e8b12b09b637c8c0f7b432b60ad637,DEL-CCU|2026-09-30|21|20260909T122431Z,53f6f17432b1d77f587026d65b4ede6bf34100dd19e795b75aa0eb861ed2f580,NORMALIZED,PENDING,"[""fare_components_unavailable_from_source""]",H21,CANDIDATE,TOTAL_ONLY,2026-09-09 12:24:31.466859+00:00
60c9a810-dd82-4d17-aca0-59041c74f4bc,2026-09-09T12:24:31.466859+00:00,2026-09-30,21,DEL,CCU,DEL,CCU,DEL-CCU,AI,Air India,,ECONOMY,,,0,140,7:30 AM,7:30 AM,,,,,,9129.0,INR,google_flights,https://www.google.com/travel/flights?q=Flights+to+CCU+from+DEL+on+2026-09-30,html_fetch:fast-flights,DEL-CCU_apw21_20260909T122431Z_56a861baa454.html.gz,56a861baa454440f1c21fa3d6b5728ece9e8b12b09b637c8c0f7b432b60ad637,DEL-CCU|2026-09-30|21|20260909T122431Z,d652e010d96e4dd43723e96602b0c23947e3a188abee8e8e61fa18da90166370,NORMALIZED,PENDING,"[""fare_components_unavailable_from_source""]",H21,CANDIDATE,TOTAL_ONLY,2026-09-09 12:24:31.466859+00:00
baaafeaf-88df-4198-9c22-07bd32f13cca,2026-09-09T12:24:31.466859+00:00,2026-09-30,21,DEL,CCU,DEL,CCU,DEL-CCU,AI,Air India,,ECONOMY,,,0,140,9:55 AM,9:55 AM,,,,,,9129.0,INR,google_flights,https://www.google.com/travel/flights?q=Flights+to+CCU+from+DEL+on+2026-09-30,html_fetch:fast-flights,DEL-CCU_apw21_20260909T122431Z_56a861baa454.html.gz,56a861baa454440f1c21fa3d6b5728ece9e8b12b09b637c8c0f7b432b60ad637,DEL-CCU|2026-09-30|21|20260909T122431Z,c51d4ea8ce3c43282d7593c484b83409c6d9200d63cf96a9851fbb420e063e02,NORMALIZED,PENDING,"[""fare_components_unavailable_from_source""]",H21,CANDIDATE,TOTAL_ONLY,2026-09-09 12:24:31.466859+00:00
b0c092e4-fe3b-4374-a2c9-71c974ba524b,2026-09-09T12:24:31.466859+00:00,2026-09-30,21,DEL,CCU,DEL,CCU,DEL-CCU,AI,Air India,,ECONOMY,,,0,140,1:00 PM,1:00 PM,,,,,,9129.0,INR,google_flights,https://www.google.com/travel/flights?q=Flights+to+CCU+from+DEL+on+2026-09-30,html_fetch:fast-flights,DEL-CCU_apw21_20260909T122431Z_56a861baa454.html.gz,56a861baa454440f1c21fa3d6b5728ece9e8b12b09b637c8c0f7b432b60ad637,DEL-CCU|2026-09-30|21|20260909T122431Z,1c63004416c7851701e1ff0083f491c1e2e1998da24c482d7fa6c54d3768f207,NORMALIZED,PENDING,"[""fare_components_unavailable_from_source""]",H21,CANDIDATE,TOTAL_ONLY,2026-09-09 12:24:31.466859+00:00
93e69ac0-0a7d-444c-a6a3-71a530b7aa91,2026-09-09T12:24:31.466859+00:00,2026-09-30,21,DEL,CCU,DEL,CCU,DEL-CCU,AI,Air India,,ECONOMY,,,0,130,7:40 PM,7:40 PM,,,,,,9722.0,INR,google_flights,https://www.google.com/travel/flights?q=Flights+to+CCU+from+DEL+on+2026-09-30,html_fetch:fast-flights,DEL-CCU_apw21_20260909T122431Z_56a861baa454.html.gz,56a861baa454440f1c21fa3d6b5728ece9e8b12b09b637c8c0f7b432b60ad637,DEL-CCU|2026-09-30|21|20260909T122431Z,0f8af802c90706a7b5473c8a250bede3fc1c2d27351ab1a3326f650c7ef498f2,NORMALIZED,PENDING,"[""fare_components_unavailable_from_source""]",H21,CANDIDATE,TOTAL_ONLY,2026-09-09 12:24:31.466859+00:00
f927df94-7054-4e0e-8b51-b732e979a15e,2026-09-09T12:24:31.466859+00:00,2026-09-30,21,DEL,CCU,DEL,CCU,DEL-CCU,SG,SpiceJet,,ECONOMY,,,0,140,8:10 PM,8:10 PM,,,,,,22514.0,INR,google_flights,https://www.google.com/travel/flights?q=Flights+to+CCU+from+DEL+on+2026-09-30,html_fetch:fast-flights,DEL-CCU_apw21_20260909T122431Z_56a861baa454.html.gz,56a861baa454440f1c21fa3d6b5728ece9e8b12b09b637c8c0f7b432b60ad637,DEL-CCU|2026-09-30|21|20260909T122431Z,5122a214fe7cf9c0e166da1234f298d73767c7fbfbf8801f5640ecdd026c4f53,NORMALIZED,PENDING,"[""fare_components_unavailable_from_source""]",H21,CANDIDATE,TOTAL_ONLY,2026-09-09 12:24:31.466859+00:00
2ec98ff1-d6e4-4d3b-a762-8831928db866,2026-09-09T12:24:34.643302+00:00,2026-09-30,21,DEL,HYD,DEL,HYD,DEL-HYD,QP,Akasa Air,,ECONOMY,,,0,150,8:40 PM,8:40 PM,,,,,,8440.0,INR,google_flights,https://www.google.com/travel/flights?q=Flights+to+HYD+from+DEL+on+2026-09-30,html_fetch:fast-flights,DEL-HYD_apw21_20260909T122434Z_1587c2020c44.html.gz,1587c2020c440af9a21e5316fc03581cdb7d724918cfa65d2b5ccecbac57f900,DEL-HYD|2026-09-30|21|20260909T122434Z,7bdba382925d3b5830cd5127245e4ff752ce14e98e90d107d57955a97ac15ccd,NORMALIZED,PENDING,"[""fare_components_unavailable_from_source""]",H21,CANDIDATE,TOTAL_ONLY,2026-09-09 12:24:34.643302+00:00
402e32a8-de12-4cb1-8495-b102ddb28cc7,2026-09-09T12:24:34.643302+00:00,2026-09-30,21,DEL,HYD,DEL,HYD,DEL-HYD,AI,Air India,,ECONOMY,,,0,140,2:00 AM,2:00 AM,,,,,,8711.0,INR,google_flights,https://www.google.com/travel/flights?q=Flights+to+HYD+from+DEL+on+2026-09-30,html_fetch:fast-flights,DEL-HYD_apw21_20260909T122434Z_1587c2020c44.html.gz,1587c2020c440af9a21e5316fc03581cdb7d724918cfa65d2b5ccecbac57f900,DEL-HYD|2026-09-30|21|20260909T122434Z,0193c3b99c8e55fa3807c2de4e1932111f90dcf92730863d73084ae73193d256,NORMALIZED,PENDING,"[""fare_components_unavailable_from_source""]",H21,CANDIDATE,TOTAL_ONLY,2026-09-09 12:24:34.643302+00:00
63ef8f51-36f6-4a6e-bd71-b33f707c4eb5,2026-09-09T12:24:34.643302+00:00,2026-09-30,21,DEL,HYD,DEL,HYD,DEL-HYD,QP,Akasa Air,,ECONOMY,,,0,140,2:10 PM,2:10 PM,,,,,,8735.0,INR,google_flights,https://www.google.com/travel/flights?q=Flights+to+HYD+from+DEL+on+2026-09-30,html_fetch:fast-flights,DEL-HYD_apw21_20260909T122434Z_1587c2020c44.html.gz,1587c2020c440af9a21e5316fc03581cdb7d724918cfa65d2b5ccecbac57f900,DEL-HYD|2026-09-30|21|20260909T122434Z,5561a49ce23a5337bbc9229dce3237a8dd350df934fc7dd0afe374fbb34727cd,NORMALIZED,PENDING,"[""fare_components_unavailable_from_source""]",H21,CANDIDATE,TOTAL_ONLY,2026-09-09 12:24:34.643302+00:00
db49bfd1-7d01-4410-bae2-ae6f6be7bfb8,2026-09-09T12:24:34.643302+00:00,2026-09-30,21,DEL,HYD,DEL,HYD,DEL-HYD,6E,IndiGo,,ECONOMY,,,0,135,11:45 AM,11:45 AM,,,,,,8825.0,INR,google_flights,https://www.google.com/travel/flights?q=Flights+to+HYD+from+DEL+on+2026-09-30,html_fetch:fast-flights,DEL-HYD_apw21_20260909T122434Z_1587c2020c44.html.gz,1587c2020c440af9a21e5316fc03581cdb7d724918cfa65d2b5ccecbac57f900,DEL-HYD|2026-09-30|21|20260909T122434Z,4f94a21a4d486f90fc5064d6cc2e721b0d796fe6881bcee094353f151f640ed1,NORMALIZED,PENDING,"[""fare_components_unavailable_from_source""]",H21,CANDIDATE,TOTAL_ONLY,2026-09-09 12:24:34.643302+00:00
f3dfaeaf-4b08-4994-bd1d-74eac3d26637,2026-09-09T12:24:34.643302+00:00,2026-09-30,21,DEL,HYD,DEL,HYD,DEL-HYD,6E,IndiGo,,ECONOMY,,,1,305,5:10 AM,5:10 AM,,,,,,7884.0,INR,google_flights,https://www.google.com/travel/flights?q=Flights+to+HYD+from+DEL+on+2026-09-30,html_fetch:fast-flights,DEL-HYD_apw21_20260909T122434Z_1587c2020c44.html.gz,1587c2020c440af9a21e5316fc03581cdb7d724918cfa65d2b5ccecbac57f900,DEL-HYD|2026-09-30|21|20260909T122434Z,38366f0299eed7f3bdf75948bf3976b601890583b95194c9b1351771b548d160,NORMALIZED,PENDING,"[""fare_components_unavailable_from_source""]",H21,CANDIDATE,TOTAL_ONLY,2026-09-09 12:24:34.643302+00:00
46f79591-ba23-4b9e-9988-e695a44d7d5c,2026-09-09T12:24:34.643302+00:00,2026-09-30,21,DEL,HYD,DEL,HYD,DEL-HYD,6E,IndiGo,,ECONOMY,,,1,325,5:05 PM,5:05 PM,,,,,,7884.0,INR,google_flights,https://www.google.com/travel/flights?q=Flights+to+HYD+from+DEL+on+2026-09-30,html_fetch:fast-flights,DEL-HYD_apw21_20260909T122434Z_1587c2020c44.html.gz,1587c2020c440af9a21e5316fc03581cdb7d724918cfa65d2b5ccecbac57f900,DEL-HYD|2026-09-30|21|20260909T122434Z,987e4234fc7ac4becc96740d36978c915c2cf81f794d7cfad0ad95072a3e8f53,NORMALIZED,PENDING,"[""fare_components_unavailable_from_source""]",H21,CANDIDATE,TOTAL_ONLY,2026-09-09 12:24:34.643302+00:00
61b2ee01-0a3a-466f-88bd-ad086046c147,2026-09-09T12:24:34.643302+00:00,2026-09-30,21,DEL,HYD,DEL,HYD,DEL-HYD,6E,IndiGo,,ECONOMY,,,1,265,6:20 PM,6:20 PM,,,,,,7962.0,INR,google_flights,https://www.google.com/travel/flights?q=Flights+to+HYD+from+DEL+on+2026-09-30,html_fetch:fast-flights,DEL-HYD_apw21_20260909T122434Z_1587c2020c44.html.gz,1587c2020c440af9a21e5316fc03581cdb7d724918cfa65d2b5ccecbac57f900,DEL-HYD|2026-09-30|21|20260909T122434Z,e8fe435a859076322a7d878897f794aaa3889d8e9f1bdbf864a22c7269c6a01e,NORMALIZED,PENDING,"[""fare_components_unavailable_from_source""]",H21,CANDIDATE,TOTAL_ONLY,2026-09-09 12:24:34.643302+00:00
50c8ba73-8007-45f7-a590-490262126d6a,2026-09-09T12:24:34.643302+00:00,2026-09-30,21,DEL,HYD,DEL,HYD,DEL-HYD,AI,Air India,,ECONOMY,,,0,140,10:00 PM,10:00 PM,,,,,,8711.0,INR,google_flights,https://www.google.com/travel/flights?q=Flights+to+HYD+from+DEL+on+2026-09-30,html_fetch:fast-flights,DEL-HYD_apw21_20260909T122434Z_1587c2020c44.html.gz,1587c2020c440af9a21e5316fc03581cdb7d724918cfa65d2b5ccecbac57f900,DEL-HYD|2026-09-30|21|20260909T122434Z,a97284af76cd45f2c62fc1491ae6829f98b5dc784ad1536cfa5477ff09b810f1,NORMALIZED,PENDING,"[""fare_components_unavailable_from_source""]",H21,CANDIDATE,TOTAL_ONLY,2026-09-09 12:24:34.643302+00:00
a119e00c-2c0c-4a6a-9bf8-8087b0ead538,2026-09-09T12:24:34.643302+00:00,2026-09-30,21,DEL,HYD,DEL,HYD,DEL-HYD,AI,Air India,,ECONOMY,,,0,140,11:00 PM,11:00 PM,,,,,,8711.0,INR,google_flights,https://www.google.com/travel/flights?q=Flights+to+HYD+from+DEL+on+2026-09-30,html_fetch:fast-flights,DEL-HYD_apw21_20260909T122434Z_1587c2020c44.html.gz,1587c2020c440af9a21e5316fc03581cdb7d724918cfa65d2b5ccecbac57f900,DEL-HYD|2026-09-30|21|20260909T122434Z,1c1e9c81a7ceab1aa95b759e1fc4cae216c47f32a0fb746c21d03f872884e7fa,NORMALIZED,PENDING,"[""fare_components_unavailable_from_source""]",H21,CANDIDATE,TOTAL_ONLY,2026-09-09 12:24:34.643302+00:00
0e611c73-ef08-47d4-98ff-213cb5d5374d,2026-09-09T12:24:34.643302+00:00,2026-09-30,21,DEL,HYD,DEL,HYD,DEL-HYD,6E,IndiGo,,ECONOMY,,,0,135,1:30 PM,1:30 PM,,,,,,8825.0,INR,google_flights,https://www.google.com/travel/flights?q=Flights+to+HYD+from+DEL+on+2026-09-30,html_fetch:fast-flights,DEL-HYD_apw21_20260909T122434Z_1587c2020c44.html.gz,1587c2020c440af9a21e5316fc03581cdb7d724918cfa65d2b5ccecbac57f900,DEL-HYD|2026-09-30|21|20260909T122434Z,e07381008a57f37447d5843d8078920344f2285edb7f2fa41a9c3e0a738f5be3,NORMALIZED,PENDING,"[""fare_components_unavailable_from_source""]",H21,CANDIDATE,TOTAL_ONLY,2026-09-09 12:24:34.643302+00:00
051a169e-f067-40ac-9c38-c26849890afb,2026-09-09T12:24:34.643302+00:00,2026-09-30,21,DEL,HYD,DEL,HYD,DEL-HYD,6E,IndiGo,,ECONOMY,,,0,140,2:45 PM,2:45 PM,,,,,,8825.0,INR,google_flights,https://www.google.com/travel/flights?q=Flights+to+HYD+from+DEL+on+2026-09-30,html_fetch:fast-flights,DEL-HYD_apw21_20260909T122434Z_1587c2020c44.html.gz,1587c2020c440af9a21e5316fc03581cdb7d724918cfa65d2b5ccecbac57f900,DEL-HYD|2026-09-30|21|20260909T122434Z,24ce7872d5c3ddc3cc0a37ac22d4877861bf20d7c78da3cd11d63c74b0163672,NORMALIZED,PENDING,"[""fare_components_unavailable_from_source""]",H21,CANDIDATE,TOTAL_ONLY,2026-09-09 12:24:34.643302+00:00
db42dac1-857d-48e5-a1b7-c65be946f4f6,2026-09-09T12:24:34.643302+00:00,2026-09-30,21,DEL,HYD,DEL,HYD,DEL-HYD,6E,IndiGo,,ECONOMY,,,0,135,4:15 PM,4:15 PM,,,,,,8825.0,INR,google_flights,https://www.google.com/travel/flights?q=Flights+to+HYD+from+DEL+on+2026-09-30,html_fetch:fast-flights,DEL-HYD_apw21_20260909T122434Z_1587c2020c44.html.gz,1587c2020c440af9a21e5316fc03581cdb7d724918cfa65d2b5ccecbac57f900,DEL-HYD|2026-09-30|21|20260909T122434Z,66fe8217105ce099835157b839dd32419195b526b630d378391790d91c4edf06,NORMALIZED,PENDING,"[""fare_components_unavailable_from_source""]",H21,CANDIDATE,TOTAL_ONLY,2026-09-09 12:24:34.643302+00:00
76b12ba5-ff35-4934-995f-3d4c6b99a67a,2026-09-09T12:24:34.643302+00:00,2026-09-30,21,DEL,HYD,DEL,HYD,DEL-HYD,6E,IndiGo,,ECONOMY,,,0,140,5:55 PM,5:55 PM,,,,,,8825.0,INR,google_flights,https://www.google.com/travel/flights?q=Flights+to+HYD+from+DEL+on+2026-09-30,html_fetch:fast-flights,DEL-HYD_apw21_20260909T122434Z_1587c2020c44.html.gz,1587c2020c440af9a21e5316fc03581cdb7d724918cfa65d2b5ccecbac57f900,DEL-HYD|2026-09-30|21|20260909T122434Z,b8acdc587ead50e9c5af2b29a4cbcc46a11619d14b2f97df7d7b0fca38383c7b,NORMALIZED,PENDING,"[""fare_components_unavailable_from_source""]",H21,CANDIDATE,TOTAL_ONLY,2026-09-09 12:24:34.643302+00:00
07594021-476b-4d1f-adf2-c3f92133e013,2026-09-09T12:24:34.643302+00:00,2026-09-30,21,DEL,HYD,DEL,HYD,DEL-HYD,6E,IndiGo,,ECONOMY,,,0,140,7:45 PM,7:45 PM,,,,,,8825.0,INR,google_flights,https://www.google.com/travel/flights?q=Flights+to+HYD+from+DEL+on+2026-09-30,html_fetch:fast-flights,DEL-HYD_apw21_20260909T122434Z_1587c2020c44.html.gz,1587c2020c440af9a21e5316fc03581cdb7d724918cfa65d2b5ccecbac57f900,DEL-HYD|2026-09-30|21|20260909T122434Z,f8de57bc94098b198d873277c316d9180de99dc3b6ab29c7e364b06d0d39506c,NORMALIZED,PENDING,"[""fare_components_unavailable_from_source""]",H21,CANDIDATE,TOTAL_ONLY,2026-09-09 12:24:34.643302+00:00
99960376-98da-454f-8223-a13c821d165b,2026-09-09T12:24:34.643302+00:00,2026-09-30,21,DEL,HYD,DEL,HYD,DEL-HYD,6E,IndiGo,,ECONOMY,,,0,135,9:00 PM,9:00 PM,,,,,,8825.0,INR,google_flights,https://www.google.com/travel/flights?q=Flights+to+HYD+from+DEL+on+2026-09-30,html_fetch:fast-flights,DEL-HYD_apw21_20260909T122434Z_1587c2020c44.html.gz,1587c2020c440af9a21e5316fc03581cdb7d724918cfa65d2b5ccecbac57f900,DEL-HYD|2026-09-30|21|20260909T122434Z,0f73548d8e709dd6f64d698947f7d4e17503e029c14bed3c5364f8c72c1dab7b,NORMALIZED,PENDING,"[""fare_components_unavailable_from_source""]",H21,CANDIDATE,TOTAL_ONLY,2026-09-09 12:24:34.643302+00:00
9147a69d-f2ca-4953-a2dd-de7f08d52ea4,2026-09-09T12:24:34.643302+00:00,2026-09-30,21,DEL,HYD,DEL,HYD,DEL-HYD,6E,IndiGo,,ECONOMY,,,0,135,11:15 PM,11:15 PM,,,,,,8825.0,INR,google_flights,https://www.google.com/travel/flights?q=Flights+to+HYD+from+DEL+on+2026-09-30,html_fetch:fast-flights,DEL-HYD_apw21_20260909T122434Z_1587c2020c44.html.gz,1587c2020c440af9a21e5316fc03581cdb7d724918cfa65d2b5ccecbac57f900,DEL-HYD|2026-09-30|21|20260909T122434Z,d01b65dec851760dd4751f6112a1b7b111f7fd1e29e4a3b75043f7500b5829a4,NORMALIZED,PENDING,"[""fare_components_unavailable_from_source""]",H21,CANDIDATE,TOTAL_ONLY,2026-09-09 12:24:34.643302+00:00
d63935c2-b14f-49e8-8a59-53645617727a,2026-09-09T12:24:34.643302+00:00,2026-09-30,21,DEL,HYD,DEL,HYD,DEL-HYD,AI,Air India,,ECONOMY,,,0,135,12:30 PM,12:30 PM,,,,,,8984.0,INR,google_flights,https://www.google.com/travel/flights?q=Flights+to+HYD+from+DEL+on+2026-09-30,html_fetch:fast-flights,DEL-HYD_apw21_20260909T122434Z_1587c2020c44.html.gz,1587c2020c440af9a21e5316fc03581cdb7d724918cfa65d2b5ccecbac57f900,DEL-HYD|2026-09-30|21|20260909T122434Z,12c62b086928f284b929636ea683c240e09bd8dd2de8fa5d2c9eb4527fc0e4b6,NORMALIZED,PENDING,"[""fare_components_unavailable_from_source""]",H21,CANDIDATE,TOTAL_ONLY,2026-09-09 12:24:34.643302+00:00
207e6b69-7f87-4972-9a6f-2aaa6c81ac1c,2026-09-09T12:24:34.643302+00:00,2026-09-30,21,DEL,HYD,DEL,HYD,DEL-HYD,AI,Air India,,ECONOMY,,,0,140,3:30 PM,3:30 PM,,,,,,8984.0,INR,google_flights,https://www.google.com/travel/flights?q=Flights+to+HYD+from+DEL+on+2026-09-30,html_fetch:fast-flights,DEL-HYD_apw21_20260909T122434Z_1587c2020c44.html.gz,1587c2020c440af9a21e5316fc03581cdb7d724918cfa65d2b5ccecbac57f900,DEL-HYD|2026-09-30|21|20260909T122434Z,ed045de55b8266455a2e376b8d77074d7232e90077e4f82ba175aaa34a776038,NORMALIZED,PENDING,"[""fare_components_unavailable_from_source""]",H21,CANDIDATE,TOTAL_ONLY,2026-09-09 12:24:34.643302+00:00
9121d2b2-b931-4da2-8dfb-065602e531b5,2026-09-09T12:24:34.643302+00:00,2026-09-30,21,DEL,HYD,DEL,HYD,DEL-HYD,AI,Air India,,ECONOMY,,,0,140,6:00 PM,6:00 PM,,,,,,8984.0,INR,google_flights,https://www.google.com/travel/flights?q=Flights+to+HYD+from+DEL+on+2026-09-30,html_fetch:fast-flights,DEL-HYD_apw21_20260909T122434Z_1587c2020c44.html.gz,1587c2020c440af9a21e5316fc03581cdb7d724918cfa65d2b5ccecbac57f900,DEL-HYD|2026-09-30|21|20260909T122434Z,13a88f4058caed8ff2f331784a247f032bb1ed6e8ad3d744511bba8640dc1c44,NORMALIZED,PENDING,"[""fare_components_unavailable_from_source""]",H21,CANDIDATE,TOTAL_ONLY,2026-09-09 12:24:34.643302+00:00
9aaff69b-5061-4559-9d0c-d0499f229438,2026-09-09T12:24:34.643302+00:00,2026-09-30,21,DEL,HYD,DEL,HYD,DEL-HYD,AI,Air India,,ECONOMY,,,0,140,7:30 PM,7:30 PM,,,,,,8984.0,INR,google_flights,https://www.google.com/travel/flights?q=Flights+to+HYD+from+DEL+on+2026-09-30,html_fetch:fast-flights,DEL-HYD_apw21_20260909T122434Z_1587c2020c44.html.gz,1587c2020c440af9a21e5316fc03581cdb7d724918cfa65d2b5ccecbac57f900,DEL-HYD|2026-09-30|21|20260909T122434Z,296849515a66928968a0ab486c883aeb237b903ea8730d06c9bbd73e6f6f5fd6,NORMALIZED,PENDING,"[""fare_components_unavailable_from_source""]",H21,CANDIDATE,TOTAL_ONLY,2026-09-09 12:24:34.643302+00:00
3b37646f-1df1-436d-8146-d4a4843d7bea,2026-09-09T12:24:34.643302+00:00,2026-09-30,21,DEL,HYD,DEL,HYD,DEL-HYD,AI,Air India,,ECONOMY,,,0,140,8:30 PM,8:30 PM,,,,,,8984.0,INR,google_flights,https://www.google.com/travel/flights?q=Flights+to+HYD+from+DEL+on+2026-09-30,html_fetch:fast-flights,DEL-HYD_apw21_20260909T122434Z_1587c2020c44.html.gz,1587c2020c440af9a21e5316fc03581cdb7d724918cfa65d2b5ccecbac57f900,DEL-HYD|2026-09-30|21|20260909T122434Z,3e7ca21da008e08b9af0270b59fd41b54c6f1431a48557ee3f9f519bedcb0374,NORMALIZED,PENDING,"[""fare_components_unavailable_from_source""]",H21,CANDIDATE,TOTAL_ONLY,2026-09-09 12:24:34.643302+00:00
233a0b10-7cb3-4d8e-9f0e-0db937a2a98a,2026-09-09T12:24:34.643302+00:00,2026-09-30,21,DEL,HYD,DEL,HYD,DEL-HYD,AI,Air India,,ECONOMY,,,0,130,2:30 PM,2:30 PM,,,,,,9782.0,INR,google_flights,https://www.google.com/travel/flights?q=Flights+to+HYD+from+DEL+on+2026-09-30,html_fetch:fast-flights,DEL-HYD_apw21_20260909T122434Z_1587c2020c44.html.gz,1587c2020c440af9a21e5316fc03581cdb7d724918cfa65d2b5ccecbac57f900,DEL-HYD|2026-09-30|21|20260909T122434Z,df1bd83d36a62cebfc919fa9ff7640fe1fc54c5aebb7f1159837d6f310797b04,NORMALIZED,PENDING,"[""fare_components_unavailable_from_source""]",H21,CANDIDATE,TOTAL_ONLY,2026-09-09 12:24:34.643302+00:00
57230914-24db-40bb-9b83-9598eec5ca7c,2026-09-09T12:24:34.643302+00:00,2026-09-30,21,DEL,HYD,DEL,HYD,DEL-HYD,6E,IndiGo,,ECONOMY,,,0,130,7:10 AM,7:10 AM,,,,,,9807.0,INR,google_flights,https://www.google.com/travel/flights?q=Flights+to+HYD+from+DEL+on+2026-09-30,html_fetch:fast-flights,DEL-HYD_apw21_20260909T122434Z_1587c2020c44.html.gz,1587c2020c440af9a21e5316fc03581cdb7d724918cfa65d2b5ccecbac57f900,DEL-HYD|2026-09-30|21|20260909T122434Z,7119c523ac1174ec33ac46459db73f5801b06fbdbcef9b824332f7cd9a0461d5,NORMALIZED,PENDING,"[""fare_components_unavailable_from_source""]",H21,CANDIDATE,TOTAL_ONLY,2026-09-09 12:24:34.643302+00:00
fdd3e499-ec6a-475d-8dab-aa84301577ec,2026-09-09T12:24:34.643302+00:00,2026-09-30,21,DEL,HYD,DEL,HYD,DEL-HYD,6E,IndiGo,,ECONOMY,,,0,145,9:55 AM,9:55 AM,,,,,,9807.0,INR,google_flights,https://www.google.com/travel/flights?q=Flights+to+HYD+from+DEL+on+2026-09-30,html_fetch:fast-flights,DEL-HYD_apw21_20260909T122434Z_1587c2020c44.html.gz,1587c2020c440af9a21e5316fc03581cdb7d724918cfa65d2b5ccecbac57f900,DEL-HYD|2026-09-30|21|20260909T122434Z,2fb4f0977c7b9b9c920f67ad5840f12fddb6dec334141860d72246845f0d50a8,NORMALIZED,PENDING,"[""fare_components_unavailable_from_source""]",H21,CANDIDATE,TOTAL_ONLY,2026-09-09 12:24:34.643302+00:00
bf6598e4-cc19-4c14-9620-4d66a1916461,2026-09-09T12:24:34.643302+00:00,2026-09-30,21,DEL,HYD,DEL,HYD,DEL-HYD,AI,Air India,,ECONOMY,,,0,140,9:40 AM,9:40 AM,,,,,,9966.0,INR,google_flights,https://www.google.com/travel/flights?q=Flights+to+HYD+from+DEL+on+2026-09-30,html_fetch:fast-flights,DEL-HYD_apw21_20260909T122434Z_1587c2020c44.html.gz,1587c2020c440af9a21e5316fc03581cdb7d724918cfa65d2b5ccecbac57f900,DEL-HYD|2026-09-30|21|20260909T122434Z,332a1fbfdfa0c6a6f8d0d77992e1e588cf8df15b87b0db5abcfa91de7f6e5497,NORMALIZED,PENDING,"[""fare_components_unavailable_from_source""]",H21,CANDIDATE,TOTAL_ONLY,2026-09-09 12:24:34.643302+00:00
f3cca571-e91f-4eba-a37d-b89cefc3abd1,2026-09-09T12:24:34.643302+00:00,2026-09-30,21,DEL,HYD,DEL,HYD,DEL-HYD,AI,Air India,,ECONOMY,,,0,140,10:30 AM,10:30 AM,,,,,,9966.0,INR,google_flights,https://www.google.com/travel/flights?q=Flights+to+HYD+from+DEL+on+2026-09-30,html_fetch:fast-flights,DEL-HYD_apw21_20260909T122434Z_1587c2020c44.html.gz,1587c2020c440af9a21e5316fc03581cdb7d724918cfa65d2b5ccecbac57f900,DEL-HYD|2026-09-30|21|20260909T122434Z,dbf48dfb19c3543b543ce525c3d3b85cbcf977c7fc774b2098ca549537fc98f2,NORMALIZED,PENDING,"[""fare_components_unavailable_from_source""]",H21,CANDIDATE,TOTAL_ONLY,2026-09-09 12:24:34.643302+00:00
47ef8086-45b3-472e-8a2a-3bc3f439c438,2026-09-09T12:24:34.643302+00:00,2026-09-30,21,DEL,HYD,DEL,HYD,DEL-HYD,AI,Air India,,ECONOMY,,,0,140,6:00 AM,6:00 AM,,,,,,9971.0,INR,google_flights,https://www.google.com/travel/flights?q=Flights+to+HYD+from+DEL+on+2026-09-30,html_fetch:fast-flights,DEL-HYD_apw21_20260909T122434Z_1587c2020c44.html.gz,1587c2020c440af9a21e5316fc03581cdb7d724918cfa65d2b5ccecbac57f900,DEL-HYD|2026-09-30|21|20260909T122434Z,d6aa1d226a1de0a874e361f3a5d08b045146ec93f082b08553c34e6610b22000,NORMALIZED,PENDING,"[""fare_components_unavailable_from_source""]",H21,CANDIDATE,TOTAL_ONLY,2026-09-09 12:24:34.643302+00:00
2fe99c0e-db94-458f-a691-de2b67a258d7,2026-09-09T12:24:34.643302+00:00,2026-09-30,21,DEL,HYD,DEL,HYD,DEL-HYD,6E,IndiGo,,ECONOMY,,,0,135,8:30 AM,8:30 AM,,,,,,10346.0,INR,google_flights,https://www.google.com/travel/flights?q=Flights+to+HYD+from+DEL+on+2026-09-30,html_fetch:fast-flights,DEL-HYD_apw21_20260909T122434Z_1587c2020c44.html.gz,1587c2020c440af9a21e5316fc03581cdb7d724918cfa65d2b5ccecbac57f900,DEL-HYD|2026-09-30|21|20260909T122434Z,f3c841ff6a6d80044ef1209f3d64f5b3ec91aa48f16057972168b8f6fe702f46,NORMALIZED,PENDING,"[""fare_components_unavailable_from_source""]",H21,CANDIDATE,TOTAL_ONLY,2026-09-09 12:24:34.643302+00:00
